ISO-10303-21;
HEADER;
/* Generated by software containing ST-Developer
 * from STEP Tools, Inc. (www.steptools.com) 
 */

FILE_DESCRIPTION(
/* description */ (''),
/* implementation_level */ '2;1');

FILE_NAME(
/* name */ 'MicroSD Reader Assembly.step',
/* time_stamp */ '2025-12-26T16:55:49-03:00',
/* author */ (''),
/* organization */ (''),
/* preprocessor_version */ 'ST-DEVELOPER v20.1',
/* originating_system */ 'Autodesk Translation Framework v14.21.0.0',
/* authorisation */ '');

FILE_SCHEMA (('AUTOMOTIVE_DESIGN { 1 0 10303 214 3 1 1 }'));
ENDSEC;

DATA;
#10=MECHANICAL_DESIGN_GEOMETRIC_PRESENTATION_REPRESENTATION('',(#353,#354,
#355,#356,#357,#358,#359,#360,#361,#362,#363,#364,#365,#366,#367,#368,#369,
#370,#371,#372,#373,#374,#375,#376,#377,#378,#379,#380,#381,#382,#383,#384,
#385,#386,#387,#388,#389,#390,#391,#392,#393,#394,#395,#396,#397,#398,#399,
#400,#401,#402,#403,#404,#405,#406,#407,#408,#409,#410,#411,#412,#413,#414,
#415,#416,#417,#418,#419,#420,#421,#422,#423,#424,#425,#426,#427,#428,#429,
#430,#431,#432,#433,#434,#435,#436,#437,#438,#439),#15022);
#11=ITEM_DEFINED_TRANSFORMATION($,$,#8558,#8992);
#12=ITEM_DEFINED_TRANSFORMATION($,$,#8797,#8993);
#13=ITEM_DEFINED_TRANSFORMATION($,$,#8920,#8994);
#14=(
REPRESENTATION_RELATIONSHIP($,$,#15039,#15038)
REPRESENTATION_RELATIONSHIP_WITH_TRANSFORMATION(#11)
SHAPE_REPRESENTATION_RELATIONSHIP()
);
#15=(
REPRESENTATION_RELATIONSHIP($,$,#15040,#15038)
REPRESENTATION_RELATIONSHIP_WITH_TRANSFORMATION(#12)
SHAPE_REPRESENTATION_RELATIONSHIP()
);
#16=(
REPRESENTATION_RELATIONSHIP($,$,#15041,#15038)
REPRESENTATION_RELATIONSHIP_WITH_TRANSFORMATION(#13)
SHAPE_REPRESENTATION_RELATIONSHIP()
);
#17=CONTEXT_DEPENDENT_SHAPE_REPRESENTATION(#14,#15035);
#18=CONTEXT_DEPENDENT_SHAPE_REPRESENTATION(#15,#15036);
#19=CONTEXT_DEPENDENT_SHAPE_REPRESENTATION(#16,#15037);
#20=NEXT_ASSEMBLY_USAGE_OCCURRENCE('sdreader:1','sdreader:1',
'sdreader:1',#15043,#15044,'sdreader:1');
#21=NEXT_ASSEMBLY_USAGE_OCCURRENCE('AMS1117:1','AMS1117:1','AMS1117:1',
#15043,#15045,'AMS1117:1');
#22=NEXT_ASSEMBLY_USAGE_OCCURRENCE('card sd:1','card sd:1','card sd:1',
#15043,#15046,'card sd:1');
#23=CONICAL_SURFACE('',#8991,15.325,0.785398163397453);
#24=SHAPE_REPRESENTATION_RELATIONSHIP('SRR','None',#15039,#27);
#25=SHAPE_REPRESENTATION_RELATIONSHIP('SRR','None',#15040,#28);
#26=SHAPE_REPRESENTATION_RELATIONSHIP('SRR','None',#15041,#29);
#27=ADVANCED_BREP_SHAPE_REPRESENTATION('',(#293,#294,#295),#15019);
#28=ADVANCED_BREP_SHAPE_REPRESENTATION('',(#296),#15020);
#29=ADVANCED_BREP_SHAPE_REPRESENTATION('',(#297),#15021);
#30=TOROIDAL_SURFACE('',#8740,0.2,0.1);
#31=ELLIPSE('',#8737,0.14142135623731,0.1);
#32=ELLIPSE('',#8891,0.282842712474619,0.2);
#33=ELLIPSE('',#8892,0.282842712474619,0.2);
#34=ELLIPSE('',#8894,0.282842712474619,0.2);
#35=ELLIPSE('',#8896,0.282842712474619,0.2);
#36=ELLIPSE('',#8899,0.282842712474619,0.2);
#37=ELLIPSE('',#8900,0.282842712474619,0.2);
#38=ELLIPSE('',#8902,0.282842712474619,0.2);
#39=ELLIPSE('',#8904,0.282842712474619,0.2);
#40=ELLIPSE('',#8931,0.848528137423856,0.599999999999999);
#41=ELLIPSE('',#8934,0.848528137423857,0.6);
#42=B_SPLINE_CURVE_WITH_KNOTS('',2,(#11153,#11154,#11155,#11156),
 .UNSPECIFIED.,.F.,.F.,(3,1,3),(0.,1.,2.),.UNSPECIFIED.);
#43=B_SPLINE_CURVE_WITH_KNOTS('',2,(#11159,#11160,#11161,#11162),
 .UNSPECIFIED.,.F.,.F.,(3,1,3),(0.,1.,2.),.UNSPECIFIED.);
#44=B_SPLINE_CURVE_WITH_KNOTS('',2,(#11172,#11173,#11174,#11175),
 .UNSPECIFIED.,.F.,.F.,(3,1,3),(0.,1.,2.),.UNSPECIFIED.);
#45=B_SPLINE_CURVE_WITH_KNOTS('',2,(#11178,#11179,#11180,#11181),
 .UNSPECIFIED.,.F.,.F.,(3,1,3),(0.,1.,2.),.UNSPECIFIED.);
#46=B_SPLINE_CURVE_WITH_KNOTS('',2,(#11191,#11192,#11193,#11194),
 .UNSPECIFIED.,.F.,.F.,(3,1,3),(0.,1.,2.),.UNSPECIFIED.);
#47=B_SPLINE_CURVE_WITH_KNOTS('',2,(#11197,#11198,#11199,#11200),
 .UNSPECIFIED.,.F.,.F.,(3,1,3),(0.,1.,2.),.UNSPECIFIED.);
#48=B_SPLINE_CURVE_WITH_KNOTS('',2,(#11210,#11211,#11212,#11213),
 .UNSPECIFIED.,.F.,.F.,(3,1,3),(0.,1.,2.),.UNSPECIFIED.);
#49=B_SPLINE_CURVE_WITH_KNOTS('',2,(#11216,#11217,#11218,#11219),
 .UNSPECIFIED.,.F.,.F.,(3,1,3),(0.,1.,2.),.UNSPECIFIED.);
#50=B_SPLINE_CURVE_WITH_KNOTS('',2,(#11241,#11242,#11243,#11244),
 .UNSPECIFIED.,.F.,.F.,(3,1,3),(0.,1.,2.),.UNSPECIFIED.);
#51=B_SPLINE_CURVE_WITH_KNOTS('',2,(#11247,#11248,#11249,#11250),
 .UNSPECIFIED.,.F.,.F.,(3,1,3),(0.,1.,2.),.UNSPECIFIED.);
#52=B_SPLINE_CURVE_WITH_KNOTS('',2,(#11260,#11261,#11262,#11263),
 .UNSPECIFIED.,.F.,.F.,(3,1,3),(0.,1.,2.),.UNSPECIFIED.);
#53=B_SPLINE_CURVE_WITH_KNOTS('',2,(#11266,#11267,#11268,#11269),
 .UNSPECIFIED.,.F.,.F.,(3,1,3),(0.,1.,2.),.UNSPECIFIED.);
#54=B_SPLINE_CURVE_WITH_KNOTS('',2,(#11279,#11280,#11281,#11282),
 .UNSPECIFIED.,.F.,.F.,(3,1,3),(0.,1.,2.),.UNSPECIFIED.);
#55=B_SPLINE_CURVE_WITH_KNOTS('',2,(#11285,#11286,#11287,#11288),
 .UNSPECIFIED.,.F.,.F.,(3,1,3),(0.,1.,2.),.UNSPECIFIED.);
#56=B_SPLINE_CURVE_WITH_KNOTS('',2,(#11298,#11299,#11300,#11301),
 .UNSPECIFIED.,.F.,.F.,(3,1,3),(0.,1.,2.),.UNSPECIFIED.);
#57=B_SPLINE_CURVE_WITH_KNOTS('',2,(#11304,#11305,#11306,#11307),
 .UNSPECIFIED.,.F.,.F.,(3,1,3),(0.,1.,2.),.UNSPECIFIED.);
#58=B_SPLINE_CURVE_WITH_KNOTS('',2,(#11317,#11318,#11319,#11320),
 .UNSPECIFIED.,.F.,.F.,(3,1,3),(0.,1.,2.),.UNSPECIFIED.);
#59=B_SPLINE_CURVE_WITH_KNOTS('',2,(#11323,#11324,#11325,#11326),
 .UNSPECIFIED.,.F.,.F.,(3,1,3),(0.,1.,2.),.UNSPECIFIED.);
#60=B_SPLINE_CURVE_WITH_KNOTS('',2,(#11347,#11348,#11349,#11350),
 .UNSPECIFIED.,.F.,.F.,(3,1,3),(0.,1.,2.),.UNSPECIFIED.);
#61=B_SPLINE_CURVE_WITH_KNOTS('',2,(#11354,#11355,#11356,#11357),
 .UNSPECIFIED.,.F.,.F.,(3,1,3),(0.,1.,2.),.UNSPECIFIED.);
#62=B_SPLINE_CURVE_WITH_KNOTS('',2,(#11368,#11369,#11370,#11371),
 .UNSPECIFIED.,.F.,.F.,(3,1,3),(0.,1.,2.),.UNSPECIFIED.);
#63=B_SPLINE_CURVE_WITH_KNOTS('',2,(#11374,#11375,#11376,#11377),
 .UNSPECIFIED.,.F.,.F.,(3,1,3),(0.,1.,2.),.UNSPECIFIED.);
#64=B_SPLINE_CURVE_WITH_KNOTS('',2,(#11399,#11400,#11401,#11402),
 .UNSPECIFIED.,.F.,.F.,(3,1,3),(0.,1.,2.),.UNSPECIFIED.);
#65=B_SPLINE_CURVE_WITH_KNOTS('',2,(#11405,#11406,#11407,#11408),
 .UNSPECIFIED.,.F.,.F.,(3,1,3),(0.,1.,2.),.UNSPECIFIED.);
#66=B_SPLINE_CURVE_WITH_KNOTS('',2,(#11418,#11419,#11420,#11421),
 .UNSPECIFIED.,.F.,.F.,(3,1,3),(0.,1.,2.),.UNSPECIFIED.);
#67=B_SPLINE_CURVE_WITH_KNOTS('',2,(#11424,#11425,#11426,#11427),
 .UNSPECIFIED.,.F.,.F.,(3,1,3),(0.,1.,2.),.UNSPECIFIED.);
#68=B_SPLINE_CURVE_WITH_KNOTS('',2,(#11437,#11438,#11439,#11440),
 .UNSPECIFIED.,.F.,.F.,(3,1,3),(0.,1.,2.),.UNSPECIFIED.);
#69=B_SPLINE_CURVE_WITH_KNOTS('',2,(#11443,#11444,#11445,#11446),
 .UNSPECIFIED.,.F.,.F.,(3,1,3),(0.,1.,2.),.UNSPECIFIED.);
#70=B_SPLINE_CURVE_WITH_KNOTS('',2,(#11456,#11457,#11458,#11459),
 .UNSPECIFIED.,.F.,.F.,(3,1,3),(0.,1.,2.),.UNSPECIFIED.);
#71=B_SPLINE_CURVE_WITH_KNOTS('',2,(#11462,#11463,#11464,#11465),
 .UNSPECIFIED.,.F.,.F.,(3,1,3),(0.,1.,2.),.UNSPECIFIED.);
#72=B_SPLINE_CURVE_WITH_KNOTS('',2,(#11475,#11476,#11477,#11478),
 .UNSPECIFIED.,.F.,.F.,(3,1,3),(0.,1.,2.),.UNSPECIFIED.);
#73=B_SPLINE_CURVE_WITH_KNOTS('',2,(#11481,#11482,#11483,#11484),
 .UNSPECIFIED.,.F.,.F.,(3,1,3),(0.,1.,2.),.UNSPECIFIED.);
#74=B_SPLINE_CURVE_WITH_KNOTS('',2,(#11494,#11495,#11496,#11497),
 .UNSPECIFIED.,.F.,.F.,(3,1,3),(0.,1.,2.),.UNSPECIFIED.);
#75=B_SPLINE_CURVE_WITH_KNOTS('',2,(#11500,#11501,#11502,#11503),
 .UNSPECIFIED.,.F.,.F.,(3,1,3),(0.,1.,2.),.UNSPECIFIED.);
#76=B_SPLINE_CURVE_WITH_KNOTS('',2,(#11513,#11514,#11515,#11516),
 .UNSPECIFIED.,.F.,.F.,(3,1,3),(0.,1.,2.),.UNSPECIFIED.);
#77=B_SPLINE_CURVE_WITH_KNOTS('',2,(#11519,#11520,#11521,#11522),
 .UNSPECIFIED.,.F.,.F.,(3,1,3),(0.,1.,2.),.UNSPECIFIED.);
#78=B_SPLINE_CURVE_WITH_KNOTS('',2,(#11532,#11533,#11534,#11535),
 .UNSPECIFIED.,.F.,.F.,(3,1,3),(0.,1.,2.),.UNSPECIFIED.);
#79=B_SPLINE_CURVE_WITH_KNOTS('',2,(#11538,#11539,#11540,#11541),
 .UNSPECIFIED.,.F.,.F.,(3,1,3),(0.,1.,2.),.UNSPECIFIED.);
#80=B_SPLINE_CURVE_WITH_KNOTS('',2,(#11563,#11564,#11565,#11566),
 .UNSPECIFIED.,.F.,.F.,(3,1,3),(0.,1.,2.),.UNSPECIFIED.);
#81=B_SPLINE_CURVE_WITH_KNOTS('',2,(#11569,#11570,#11571,#11572),
 .UNSPECIFIED.,.F.,.F.,(3,1,3),(0.,1.,2.),.UNSPECIFIED.);
#82=B_SPLINE_CURVE_WITH_KNOTS('',2,(#11582,#11583,#11584,#11585),
 .UNSPECIFIED.,.F.,.F.,(3,1,3),(0.,1.,2.),.UNSPECIFIED.);
#83=B_SPLINE_CURVE_WITH_KNOTS('',2,(#11588,#11589,#11590,#11591),
 .UNSPECIFIED.,.F.,.F.,(3,1,3),(0.,1.,2.),.UNSPECIFIED.);
#84=B_SPLINE_CURVE_WITH_KNOTS('',2,(#11601,#11602,#11603,#11604),
 .UNSPECIFIED.,.F.,.F.,(3,1,3),(0.,1.,2.),.UNSPECIFIED.);
#85=B_SPLINE_CURVE_WITH_KNOTS('',2,(#11607,#11608,#11609,#11610),
 .UNSPECIFIED.,.F.,.F.,(3,1,3),(0.,1.,2.),.UNSPECIFIED.);
#86=B_SPLINE_CURVE_WITH_KNOTS('',2,(#11619,#11620,#11621,#11622),
 .UNSPECIFIED.,.F.,.F.,(3,1,3),(0.,1.,2.),.UNSPECIFIED.);
#87=B_SPLINE_CURVE_WITH_KNOTS('',2,(#11623,#11624,#11625,#11626),
 .UNSPECIFIED.,.F.,.F.,(3,1,3),(0.,1.,2.),.UNSPECIFIED.);
#88=B_SPLINE_CURVE_WITH_KNOTS('',2,(#11751,#11752,#11753,#11754),
 .UNSPECIFIED.,.F.,.F.,(3,1,3),(0.,1.,2.),.UNSPECIFIED.);
#89=B_SPLINE_CURVE_WITH_KNOTS('',2,(#11757,#11758,#11759,#11760),
 .UNSPECIFIED.,.F.,.F.,(3,1,3),(0.,1.,2.),.UNSPECIFIED.);
#90=B_SPLINE_CURVE_WITH_KNOTS('',2,(#11770,#11771,#11772,#11773),
 .UNSPECIFIED.,.F.,.F.,(3,1,3),(0.,1.,2.),.UNSPECIFIED.);
#91=B_SPLINE_CURVE_WITH_KNOTS('',2,(#11776,#11777,#11778,#11779),
 .UNSPECIFIED.,.F.,.F.,(3,1,3),(0.,1.,2.),.UNSPECIFIED.);
#92=B_SPLINE_CURVE_WITH_KNOTS('',2,(#11824,#11825,#11826,#11827),
 .UNSPECIFIED.,.F.,.F.,(3,1,3),(0.,1.,2.),.UNSPECIFIED.);
#93=B_SPLINE_CURVE_WITH_KNOTS('',2,(#11831,#11832,#11833,#11834),
 .UNSPECIFIED.,.F.,.F.,(3,1,3),(0.,1.,2.),.UNSPECIFIED.);
#94=B_SPLINE_CURVE_WITH_KNOTS('',2,(#11845,#11846,#11847,#11848),
 .UNSPECIFIED.,.F.,.F.,(3,1,3),(0.,1.,2.),.UNSPECIFIED.);
#95=B_SPLINE_CURVE_WITH_KNOTS('',2,(#11851,#11852,#11853,#11854),
 .UNSPECIFIED.,.F.,.F.,(3,1,3),(0.,1.,2.),.UNSPECIFIED.);
#96=B_SPLINE_CURVE_WITH_KNOTS('',2,(#11864,#11865,#11866,#11867),
 .UNSPECIFIED.,.F.,.F.,(3,1,3),(0.,1.,2.),.UNSPECIFIED.);
#97=B_SPLINE_CURVE_WITH_KNOTS('',2,(#11870,#11871,#11872,#11873),
 .UNSPECIFIED.,.F.,.F.,(3,1,3),(0.,1.,2.),.UNSPECIFIED.);
#98=B_SPLINE_CURVE_WITH_KNOTS('',2,(#11919,#11920,#11921,#11922),
 .UNSPECIFIED.,.F.,.F.,(3,1,3),(0.,1.,2.),.UNSPECIFIED.);
#99=B_SPLINE_CURVE_WITH_KNOTS('',2,(#11925,#11926,#11927,#11928),
 .UNSPECIFIED.,.F.,.F.,(3,1,3),(0.,1.,2.),.UNSPECIFIED.);
#100=B_SPLINE_CURVE_WITH_KNOTS('',2,(#11938,#11939,#11940,#11941),
 .UNSPECIFIED.,.F.,.F.,(3,1,3),(0.,1.,2.),.UNSPECIFIED.);
#101=B_SPLINE_CURVE_WITH_KNOTS('',2,(#11944,#11945,#11946,#11947),
 .UNSPECIFIED.,.F.,.F.,(3,1,3),(0.,1.,2.),.UNSPECIFIED.);
#102=B_SPLINE_CURVE_WITH_KNOTS('',2,(#11957,#11958,#11959,#11960),
 .UNSPECIFIED.,.F.,.F.,(3,1,3),(0.,1.,2.),.UNSPECIFIED.);
#103=B_SPLINE_CURVE_WITH_KNOTS('',2,(#11963,#11964,#11965,#11966),
 .UNSPECIFIED.,.F.,.F.,(3,1,3),(0.,1.,2.),.UNSPECIFIED.);
#104=B_SPLINE_CURVE_WITH_KNOTS('',2,(#11976,#11977,#11978,#11979),
 .UNSPECIFIED.,.F.,.F.,(3,1,3),(0.,1.,2.),.UNSPECIFIED.);
#105=B_SPLINE_CURVE_WITH_KNOTS('',2,(#11982,#11983,#11984,#11985),
 .UNSPECIFIED.,.F.,.F.,(3,1,3),(0.,1.,2.),.UNSPECIFIED.);
#106=B_SPLINE_CURVE_WITH_KNOTS('',2,(#11995,#11996,#11997,#11998),
 .UNSPECIFIED.,.F.,.F.,(3,1,3),(0.,1.,2.),.UNSPECIFIED.);
#107=B_SPLINE_CURVE_WITH_KNOTS('',2,(#12001,#12002,#12003,#12004),
 .UNSPECIFIED.,.F.,.F.,(3,1,3),(0.,1.,2.),.UNSPECIFIED.);
#108=B_SPLINE_CURVE_WITH_KNOTS('',2,(#12014,#12015,#12016,#12017),
 .UNSPECIFIED.,.F.,.F.,(3,1,3),(0.,1.,2.),.UNSPECIFIED.);
#109=B_SPLINE_CURVE_WITH_KNOTS('',2,(#12020,#12021,#12022,#12023),
 .UNSPECIFIED.,.F.,.F.,(3,1,3),(0.,1.,2.),.UNSPECIFIED.);
#110=B_SPLINE_CURVE_WITH_KNOTS('',2,(#12033,#12034,#12035,#12036),
 .UNSPECIFIED.,.F.,.F.,(3,1,3),(0.,1.,2.),.UNSPECIFIED.);
#111=B_SPLINE_CURVE_WITH_KNOTS('',2,(#12039,#12040,#12041,#12042),
 .UNSPECIFIED.,.F.,.F.,(3,1,3),(0.,1.,2.),.UNSPECIFIED.);
#112=B_SPLINE_CURVE_WITH_KNOTS('',2,(#12064,#12065,#12066,#12067),
 .UNSPECIFIED.,.F.,.F.,(3,1,3),(0.,1.,2.),.UNSPECIFIED.);
#113=B_SPLINE_CURVE_WITH_KNOTS('',2,(#12070,#12071,#12072,#12073),
 .UNSPECIFIED.,.F.,.F.,(3,1,3),(0.,1.,2.),.UNSPECIFIED.);
#114=B_SPLINE_CURVE_WITH_KNOTS('',2,(#12083,#12084,#12085,#12086),
 .UNSPECIFIED.,.F.,.F.,(3,1,3),(0.,1.,2.),.UNSPECIFIED.);
#115=B_SPLINE_CURVE_WITH_KNOTS('',2,(#12089,#12090,#12091,#12092),
 .UNSPECIFIED.,.F.,.F.,(3,1,3),(0.,1.,2.),.UNSPECIFIED.);
#116=B_SPLINE_CURVE_WITH_KNOTS('',2,(#12101,#12102,#12103,#12104),
 .UNSPECIFIED.,.F.,.F.,(3,1,3),(0.,1.,2.),.UNSPECIFIED.);
#117=B_SPLINE_CURVE_WITH_KNOTS('',2,(#12105,#12106,#12107,#12108),
 .UNSPECIFIED.,.F.,.F.,(3,1,3),(0.,1.,2.),.UNSPECIFIED.);
#118=B_SPLINE_CURVE_WITH_KNOTS('',3,(#12696,#12697,#12698,#12699,#12700,
#12701,#12702,#12703,#12704,#12705,#12706),.UNSPECIFIED.,.F.,.F.,(4,1,1,
1,1,1,1,1,4),(0.,0.147627072439686,0.28648105927149,0.418189465926807,0.542880884113735,
0.661917833092003,0.7770087505932,0.889305043759724,1.),.UNSPECIFIED.);
#119=B_SPLINE_CURVE_WITH_KNOTS('',3,(#12710,#12711,#12712,#12713,#12714,
#12715,#12716,#12717,#12718,#12719,#12720),.UNSPECIFIED.,.F.,.F.,(4,1,1,
1,1,1,1,1,4),(0.,0.104642462214947,0.211120897154609,0.323380604700938,
0.442052086430868,0.567163037276866,0.701971043008228,0.845371868344064,
1.),.UNSPECIFIED.);
#120=B_SPLINE_CURVE_WITH_KNOTS('',3,(#12722,#12723,#12724,#12725,#12726,
#12727,#12728),.UNSPECIFIED.,.F.,.F.,(4,1,1,1,4),(0.,0.249831492326375,
0.4903261548229,0.739483033427348,1.),.UNSPECIFIED.);
#121=B_SPLINE_CURVE_WITH_KNOTS('',3,(#12730,#12731,#12732,#12733,#12734,
#12735,#12736),.UNSPECIFIED.,.F.,.F.,(4,1,1,1,4),(0.,0.249051762131898,
0.491816396448369,0.739985491483543,1.),.UNSPECIFIED.);
#122=B_SPLINE_CURVE_WITH_KNOTS('',3,(#12738,#12739,#12740,#12741,#12742,
#12743,#12744,#12745,#12746,#12747,#12748),.UNSPECIFIED.,.F.,.F.,(4,1,1,
1,1,1,1,1,4),(0.,0.132254714392466,0.260491329755658,0.38588107520764,0.508094736433935,
0.62937742942633,0.750162989036208,0.873289215940419,1.),.UNSPECIFIED.);
#123=B_SPLINE_CURVE_WITH_KNOTS('',3,(#12750,#12751,#12752,#12753,#12754,
#12755,#12756,#12757,#12758,#12759,#12760),.UNSPECIFIED.,.F.,.F.,(4,1,1,
1,1,1,1,1,4),(0.,0.141437702861258,0.275986861965154,0.405082746835729,
0.52930925153632,0.649406097340868,0.766500801529171,0.883521477640193,
1.),.UNSPECIFIED.);
#124=B_SPLINE_CURVE_WITH_KNOTS('',3,(#12762,#12763,#12764,#12765,#12766,
#12767,#12768,#12769,#12770,#12771),.UNSPECIFIED.,.F.,.F.,(4,3,3,4),(0.,
5.34452414431936E-5,0.000106892418091163,0.000213780934061208),
 .UNSPECIFIED.);
#125=B_SPLINE_CURVE_WITH_KNOTS('',3,(#12773,#12774,#12775,#12776,#12777,
#12778,#12779,#12780,#12781,#12782,#12783),.UNSPECIFIED.,.F.,.F.,(4,1,1,
1,1,1,1,1,4),(0.,0.0824284987423313,0.176152800925288,0.280981758726529,
0.398525668135758,0.529184275464854,0.672605061031961,0.829398919453102,
1.),.UNSPECIFIED.);
#126=B_SPLINE_CURVE_WITH_KNOTS('',3,(#12793,#12794,#12795,#12796,#12797),
 .UNSPECIFIED.,.F.,.F.,(4,1,4),(0.,0.514423027493428,1.),.UNSPECIFIED.);
#127=B_SPLINE_CURVE_WITH_KNOTS('',3,(#12801,#12802,#12803,#12804,#12805),
 .UNSPECIFIED.,.F.,.F.,(4,1,4),(0.,0.500498825202944,1.),.UNSPECIFIED.);
#128=B_SPLINE_CURVE_WITH_KNOTS('',3,(#12807,#12808,#12809,#12810,#12811,
#12812,#12813,#12814,#12815,#12816,#12817),.UNSPECIFIED.,.F.,.F.,(4,1,1,
1,1,1,1,1,4),(0.,0.129397298642697,0.256393103205394,0.380328953419174,
0.502780424111341,0.625708954009904,0.748656312605871,0.872965143435675,
1.),.UNSPECIFIED.);
#129=B_SPLINE_CURVE_WITH_KNOTS('',3,(#12819,#12820,#12821,#12822,#12823,
#12824,#12825,#12826,#12827,#12828,#12829),.UNSPECIFIED.,.F.,.F.,(4,1,1,
1,1,1,1,1,4),(0.,0.127052752207689,0.252275324304499,0.373969789978714,
0.49488326292777,0.617655677279456,0.741939912446617,0.868412816069388,
1.),.UNSPECIFIED.);
#130=B_SPLINE_CURVE_WITH_KNOTS('',3,(#12831,#12832,#12833,#12834,#12835,
#12836,#12837,#12838,#12839,#12840,#12841),.UNSPECIFIED.,.F.,.F.,(4,1,1,
1,1,1,1,1,4),(0.,0.140115695284886,0.273436951589745,0.400717091885205,
0.52441115442387,0.645132660836412,0.762762945619248,0.880982443321149,
1.),.UNSPECIFIED.);
#131=B_SPLINE_CURVE_WITH_KNOTS('',3,(#12842,#12843,#12844,#12845,#12846,
#12847,#12848,#12849,#12850,#12851,#12852),.UNSPECIFIED.,.F.,.F.,(4,1,1,
1,1,1,1,1,4),(0.,0.130545077795857,0.257500661052901,0.380706291698184,
0.50300347270568,0.624105684746748,0.746590726358077,0.872295036881279,
1.),.UNSPECIFIED.);
#132=B_SPLINE_CURVE_WITH_KNOTS('',3,(#12856,#12857,#12858,#12859,#12860,
#12861,#12862,#12863,#12864,#12865,#12866),.UNSPECIFIED.,.F.,.F.,(4,1,1,
1,1,1,1,1,4),(0.,0.138673245606268,0.27180447233711,0.39913330280073,0.522579938225528,
0.642917793614062,0.761651996806146,0.879966735375578,1.),.UNSPECIFIED.);
#133=B_SPLINE_CURVE_WITH_KNOTS('',3,(#12868,#12869,#12870,#12871,#12872,
#12873,#12874,#12875,#12876,#12877,#12878),.UNSPECIFIED.,.F.,.F.,(4,1,1,
1,1,1,1,1,4),(0.,0.119125264974455,0.237360376974955,0.355618999895983,
0.475650978910345,0.599203316547186,0.727002908618749,0.859983586867664,
1.),.UNSPECIFIED.);
#134=B_SPLINE_CURVE_WITH_KNOTS('',3,(#12880,#12881,#12882,#12883,#12884,
#12885,#12886,#12887,#12888,#12889,#12890),.UNSPECIFIED.,.F.,.F.,(4,1,1,
1,1,1,1,1,4),(0.,0.13264621054969,0.261014484515095,0.3860442720567,0.507982484370848,
0.629641105894849,0.751557268563721,0.873920993049646,1.),.UNSPECIFIED.);
#135=B_SPLINE_CURVE_WITH_KNOTS('',3,(#12892,#12893,#12894,#12895,#12896,
#12897,#12898,#12899,#12900,#12901,#12902),.UNSPECIFIED.,.F.,.F.,(4,1,1,
1,1,1,1,1,4),(0.,0.12775378610284,0.252388127427697,0.374950702509877,0.496630732949933,
0.618235357456014,0.741494457752796,0.868792706712858,1.),.UNSPECIFIED.);
#136=B_SPLINE_CURVE_WITH_KNOTS('',3,(#12904,#12905,#12906,#12907,#12908),
 .UNSPECIFIED.,.F.,.F.,(4,1,4),(0.,0.502378167027375,1.),.UNSPECIFIED.);
#137=B_SPLINE_CURVE_WITH_KNOTS('',3,(#12910,#12911,#12912,#12913,#12914,
#12915,#12916,#12917,#12918,#12919,#12920),.UNSPECIFIED.,.F.,.F.,(4,1,1,
1,1,1,1,1,4),(0.,0.0924100480724627,0.19182080312763,0.298884748547808,
0.415340808238886,0.543326263389286,0.682736261285167,0.83476441640849,
1.),.UNSPECIFIED.);
#138=B_SPLINE_CURVE_WITH_KNOTS('',3,(#12922,#12923,#12924,#12925,#12926,
#12927,#12928),.UNSPECIFIED.,.F.,.F.,(4,1,1,1,4),(0.,0.245086880521903,
0.487555245697644,0.73462884553115,1.),.UNSPECIFIED.);
#139=B_SPLINE_CURVE_WITH_KNOTS('',3,(#12930,#12931,#12932,#12933,#12934,
#12935,#12936),.UNSPECIFIED.,.F.,.F.,(4,1,1,1,4),(0.,0.22006257557604,0.452786538498553,
0.71067845368132,1.),.UNSPECIFIED.);
#140=B_SPLINE_CURVE_WITH_KNOTS('',3,(#12938,#12939,#12940,#12941,#12942,
#12943,#12944,#12945,#12946,#12947,#12948),.UNSPECIFIED.,.F.,.F.,(4,1,1,
1,1,1,1,1,4),(0.,0.131682808959786,0.259026208473903,0.382076996903004,
0.503586178577332,0.624950735108154,0.746238087714796,0.871121186103701,
1.),.UNSPECIFIED.);
#141=B_SPLINE_CURVE_WITH_KNOTS('',3,(#12952,#12953,#12954,#12955,#12956,
#12957,#12958,#12959,#12960,#12961,#12962),.UNSPECIFIED.,.F.,.F.,(4,1,1,
1,1,1,1,1,4),(0.,0.121316868330495,0.24175330897944,0.361524158072823,0.481691539553372,
0.604774277187383,0.731427191584795,0.863237462408796,1.),.UNSPECIFIED.);
#142=B_SPLINE_CURVE_WITH_KNOTS('',3,(#12964,#12965,#12966,#12967,#12968,
#12969,#12970,#12971,#12972,#12973,#12974),.UNSPECIFIED.,.F.,.F.,(4,1,1,
1,1,1,1,1,4),(0.,0.141192602086732,0.275305985637507,0.403245982271235,
0.527134276489012,0.647470617925254,0.765206578626172,0.881713540400403,
1.),.UNSPECIFIED.);
#143=B_SPLINE_CURVE_WITH_KNOTS('',3,(#12976,#12977,#12978,#12979,#12980,
#12981,#12982,#12983,#12984,#12985,#12986),.UNSPECIFIED.,.F.,.F.,(4,1,1,
1,1,1,1,1,4),(0.,0.132389203922785,0.258703276613145,0.382893729598554,
0.505687842702244,0.626923654851354,0.749123319755734,0.873142638468259,
1.),.UNSPECIFIED.);
#144=B_SPLINE_CURVE_WITH_KNOTS('',3,(#12988,#12989,#12990,#12991,#12992,
#12993,#12994,#12995,#12996,#12997,#12998,#12999,#13000,#13001,#13002,#13003,
#13004,#13005,#13006),.UNSPECIFIED.,.F.,.F.,(4,1,1,1,1,1,1,1,1,1,1,1,1,
1,1,1,4),(0.,0.081380119095146,0.159585483369239,0.234692558906065,0.30719865786697,
0.377228603118986,0.444429639862747,0.508821904923503,0.570950050010652,
0.630751622636241,0.688546271219899,0.744223369185984,0.798192555441478,
0.850447100433405,0.901241199073836,0.950920397856211,1.),.UNSPECIFIED.);
#145=B_SPLINE_CURVE_WITH_KNOTS('',3,(#13008,#13009,#13010,#13011,#13012,
#13013,#13014,#13015,#13016,#13017,#13018,#13019,#13020,#13021,#13022,#13023,
#13024,#13025,#13026),.UNSPECIFIED.,.F.,.F.,(4,1,1,1,1,1,1,1,1,1,1,1,1,
1,1,1,4),(0.,0.0481465425887979,0.0972708269959223,0.147561320759813,0.19938633225924,
0.252803549520979,0.30841603538568,0.36578227610416,0.425538181463846,0.48797921829855,
0.552755566953241,0.619961352460258,0.690085673714311,0.763241238872967,
0.83908375106013,0.918146631006481,1.),.UNSPECIFIED.);
#146=B_SPLINE_CURVE_WITH_KNOTS('',3,(#13028,#13029,#13030,#13031,#13032,
#13033,#13034,#13035,#13036,#13037,#13038),.UNSPECIFIED.,.F.,.F.,(4,1,1,
1,1,1,1,1,4),(0.,0.12770496311872,0.253409273641922,0.375894315253252,0.496996527294319,
0.619293708301816,0.742499338947099,0.869454922204143,1.),.UNSPECIFIED.);
#147=B_SPLINE_CURVE_WITH_KNOTS('',3,(#13039,#13040,#13041,#13042,#13043,
#13044,#13045,#13046,#13047,#13048,#13049),.UNSPECIFIED.,.F.,.F.,(4,1,1,
1,1,1,1,1,4),(0.,0.118286459599597,0.234793421373828,0.352529382074746,
0.472865723510988,0.596754017728765,0.724694014362492,0.858807397913267,
1.),.UNSPECIFIED.);
#148=B_SPLINE_CURVE_WITH_KNOTS('',3,(#13052,#13053,#13054,#13055,#13056,
#13057,#13058),.UNSPECIFIED.,.F.,.F.,(4,1,1,1,4),(0.,0.249831492326374,
0.4903261548229,0.739483033427348,1.),.UNSPECIFIED.);
#149=B_SPLINE_CURVE_WITH_KNOTS('',3,(#13060,#13061,#13062,#13063,#13064,
#13065,#13066),.UNSPECIFIED.,.F.,.F.,(4,1,1,1,4),(0.,0.265371154468851,
0.512444754302357,0.754913119478097,1.),.UNSPECIFIED.);
#150=B_SPLINE_CURVE_WITH_KNOTS('',3,(#13068,#13069,#13070,#13071,#13072,
#13073,#13074,#13075,#13076,#13077,#13078),.UNSPECIFIED.,.F.,.F.,(4,1,1,
1,1,1,1,1,4),(0.,0.15651061959425,0.302052362401605,0.437269654404435,0.563896683467412,
0.681396802974733,0.792564776347618,0.897978618470756,1.),.UNSPECIFIED.);
#151=B_SPLINE_CURVE_WITH_KNOTS('',3,(#13080,#13081,#13082,#13083,#13084,
#13085,#13086,#13087,#13088,#13089,#13090),.UNSPECIFIED.,.F.,.F.,(4,1,1,
1,1,1,1,1,4),(0.,0.127753786102841,0.252388127427697,0.374950702509877,
0.496630732949933,0.618235357456014,0.741494457752796,0.868792706712858,
1.),.UNSPECIFIED.);
#152=B_SPLINE_CURVE_WITH_KNOTS('',3,(#13092,#13093,#13094,#13095,#13096,
#13097,#13098),.UNSPECIFIED.,.F.,.F.,(4,1,1,1,4),(0.,0.290104173529445,
0.548332788246617,0.780185031381146,1.),.UNSPECIFIED.);
#153=B_SPLINE_CURVE_WITH_KNOTS('',3,(#13100,#13101,#13102,#13103,#13104,
#13105,#13106),.UNSPECIFIED.,.F.,.F.,(4,1,1,1,4),(0.,0.291248408467786,
0.547476271583202,0.781217766165065,1.),.UNSPECIFIED.);
#154=B_SPLINE_CURVE_WITH_KNOTS('',3,(#13108,#13109,#13110,#13111,#13112,
#13113,#13114,#13115,#13116,#13117,#13118),.UNSPECIFIED.,.F.,.F.,(4,1,1,
1,1,1,1,1,4),(0.,0.161469274734226,0.311102899047173,0.447903060038275,
0.575603282425127,0.692227795508838,0.802204252675524,0.903160142788643,
1.),.UNSPECIFIED.);
#155=B_SPLINE_CURVE_WITH_KNOTS('',3,(#13119,#13120,#13121,#13122,#13123,
#13124,#13125,#13126,#13127,#13128,#13129),.UNSPECIFIED.,.F.,.F.,(4,1,1,
1,1,1,1,1,4),(0.,0.0965507026416521,0.197967328048665,0.306841774827291,
0.424024839027617,0.551734923344589,0.68942991370549,0.839008918297415,
1.),.UNSPECIFIED.);
#156=B_SPLINE_CURVE_WITH_KNOTS('',3,(#13134,#13135,#13136,#13137,#13138,
#13139,#13140,#13141,#13142,#13143,#13144),.UNSPECIFIED.,.F.,.F.,(4,1,1,
1,1,1,1,1,4),(0.,0.154648592830387,0.299144679280772,0.433566483999831,
0.559378076754465,0.677647640225442,0.789659335598744,0.896175892070135,
1.),.UNSPECIFIED.);
#157=B_SPLINE_CURVE_WITH_KNOTS('',3,(#13148,#13149,#13150,#13151,#13152,
#13153,#13154,#13155,#13156,#13157,#13158),.UNSPECIFIED.,.F.,.F.,(4,1,1,
1,1,1,1,1,4),(0.,0.105305787509655,0.212887029859713,0.325033707295408,
0.443454800916717,0.569476717826578,0.703125002015862,0.84642104642937,
1.),.UNSPECIFIED.);
#158=B_SPLINE_CURVE_WITH_KNOTS('',3,(#13160,#13161,#13162,#13163,#13164,
#13165,#13166,#13167,#13168,#13169,#13170),.UNSPECIFIED.,.F.,.F.,(4,1,1,
1,1,1,1,1,4),(0.,0.133051490319738,0.261400860813741,0.385978942642456,
0.508465614902219,0.629559345261117,0.750924654225077,0.874107458876466,
1.),.UNSPECIFIED.);
#159=B_SPLINE_CURVE_WITH_KNOTS('',3,(#13172,#13173,#13174,#13175,#13176,
#13177,#13178,#13179,#13180,#13181,#13182),.UNSPECIFIED.,.F.,.F.,(4,1,1,
1,1,1,1,1,4),(0.,0.125892541123534,0.249075345774923,0.370440654738883,
0.491534385097781,0.614021057357544,0.738599139186259,0.866948509680262,
1.),.UNSPECIFIED.);
#160=B_SPLINE_CURVE_WITH_KNOTS('',3,(#13184,#13185,#13186,#13187,#13188,
#13189,#13190,#13191,#13192,#13193,#13194),.UNSPECIFIED.,.F.,.F.,(4,1,1,
1,1,1,1,1,4),(0.,0.15357895357063,0.296874997984138,0.430523282173421,0.556545199083283,
0.674966292704592,0.787112970140287,0.894694212490345,1.),.UNSPECIFIED.);
#161=B_SPLINE_CURVE_WITH_KNOTS('',3,(#13198,#13199,#13200,#13201,#13202,
#13203,#13204,#13205,#13206,#13207,#13208),.UNSPECIFIED.,.F.,.F.,(4,1,1,
1,1,1,1,1,4),(0.,0.103824107929865,0.210340664401256,0.322352359774558,
0.440621923245535,0.566433516000169,0.700855320719228,0.845351407169613,
1.),.UNSPECIFIED.);
#162=B_SPLINE_CURVE_WITH_KNOTS('',3,(#13210,#13211,#13212,#13213,#13214,
#13215,#13216,#13217,#13218,#13219,#13220),.UNSPECIFIED.,.F.,.F.,(4,1,1,
1,1,1,1,1,4),(0.,0.133039100756786,0.261376519542457,0.385943000839803,
0.508108046726034,0.629593840160803,0.75094784776217,0.87411918180839,1.),
 .UNSPECIFIED.);
#163=B_SPLINE_CURVE_WITH_KNOTS('',3,(#13221,#13222,#13223,#13224,#13225,
#13226,#13227,#13228,#13229,#13230,#13231),.UNSPECIFIED.,.F.,.F.,(4,1,1,
1,1,1,1,1,4),(0.,0.12588081819161,0.249052152237829,0.370406159839197,0.491891953273966,
0.614056999160197,0.738623480457543,0.866960899243214,1.),.UNSPECIFIED.);
#164=B_SPLINE_CURVE_WITH_KNOTS('',3,(#13234,#13235,#13236,#13237,#13238,
#13239,#13240),.UNSPECIFIED.,.F.,.F.,(4,1,1,1,4),(0.,0.242968451217044,
0.482207054742282,0.732367909439444,1.),.UNSPECIFIED.);
#165=B_SPLINE_CURVE_WITH_KNOTS('',3,(#13242,#13243,#13244,#13245,#13246,
#13247,#13248),.UNSPECIFIED.,.F.,.F.,(4,1,1,1,4),(0.,0.267593205723841,
0.516123369719023,0.757066850186957,1.),.UNSPECIFIED.);
#166=B_SPLINE_CURVE_WITH_KNOTS('',3,(#13250,#13251,#13252,#13253,#13254,
#13255,#13256,#13257,#13258,#13259,#13260),.UNSPECIFIED.,.F.,.F.,(4,1,1,
1,1,1,1,1,4),(0.,0.166419402272761,0.319714356384178,0.460288786416923,
0.588318724079662,0.704400429296805,0.811200452883657,0.909300345910123,
1.),.UNSPECIFIED.);
#167=B_SPLINE_CURVE_WITH_KNOTS('',3,(#13264,#13265,#13266,#13267,#13268,
#13269,#13270,#13271,#13272,#13273,#13274),.UNSPECIFIED.,.F.,.F.,(4,1,1,
1,1,1,1,1,4),(0.,0.0906996540898767,0.188799547116343,0.295599570703195,
0.411681275920338,0.539711213583077,0.680285643615822,0.833580597727239,
1.),.UNSPECIFIED.);
#168=B_SPLINE_CURVE_WITH_KNOTS('',3,(#13276,#13277,#13278,#13279,#13280,
#13281,#13282),.UNSPECIFIED.,.F.,.F.,(4,1,1,1,4),(0.,0.24327909545072,0.483815854805777,
0.733419189917557,1.),.UNSPECIFIED.);
#169=B_SPLINE_CURVE_WITH_KNOTS('',3,(#13284,#13285,#13286,#13287,#13288,
#13289,#13290),.UNSPECIFIED.,.F.,.F.,(4,1,1,1,4),(0.,0.278206067082629,
0.531781391896525,0.767706707682471,1.),.UNSPECIFIED.);
#170=B_SPLINE_CURVE_WITH_KNOTS('',3,(#13292,#13293,#13294,#13295,#13296,
#13297,#13298,#13299,#13300,#13301,#13302),.UNSPECIFIED.,.F.,.F.,(4,1,1,
1,1,1,1,1,4),(0.,0.161141833974075,0.310710155949473,0.448504142060783,
0.575525585825573,0.693114191692587,0.802004533457117,0.903401918594407,
1.),.UNSPECIFIED.);
#171=B_SPLINE_CURVE_WITH_KNOTS('',3,(#13305,#13306,#13307,#13308,#13309,
#13310,#13311,#13312,#13313,#13314,#13315),.UNSPECIFIED.,.F.,.F.,(4,1,1,
1,1,1,1,1,4),(0.,0.0906996540898767,0.188799547116343,0.295599570703195,
0.411681275920338,0.539711213583077,0.680285643615822,0.833580597727239,
1.),.UNSPECIFIED.);
#172=B_SPLINE_CURVE_WITH_KNOTS('',3,(#13320,#13321,#13322,#13323,#13324,
#13325,#13326,#13327,#13328,#13329,#13330),.UNSPECIFIED.,.F.,.F.,(4,1,1,
1,1,1,1,1,4),(0.,0.134220761699296,0.263254358401401,0.388248617888951,
0.51101817758356,0.632236982252803,0.753295117227238,0.875061809911707,
1.),.UNSPECIFIED.);
#173=B_SPLINE_CURVE_WITH_KNOTS('',3,(#13334,#13335,#13336,#13337,#13338,
#13339,#13340,#13341,#13342,#13343,#13344),.UNSPECIFIED.,.F.,.F.,(4,1,1,
1,1,1,1,1,4),(0.,0.101773836684502,0.208128074610314,0.319522236132072,
0.437715832410537,0.564061266821582,0.700274150173623,0.845261882618902,
1.),.UNSPECIFIED.);
#174=B_SPLINE_CURVE_WITH_KNOTS('',3,(#13346,#13347,#13348,#13349,#13350,
#13351,#13352),.UNSPECIFIED.,.F.,.F.,(4,1,1,1,4),(0.,0.24512907589907,0.48566734628448,
0.734583157912424,1.),.UNSPECIFIED.);
#175=B_SPLINE_CURVE_WITH_KNOTS('',3,(#13354,#13355,#13356,#13357,#13358,
#13359,#13360),.UNSPECIFIED.,.F.,.F.,(4,1,1,1,4),(0.,0.238820343026198,
0.477799411008105,0.728823372976995,1.),.UNSPECIFIED.);
#176=B_SPLINE_CURVE_WITH_KNOTS('',3,(#13362,#13363,#13364,#13365,#13366,
#13367,#13368,#13369,#13370,#13371,#13372),.UNSPECIFIED.,.F.,.F.,(4,1,1,
1,1,1,1,1,4),(0.,0.138004859155393,0.268893381135569,0.395354554074732,
0.518591747074713,0.639255943275706,0.759203961724378,0.878528534328541,
1.),.UNSPECIFIED.);
#177=B_SPLINE_CURVE_WITH_KNOTS('',3,(#13374,#13375,#13376,#13377,#13378,
#13379,#13380,#13381,#13382,#13383,#13384),.UNSPECIFIED.,.F.,.F.,(4,1,1,
1,1,1,1,1,4),(0.,0.113277920188435,0.227087097660062,0.343044257852654,
0.461305241731197,0.586424794106936,0.716259042909897,0.854789906595714,
1.),.UNSPECIFIED.);
#178=B_SPLINE_CURVE_WITH_KNOTS('',3,(#13386,#13387,#13388,#13389,#13390,
#13391,#13392),.UNSPECIFIED.,.F.,.F.,(4,1,1,1,4),(0.,0.232293292317529,
0.468218608103473,0.72179393291737,1.),.UNSPECIFIED.);
#179=B_SPLINE_CURVE_WITH_KNOTS('',3,(#13400,#13401,#13402,#13403,#13404,
#13405,#13406),.UNSPECIFIED.,.F.,.F.,(4,1,1,1,4),(0.,0.26759320572384,0.516123369719023,
0.757066850186957,1.),.UNSPECIFIED.);
#180=B_SPLINE_CURVE_WITH_KNOTS('',3,(#13408,#13409,#13410,#13411,#13412,
#13413,#13414,#13415,#13416,#13417,#13418),.UNSPECIFIED.,.F.,.F.,(4,1,1,
1,1,1,1,1,4),(0.,0.141759215365198,0.276625087886275,0.405593875429828,
0.529803814282175,0.648507027101686,0.766378139239324,0.882209400926496,
1.),.UNSPECIFIED.);
#181=B_SPLINE_CURVE_WITH_KNOTS('',3,(#13420,#13421,#13422,#13423,#13424,
#13425,#13426,#13427,#13428,#13429,#13430),.UNSPECIFIED.,.F.,.F.,(4,1,1,
1,1,1,1,1,4),(0.,0.106210024919105,0.214150889198716,0.326697613254988,
0.445481848708933,0.570917777493612,0.704989240143123,0.847299019732621,
1.),.UNSPECIFIED.);
#182=B_SPLINE_CURVE_WITH_KNOTS('',3,(#13432,#13433,#13434,#13435,#13436,
#13437,#13438,#13439,#13440,#13441,#13442),.UNSPECIFIED.,.F.,.F.,(4,1,1,
1,1,1,1,1,4),(0.,0.138042099703314,0.269172159958961,0.395331345643469,
0.518601794143437,0.639298551522411,0.76008056178673,0.878495755309264,
1.),.UNSPECIFIED.);
#183=B_SPLINE_CURVE_WITH_KNOTS('',3,(#13444,#13445,#13446,#13447,#13448,
#13449,#13450),.UNSPECIFIED.,.F.,.F.,(4,1,1,1,4),(0.,0.255092143531274,
0.498379195413478,0.743739966791461,1.),.UNSPECIFIED.);
#184=B_SPLINE_CURVE_WITH_KNOTS('',3,(#13452,#13453,#13454,#13455,#13456,
#13457,#13458,#13459,#13460,#13461,#13462),.UNSPECIFIED.,.F.,.F.,(4,1,1,
1,1,1,1,1,4),(0.,0.130552121962339,0.257514555698002,0.380726834475781,
0.50303061459615,0.625146234943374,0.74763788580447,0.872288145966387,1.),
 .UNSPECIFIED.);
#185=B_SPLINE_CURVE_WITH_KNOTS('',3,(#13470,#13471,#13472,#13473,#13474,
#13475,#13476,#13477,#13478,#13479,#13480),.UNSPECIFIED.,.F.,.F.,(4,1,1,
1,1,1,1,1,4),(0.,0.133912016918126,0.261528464431349,0.386188722652978,
0.509192998592421,0.629676812227039,0.751255974435349,0.874296574706903,
1.),.UNSPECIFIED.);
#186=B_SPLINE_CURVE_WITH_KNOTS('',3,(#13482,#13483,#13484,#13485,#13486,
#13487,#13488,#13489,#13490,#13491,#13492),.UNSPECIFIED.,.F.,.F.,(4,1,1,
1,1,1,1,1,4),(0.,0.133051490319737,0.261400860813741,0.385978942642457,
0.508465614902219,0.629559345261117,0.750924654225076,0.874107458876466,
1.),.UNSPECIFIED.);
#187=B_SPLINE_CURVE_WITH_KNOTS('',3,(#13494,#13495,#13496,#13497,#13498,
#13499,#13500,#13501,#13502,#13503,#13504),.UNSPECIFIED.,.F.,.F.,(4,1,1,
1,1,1,1,1,4),(0.,0.115883080271786,0.231553449797961,0.348062577152427,
0.46785537839503,0.592590819753905,0.721311503017261,0.857144170463206,
1.),.UNSPECIFIED.);
#188=B_SPLINE_CURVE_WITH_KNOTS('',3,(#13506,#13507,#13508,#13509,#13510,
#13511,#13512,#13513,#13514,#13515,#13516),.UNSPECIFIED.,.F.,.F.,(4,1,1,
1,1,1,1,1,4),(0.,0.13545347087105,0.265348649670654,0.391490873204352,0.514276913337746,
0.635398537953148,0.755458210312681,0.876439499967337,1.),.UNSPECIFIED.);
#189=B_SPLINE_CURVE_WITH_KNOTS('',3,(#13518,#13519,#13520,#13521,#13522,
#13523,#13524,#13525,#13526,#13527,#13528),.UNSPECIFIED.,.F.,.F.,(4,1,1,
1,1,1,1,1,4),(0.,0.119502711436531,0.238093942265888,0.356647629372634,
0.477580619576914,0.600363019924149,0.72783273400414,0.860647150029581,
1.),.UNSPECIFIED.);
#190=B_SPLINE_CURVE_WITH_KNOTS('',3,(#13530,#13531,#13532,#13533,#13534,
#13535,#13536),.UNSPECIFIED.,.F.,.F.,(4,1,1,1,4),(0.,0.257037477537249,
0.507341915909804,0.752312987577213,1.),.UNSPECIFIED.);
#191=B_SPLINE_CURVE_WITH_KNOTS('',3,(#13538,#13539,#13540,#13541,#13542,
#13543,#13544),.UNSPECIFIED.,.F.,.F.,(4,1,1,1,4),(0.,0.273165644554725,
0.527411309071987,0.767261983075737,1.),.UNSPECIFIED.);
#192=B_SPLINE_CURVE_WITH_KNOTS('',3,(#13546,#13547,#13548,#13549,#13550,
#13551,#13552,#13553,#13554,#13555,#13556),.UNSPECIFIED.,.F.,.F.,(4,1,1,
1,1,1,1,1,4),(0.,0.149573990400049,0.289595241277843,0.421887240870523,
0.546205406782889,0.666162036411022,0.78001895457498,0.890814704588869,
1.),.UNSPECIFIED.);
#193=B_SPLINE_CURVE_WITH_KNOTS('',3,(#13558,#13559,#13560,#13561,#13562,
#13563,#13564,#13565,#13566,#13567,#13568),.UNSPECIFIED.,.F.,.F.,(4,1,1,
1,1,1,1,1,4),(0.,0.119502711436531,0.238093942265888,0.356647629372634,
0.477580619576913,0.600363019924149,0.727832734004141,0.860647150029581,
1.),.UNSPECIFIED.);
#194=B_SPLINE_CURVE_WITH_KNOTS('',3,(#13570,#13571,#13572,#13573,#13574,
#13575,#13576,#13577,#13578,#13579,#13580),.UNSPECIFIED.,.F.,.F.,(4,1,1,
1,1,1,1,1,4),(0.,0.140115695284886,0.273436951589745,0.400717091885205,
0.52441115442387,0.645132660836412,0.762762945619248,0.880982443321149,
1.),.UNSPECIFIED.);
#195=B_SPLINE_CURVE_WITH_KNOTS('',3,(#13581,#13582,#13583,#13584,#13585,
#13586,#13587,#13588,#13589,#13590,#13591),.UNSPECIFIED.,.F.,.F.,(4,1,1,
1,1,1,1,1,4),(0.,0.127057530724637,0.252284812504413,0.373983855167764,
0.495848331879918,0.617641297120081,0.741930206678891,0.868407867010217,
1.),.UNSPECIFIED.);
#196=B_SPLINE_CURVE_WITH_KNOTS('',3,(#13604,#13605,#13606,#13607,#13608,
#13609,#13610,#13611,#13612,#13613,#13614),.UNSPECIFIED.,.F.,.F.,(4,1,1,
1,1,1,1,1,4),(0.,0.134220761699296,0.263254358401401,0.388248617888952,
0.511018177583561,0.632236982252803,0.753295117227238,0.875061809911707,
1.),.UNSPECIFIED.);
#197=B_SPLINE_CURVE_WITH_KNOTS('',3,(#13618,#13619,#13620,#13621,#13622,
#13623,#13624,#13625,#13626,#13627,#13628),.UNSPECIFIED.,.F.,.F.,(4,1,1,
1,1,1,1,1,4),(0.,0.101773836684501,0.208128074610313,0.319522236132073,
0.437715832410537,0.564061266821582,0.700274150173623,0.845261882618902,
1.),.UNSPECIFIED.);
#198=B_SPLINE_CURVE_WITH_KNOTS('',3,(#13630,#13631,#13632,#13633,#13634,
#13635,#13636),.UNSPECIFIED.,.F.,.F.,(4,1,1,1,4),(0.,0.24512907589907,0.48566734628448,
0.734583157912424,1.),.UNSPECIFIED.);
#199=B_SPLINE_CURVE_WITH_KNOTS('',3,(#13638,#13639,#13640,#13641,#13642,
#13643,#13644),.UNSPECIFIED.,.F.,.F.,(4,1,1,1,4),(0.,0.238820343026198,
0.477799411008105,0.728823372976995,1.),.UNSPECIFIED.);
#200=B_SPLINE_CURVE_WITH_KNOTS('',3,(#13646,#13647,#13648,#13649,#13650,
#13651,#13652,#13653,#13654,#13655,#13656),.UNSPECIFIED.,.F.,.F.,(4,1,1,
1,1,1,1,1,4),(0.,0.138004859155393,0.268893381135569,0.395354554074732,
0.518591747074713,0.639255943275706,0.759203961724378,0.878528534328541,
1.),.UNSPECIFIED.);
#201=B_SPLINE_CURVE_WITH_KNOTS('',3,(#13658,#13659,#13660,#13661,#13662,
#13663,#13664,#13665,#13666,#13667,#13668),.UNSPECIFIED.,.F.,.F.,(4,1,1,
1,1,1,1,1,4),(0.,0.113277920188435,0.227087097660062,0.343044257852654,
0.461305241731197,0.586424794106936,0.716259042909897,0.854789906595714,
1.),.UNSPECIFIED.);
#202=B_SPLINE_CURVE_WITH_KNOTS('',3,(#13670,#13671,#13672,#13673,#13674,
#13675,#13676),.UNSPECIFIED.,.F.,.F.,(4,1,1,1,4),(0.,0.232293292317527,
0.468218608103473,0.72179393291737,1.),.UNSPECIFIED.);
#203=B_SPLINE_CURVE_WITH_KNOTS('',3,(#13684,#13685,#13686,#13687,#13688,
#13689,#13690),.UNSPECIFIED.,.F.,.F.,(4,1,1,1,4),(0.,0.267593205723843,
0.516123369719024,0.757066850186957,1.),.UNSPECIFIED.);
#204=B_SPLINE_CURVE_WITH_KNOTS('',3,(#13692,#13693,#13694,#13695,#13696,
#13697,#13698,#13699,#13700,#13701,#13702),.UNSPECIFIED.,.F.,.F.,(4,1,1,
1,1,1,1,1,4),(0.,0.141759215365198,0.276625087886275,0.405593875429828,
0.529803814282176,0.648507027101686,0.766378139239325,0.882209400926497,
1.),.UNSPECIFIED.);
#205=B_SPLINE_CURVE_WITH_KNOTS('',3,(#13704,#13705,#13706,#13707,#13708,
#13709,#13710,#13711,#13712,#13713,#13714),.UNSPECIFIED.,.F.,.F.,(4,1,1,
1,1,1,1,1,4),(0.,0.106210024919104,0.214150889198715,0.326697613254988,
0.445481848708933,0.570917777493612,0.704989240143122,0.847299019732621,
1.),.UNSPECIFIED.);
#206=B_SPLINE_CURVE_WITH_KNOTS('',3,(#13716,#13717,#13718,#13719,#13720,
#13721,#13722,#13723,#13724,#13725,#13726),.UNSPECIFIED.,.F.,.F.,(4,1,1,
1,1,1,1,1,4),(0.,0.138042099703314,0.269172159958963,0.395331345643469,
0.518601794143437,0.639298551522411,0.760080561786729,0.878495755309264,
1.),.UNSPECIFIED.);
#207=B_SPLINE_CURVE_WITH_KNOTS('',3,(#13728,#13729,#13730,#13731,#13732,
#13733,#13734),.UNSPECIFIED.,.F.,.F.,(4,1,1,1,4),(0.,0.255092143531275,
0.498379195413477,0.743739966791461,1.),.UNSPECIFIED.);
#208=B_SPLINE_CURVE_WITH_KNOTS('',3,(#13736,#13737,#13738,#13739,#13740,
#13741,#13742,#13743,#13744,#13745,#13746),.UNSPECIFIED.,.F.,.F.,(4,1,1,
1,1,1,1,1,4),(0.,0.130552121962339,0.257514555698002,0.380726834475781,
0.50303061459615,0.625146234943375,0.747637885804469,0.872288145966386,
1.),.UNSPECIFIED.);
#209=B_SPLINE_CURVE_WITH_KNOTS('',3,(#13754,#13755,#13756,#13757,#13758,
#13759,#13760,#13761,#13762,#13763,#13764),.UNSPECIFIED.,.F.,.F.,(4,1,1,
1,1,1,1,1,4),(0.,0.133912016918126,0.261528464431349,0.386188722652978,
0.509192998592421,0.629676812227039,0.751255974435349,0.874296574706903,
1.),.UNSPECIFIED.);
#210=B_SPLINE_CURVE_WITH_KNOTS('',3,(#13766,#13767,#13768,#13769,#13770,
#13771,#13772,#13773,#13774,#13775,#13776),.UNSPECIFIED.,.F.,.F.,(4,1,1,
1,1,1,1,1,4),(0.,0.133051490319736,0.26140086081374,0.385978942642457,0.508465614902219,
0.629559345261117,0.750924654225076,0.874107458876466,1.),.UNSPECIFIED.);
#211=B_SPLINE_CURVE_WITH_KNOTS('',3,(#13778,#13779,#13780,#13781,#13782,
#13783,#13784,#13785,#13786,#13787,#13788),.UNSPECIFIED.,.F.,.F.,(4,1,1,
1,1,1,1,1,4),(0.,0.115883080271786,0.231553449797961,0.348062577152427,
0.467855378395031,0.592590819753905,0.721311503017262,0.857144170463206,
1.),.UNSPECIFIED.);
#212=B_SPLINE_CURVE_WITH_KNOTS('',3,(#13790,#13791,#13792,#13793,#13794,
#13795,#13796,#13797,#13798,#13799,#13800),.UNSPECIFIED.,.F.,.F.,(4,1,1,
1,1,1,1,1,4),(0.,0.13545347087105,0.265348649670654,0.391490873204352,0.514276913337746,
0.635398537953148,0.755458210312682,0.876439499967337,1.),.UNSPECIFIED.);
#213=B_SPLINE_CURVE_WITH_KNOTS('',3,(#13802,#13803,#13804,#13805,#13806,
#13807,#13808,#13809,#13810,#13811,#13812),.UNSPECIFIED.,.F.,.F.,(4,1,1,
1,1,1,1,1,4),(0.,0.119502711436532,0.238093942265888,0.356647629372634,
0.477580619576914,0.600363019924149,0.72783273400414,0.860647150029581,
1.),.UNSPECIFIED.);
#214=B_SPLINE_CURVE_WITH_KNOTS('',3,(#13814,#13815,#13816,#13817,#13818,
#13819,#13820),.UNSPECIFIED.,.F.,.F.,(4,1,1,1,4),(0.,0.257037477537249,
0.507341915909803,0.752312987577214,1.),.UNSPECIFIED.);
#215=B_SPLINE_CURVE_WITH_KNOTS('',3,(#13822,#13823,#13824,#13825,#13826,
#13827,#13828),.UNSPECIFIED.,.F.,.F.,(4,1,1,1,4),(0.,0.273165644554726,
0.527411309071989,0.767261983075738,1.),.UNSPECIFIED.);
#216=B_SPLINE_CURVE_WITH_KNOTS('',3,(#13830,#13831,#13832,#13833,#13834,
#13835,#13836,#13837,#13838,#13839,#13840),.UNSPECIFIED.,.F.,.F.,(4,1,1,
1,1,1,1,1,4),(0.,0.149573990400049,0.289595241277844,0.421887240870523,
0.546205406782889,0.666162036411022,0.780018954574981,0.89081470458887,
1.),.UNSPECIFIED.);
#217=B_SPLINE_CURVE_WITH_KNOTS('',3,(#13842,#13843,#13844,#13845,#13846,
#13847,#13848,#13849,#13850,#13851,#13852),.UNSPECIFIED.,.F.,.F.,(4,1,1,
1,1,1,1,1,4),(0.,0.11950271143653,0.238093942265889,0.356647629372634,0.477580619576913,
0.600363019924149,0.727832734004141,0.860647150029581,1.),.UNSPECIFIED.);
#218=B_SPLINE_CURVE_WITH_KNOTS('',3,(#13854,#13855,#13856,#13857,#13858,
#13859,#13860,#13861,#13862,#13863,#13864),.UNSPECIFIED.,.F.,.F.,(4,1,1,
1,1,1,1,1,4),(0.,0.140115695284886,0.273436951589745,0.400717091885205,
0.524411154423869,0.645132660836413,0.762762945619248,0.880982443321149,
1.),.UNSPECIFIED.);
#219=B_SPLINE_CURVE_WITH_KNOTS('',3,(#13865,#13866,#13867,#13868,#13869,
#13870,#13871,#13872,#13873,#13874,#13875),.UNSPECIFIED.,.F.,.F.,(4,1,1,
1,1,1,1,1,4),(0.,0.127057530724637,0.252284812504413,0.373983855167764,
0.495848331879918,0.617641297120081,0.741930206678891,0.868407867010217,
1.),.UNSPECIFIED.);
#220=B_SPLINE_CURVE_WITH_KNOTS('',3,(#13894,#13895,#13896,#13897,#13898,
#13899,#13900),.UNSPECIFIED.,.F.,.F.,(4,1,1,1,4),(0.,0.268282338961293,
0.519799796734137,0.76046563126196,1.),.UNSPECIFIED.);
#221=B_SPLINE_CURVE_WITH_KNOTS('',3,(#13902,#13903,#13904,#13905,#13906,
#13907,#13908,#13909,#13910,#13911,#13912),.UNSPECIFIED.,.F.,.F.,(4,1,1,
1,1,1,1,1,4),(0.,0.141796261111619,0.276881951347695,0.405580570608783,
0.52982296907856,0.648557202450144,0.767211466637123,0.882178618866555,
1.),.UNSPECIFIED.);
#222=B_SPLINE_CURVE_WITH_KNOTS('',3,(#13929,#13930,#13931,#13932,#13933,
#13934,#13935),.UNSPECIFIED.,.F.,.F.,(4,1,1,1,4),(0.,0.268282338961293,
0.519799796734137,0.76046563126196,1.),.UNSPECIFIED.);
#223=B_SPLINE_CURVE_WITH_KNOTS('',3,(#13937,#13938,#13939,#13940,#13941,
#13942,#13943,#13944,#13945,#13946,#13947),.UNSPECIFIED.,.F.,.F.,(4,1,1,
1,1,1,1,1,4),(0.,0.141796261111622,0.276881951347698,0.405580570608783,
0.529822969078561,0.648557202450145,0.767211466637124,0.882178618866556,
1.),.UNSPECIFIED.);
#224=B_SPLINE_CURVE_WITH_KNOTS('',3,(#13964,#13965,#13966,#13967,#13968,
#13969,#13970),.UNSPECIFIED.,.F.,.F.,(4,1,1,1,4),(0.,0.268282338961293,
0.519799796734137,0.76046563126196,1.),.UNSPECIFIED.);
#225=B_SPLINE_CURVE_WITH_KNOTS('',3,(#13972,#13973,#13974,#13975,#13976,
#13977,#13978,#13979,#13980,#13981,#13982),.UNSPECIFIED.,.F.,.F.,(4,1,1,
1,1,1,1,1,4),(0.,0.141796261111622,0.276881951347697,0.405580570608783,
0.529822969078562,0.648557202450145,0.767211466637123,0.882178618866556,
1.),.UNSPECIFIED.);
#226=B_SPLINE_CURVE_WITH_KNOTS('',3,(#13999,#14000,#14001,#14002,#14003,
#14004,#14005,#14006,#14007,#14008,#14009),.UNSPECIFIED.,.F.,.F.,(4,1,1,
1,1,1,1,1,4),(0.,0.126857361531741,0.250876680244266,0.373076345148646,
0.494312157297756,0.617106270401446,0.741296723386855,0.867610796077215,
1.),.UNSPECIFIED.);
#227=B_SPLINE_CURVE_WITH_KNOTS('',3,(#14011,#14012,#14013,#14014,#14015,
#14016,#14017,#14018,#14019,#14020,#14021),.UNSPECIFIED.,.F.,.F.,(4,1,1,
1,1,1,1,1,4),(0.,0.119520767801662,0.238576988940071,0.357058317516762,
0.478052013944332,0.600839870927915,0.728867159716592,0.860612338817689,
1.),.UNSPECIFIED.);
#228=B_SPLINE_CURVE_WITH_KNOTS('',3,(#14023,#14024,#14025,#14026,#14027,
#14028,#14029),.UNSPECIFIED.,.F.,.F.,(4,1,1,1,4),(0.,0.253253590865732,
0.499600340117938,0.749741648342854,1.),.UNSPECIFIED.);
#229=B_SPLINE_CURVE_WITH_KNOTS('',3,(#14031,#14032,#14033,#14034,#14035,
#14036,#14037,#14038,#14039,#14040),.UNSPECIFIED.,.F.,.F.,(4,3,3,4),(0.,
2.79010231739756E-5,5.58014866085189E-5,0.000111599649417258),
 .UNSPECIFIED.);
#230=B_SPLINE_CURVE_WITH_KNOTS('',3,(#14042,#14043,#14044,#14045,#14046,
#14047,#14048,#14049,#14050,#14051),.UNSPECIFIED.,.F.,.F.,(4,3,3,4),(0.,
2.51438915457924E-5,5.02882104850952E-5,0.000100574170866972),
 .UNSPECIFIED.);
#231=B_SPLINE_CURVE_WITH_KNOTS('',3,(#14053,#14054,#14055,#14056,#14057,
#14058,#14059),.UNSPECIFIED.,.F.,.F.,(4,1,1,1,4),(0.,0.202174544955553,
0.432503451958496,0.700283301211427,1.),.UNSPECIFIED.);
#232=B_SPLINE_CURVE_WITH_KNOTS('',3,(#14061,#14062,#14063,#14064,#14065,
#14066,#14067),.UNSPECIFIED.,.F.,.F.,(4,1,1,1,4),(0.,0.260014508516458,
0.50818360355163,0.750948237868101,1.),.UNSPECIFIED.);
#233=B_SPLINE_CURVE_WITH_KNOTS('',3,(#14069,#14070,#14071,#14072,#14073,
#14074,#14075),.UNSPECIFIED.,.F.,.F.,(4,1,1,1,4),(0.,0.29044348969282,0.547080030565735,
0.78034589264233,1.),.UNSPECIFIED.);
#234=B_SPLINE_CURVE_WITH_KNOTS('',3,(#14077,#14078,#14079,#14080,#14081,
#14082,#14083,#14084,#14085,#14086,#14087),.UNSPECIFIED.,.F.,.F.,(4,1,1,
1,1,1,1,1,4),(0.,0.151923224509588,0.294535505889398,0.427388511764329,
0.553771973258983,0.671961693073976,0.784506857413103,0.89395253265518,
1.),.UNSPECIFIED.);
#235=B_SPLINE_CURVE_WITH_KNOTS('',3,(#14089,#14090,#14091,#14092,#14093,
#14094,#14095,#14096,#14097,#14098,#14099),.UNSPECIFIED.,.F.,.F.,(4,1,1,
1,1,1,1,1,4),(0.,0.106636372951148,0.215915246252488,0.328424732425926,
0.447381061224966,0.572851606698184,0.706228166903424,0.848373301919309,
1.),.UNSPECIFIED.);
#236=B_SPLINE_CURVE_WITH_KNOTS('',3,(#14101,#14102,#14103,#14104,#14105,
#14106,#14107,#14108,#14109,#14110,#14111),.UNSPECIFIED.,.F.,.F.,(4,1,1,
1,1,1,1,1,4),(0.,0.155412645349583,0.30088637825068,0.436674357675013,0.561643012262366,
0.680084855961548,0.791729209344101,0.897443546079549,1.),.UNSPECIFIED.);
#237=B_SPLINE_CURVE_WITH_KNOTS('',3,(#14115,#14116,#14117,#14118,#14119,
#14120,#14121,#14122,#14123,#14124,#14125),.UNSPECIFIED.,.F.,.F.,(4,1,1,
1,1,1,1,1,4),(0.,0.111386954456664,0.224285236588186,0.3392238861955,0.458168826880496,
0.582682974088867,0.71430254251614,0.852598938849731,1.),.UNSPECIFIED.);
#238=B_SPLINE_CURVE_WITH_KNOTS('',3,(#14127,#14128,#14129,#14130,#14131,
#14132,#14133,#14134,#14135,#14136,#14137),.UNSPECIFIED.,.F.,.F.,(4,1,1,
1,1,1,1,1,4),(0.,0.144159617006135,0.281005977217632,0.41088978058202,0.535587720873883,
0.655230150175488,0.77132131890432,0.885681083791897,1.),.UNSPECIFIED.);
#239=B_SPLINE_CURVE_WITH_KNOTS('',3,(#14139,#14140,#14141,#14142,#14143,
#14144,#14145,#14146,#14147,#14148,#14149),.UNSPECIFIED.,.F.,.F.,(4,1,1,
1,1,1,1,1,4),(0.,0.101931577699662,0.207912450750162,0.318889375773298,
0.436639075477016,0.563165757212674,0.698302173974125,0.844143275761207,
1.),.UNSPECIFIED.);
#240=B_SPLINE_CURVE_WITH_KNOTS('',3,(#14151,#14152,#14153,#14154,#14155,
#14156,#14157,#14158,#14159,#14160,#14161),.UNSPECIFIED.,.F.,.F.,(4,1,1,
1,1,1,1,1,4),(0.,0.129538960445126,0.256257605663022,0.379192059148326,
0.500730936806098,0.623508935307888,0.746243873725027,0.870944187554672,
1.),.UNSPECIFIED.);
#241=B_SPLINE_CURVE_WITH_KNOTS('',3,(#14163,#14164,#14165,#14166,#14167,
#14168,#14169,#14170,#14171,#14172,#14173),.UNSPECIFIED.,.F.,.F.,(4,1,1,
1,1,1,1,1,4),(0.,0.131931195240372,0.258598004362188,0.38298538446623,0.505190940457654,
0.625953799651257,0.748279367674867,0.872154512053937,1.),.UNSPECIFIED.);
#242=B_SPLINE_CURVE_WITH_KNOTS('',3,(#14175,#14176,#14177,#14178,#14179,
#14180,#14181),.UNSPECIFIED.,.F.,.F.,(4,1,1,1,4),(0.,0.236496162393806,
0.480651818606108,0.734382540514318,1.),.UNSPECIFIED.);
#243=B_SPLINE_CURVE_WITH_KNOTS('',3,(#14183,#14184,#14185,#14186,#14187,
#14188,#14189,#14190,#14191,#14192),.UNSPECIFIED.,.F.,.F.,(4,3,3,4),(0.,
4.99176084322623E-5,9.98352154500018E-5,0.000199670024409217),
 .UNSPECIFIED.);
#244=B_SPLINE_CURVE_WITH_KNOTS('',3,(#14194,#14195,#14196,#14197,#14198,
#14199,#14200),.UNSPECIFIED.,.F.,.F.,(4,1,1,1,4),(0.,0.187998494834646,
0.416246564607038,0.68578459091059,1.),.UNSPECIFIED.);
#245=B_SPLINE_CURVE_WITH_KNOTS('',3,(#14202,#14203,#14204,#14205,#14206,
#14207,#14208),.UNSPECIFIED.,.F.,.F.,(4,1,1,1,4),(0.,0.301104716478258,
0.561902953952661,0.79308462537541,1.),.UNSPECIFIED.);
#246=B_SPLINE_CURVE_WITH_KNOTS('',3,(#14210,#14211,#14212,#14213,#14214,
#14215,#14216),.UNSPECIFIED.,.F.,.F.,(4,1,1,1,4),(0.,0.26537115446885,0.512444754302357,
0.754913119478097,1.),.UNSPECIFIED.);
#247=B_SPLINE_CURVE_WITH_KNOTS('',3,(#14218,#14219,#14220,#14221,#14222,
#14223,#14224,#14225,#14226,#14227,#14228),.UNSPECIFIED.,.F.,.F.,(4,1,1,
1,1,1,1,1,4),(0.,0.163553559602503,0.315520626693846,0.454099247670123,
0.581254249982352,0.698742491210906,0.805808607541402,0.906235452132101,
1.),.UNSPECIFIED.);
#248=B_SPLINE_CURVE_WITH_KNOTS('',3,(#14230,#14231,#14232,#14233,#14234,
#14235,#14236,#14237,#14238,#14239,#14240),.UNSPECIFIED.,.F.,.F.,(4,1,1,
1,1,1,1,1,4),(0.,0.106130395896807,0.214063081768079,0.327163945863244,
0.44527074794337,0.571243733750495,0.704653672975541,0.847696190990849,
1.),.UNSPECIFIED.);
#249=B_SPLINE_CURVE_WITH_KNOTS('',3,(#14242,#14243,#14244,#14245,#14246,
#14247,#14248,#14249,#14250,#14251,#14252),.UNSPECIFIED.,.F.,.F.,(4,1,1,
1,1,1,1,1,4),(0.,0.132254714392465,0.260491329755658,0.38588107520764,0.508094736433934,
0.62937742942633,0.750162989036208,0.87328921594042,1.),.UNSPECIFIED.);
#250=B_SPLINE_CURVE_WITH_KNOTS('',3,(#14256,#14257,#14258,#14259,#14260,
#14261,#14262,#14263,#14264,#14265,#14266),.UNSPECIFIED.,.F.,.F.,(4,1,1,
1,1,1,1,1,4),(0.,0.132376871954001,0.258679178570125,0.382858063295101,
0.506080548335983,0.626958406671791,0.749146688756361,0.873154455149501,
1.),.UNSPECIFIED.);
#251=B_SPLINE_CURVE_WITH_KNOTS('',3,(#14268,#14269,#14270,#14271,#14272,
#14273,#14274,#14275,#14276,#14277,#14278),.UNSPECIFIED.,.F.,.F.,(4,1,1,
1,1,1,1,1,4),(0.,0.147627072439686,0.28648105927149,0.418189465926807,0.542880884113735,
0.661917833092003,0.777008750593201,0.889305043759724,1.),.UNSPECIFIED.);
#252=B_SPLINE_CURVE_WITH_KNOTS('',3,(#14279,#14280,#14281,#14282,#14283,
#14284,#14285,#14286,#14287,#14288,#14289),.UNSPECIFIED.,.F.,.F.,(4,1,1,
1,1,1,1,1,4),(0.,0.107463835023165,0.216174634798198,0.329354221522013,
0.448395441770538,0.574071842279791,0.707022048481066,0.84904767405259,
1.),.UNSPECIFIED.);
#253=B_SPLINE_CURVE_WITH_KNOTS('',3,(#14834,#14835,#14836,#14837),
 .UNSPECIFIED.,.F.,.F.,(4,4),(0.,0.000439333438659502),.UNSPECIFIED.);
#254=B_SPLINE_CURVE_WITH_KNOTS('',3,(#14853,#14854,#14855,#14856),
 .UNSPECIFIED.,.F.,.F.,(4,4),(0.,0.000439333438659501),.UNSPECIFIED.);
#255=B_SPLINE_SURFACE_WITH_KNOTS('',2,1,((#11144,#11145),(#11146,#11147),
(#11148,#11149),(#11150,#11151)),.UNSPECIFIED.,.F.,.F.,.F.,(3,1,3),(2,2),
(0.,1.,2.),(0.,0.012),.UNSPECIFIED.);
#256=B_SPLINE_SURFACE_WITH_KNOTS('',2,1,((#11163,#11164),(#11165,#11166),
(#11167,#11168),(#11169,#11170)),.UNSPECIFIED.,.F.,.F.,.F.,(3,1,3),(2,2),
(0.,1.,2.),(0.,0.012),.UNSPECIFIED.);
#257=B_SPLINE_SURFACE_WITH_KNOTS('',2,1,((#11182,#11183),(#11184,#11185),
(#11186,#11187),(#11188,#11189)),.UNSPECIFIED.,.F.,.F.,.F.,(3,1,3),(2,2),
(0.,1.,2.),(0.,0.012),.UNSPECIFIED.);
#258=B_SPLINE_SURFACE_WITH_KNOTS('',2,1,((#11201,#11202),(#11203,#11204),
(#11205,#11206),(#11207,#11208)),.UNSPECIFIED.,.F.,.F.,.F.,(3,1,3),(2,2),
(0.,1.,2.),(0.,0.012),.UNSPECIFIED.);
#259=B_SPLINE_SURFACE_WITH_KNOTS('',2,1,((#11232,#11233),(#11234,#11235),
(#11236,#11237),(#11238,#11239)),.UNSPECIFIED.,.F.,.F.,.F.,(3,1,3),(2,2),
(0.,1.,2.),(0.,0.012),.UNSPECIFIED.);
#260=B_SPLINE_SURFACE_WITH_KNOTS('',2,1,((#11251,#11252),(#11253,#11254),
(#11255,#11256),(#11257,#11258)),.UNSPECIFIED.,.F.,.F.,.F.,(3,1,3),(2,2),
(0.,1.,2.),(0.,0.012),.UNSPECIFIED.);
#261=B_SPLINE_SURFACE_WITH_KNOTS('',2,1,((#11270,#11271),(#11272,#11273),
(#11274,#11275),(#11276,#11277)),.UNSPECIFIED.,.F.,.F.,.F.,(3,1,3),(2,2),
(0.,1.,2.),(0.,0.012),.UNSPECIFIED.);
#262=B_SPLINE_SURFACE_WITH_KNOTS('',2,1,((#11289,#11290),(#11291,#11292),
(#11293,#11294),(#11295,#11296)),.UNSPECIFIED.,.F.,.F.,.F.,(3,1,3),(2,2),
(0.,1.,2.),(0.,0.012),.UNSPECIFIED.);
#263=B_SPLINE_SURFACE_WITH_KNOTS('',2,1,((#11308,#11309),(#11310,#11311),
(#11312,#11313),(#11314,#11315)),.UNSPECIFIED.,.F.,.F.,.F.,(3,1,3),(2,2),
(0.,1.,2.),(0.,0.012),.UNSPECIFIED.);
#264=B_SPLINE_SURFACE_WITH_KNOTS('',2,1,((#11337,#11338),(#11339,#11340),
(#11341,#11342),(#11343,#11344)),.UNSPECIFIED.,.F.,.F.,.F.,(3,1,3),(2,2),
(0.,1.,2.),(0.,0.012),.UNSPECIFIED.);
#265=B_SPLINE_SURFACE_WITH_KNOTS('',2,1,((#11359,#11360),(#11361,#11362),
(#11363,#11364),(#11365,#11366)),.UNSPECIFIED.,.F.,.F.,.F.,(3,1,3),(2,2),
(0.,1.,2.),(0.,0.012),.UNSPECIFIED.);
#266=B_SPLINE_SURFACE_WITH_KNOTS('',2,1,((#11390,#11391),(#11392,#11393),
(#11394,#11395),(#11396,#11397)),.UNSPECIFIED.,.F.,.F.,.F.,(3,1,3),(2,2),
(0.,1.,2.),(0.,0.012),.UNSPECIFIED.);
#267=B_SPLINE_SURFACE_WITH_KNOTS('',2,1,((#11409,#11410),(#11411,#11412),
(#11413,#11414),(#11415,#11416)),.UNSPECIFIED.,.F.,.F.,.F.,(3,1,3),(2,2),
(0.,1.,2.),(0.,0.012),.UNSPECIFIED.);
#268=B_SPLINE_SURFACE_WITH_KNOTS('',2,1,((#11428,#11429),(#11430,#11431),
(#11432,#11433),(#11434,#11435)),.UNSPECIFIED.,.F.,.F.,.F.,(3,1,3),(2,2),
(0.,1.,2.),(0.,0.012),.UNSPECIFIED.);
#269=B_SPLINE_SURFACE_WITH_KNOTS('',2,1,((#11447,#11448),(#11449,#11450),
(#11451,#11452),(#11453,#11454)),.UNSPECIFIED.,.F.,.F.,.F.,(3,1,3),(2,2),
(0.,1.,2.),(0.,0.012),.UNSPECIFIED.);
#270=B_SPLINE_SURFACE_WITH_KNOTS('',2,1,((#11466,#11467),(#11468,#11469),
(#11470,#11471),(#11472,#11473)),.UNSPECIFIED.,.F.,.F.,.F.,(3,1,3),(2,2),
(0.,1.,2.),(0.,0.012),.UNSPECIFIED.);
#271=B_SPLINE_SURFACE_WITH_KNOTS('',2,1,((#11485,#11486),(#11487,#11488),
(#11489,#11490),(#11491,#11492)),.UNSPECIFIED.,.F.,.F.,.F.,(3,1,3),(2,2),
(0.,1.,2.),(0.,0.012),.UNSPECIFIED.);
#272=B_SPLINE_SURFACE_WITH_KNOTS('',2,1,((#11504,#11505),(#11506,#11507),
(#11508,#11509),(#11510,#11511)),.UNSPECIFIED.,.F.,.F.,.F.,(3,1,3),(2,2),
(0.,1.,2.),(0.,0.012),.UNSPECIFIED.);
#273=B_SPLINE_SURFACE_WITH_KNOTS('',2,1,((#11523,#11524),(#11525,#11526),
(#11527,#11528),(#11529,#11530)),.UNSPECIFIED.,.F.,.F.,.F.,(3,1,3),(2,2),
(0.,1.,2.),(0.,0.012),.UNSPECIFIED.);
#274=B_SPLINE_SURFACE_WITH_KNOTS('',2,1,((#11554,#11555),(#11556,#11557),
(#11558,#11559),(#11560,#11561)),.UNSPECIFIED.,.F.,.F.,.F.,(3,1,3),(2,2),
(0.,1.,2.),(0.,0.012),.UNSPECIFIED.);
#275=B_SPLINE_SURFACE_WITH_KNOTS('',2,1,((#11573,#11574),(#11575,#11576),
(#11577,#11578),(#11579,#11580)),.UNSPECIFIED.,.F.,.F.,.F.,(3,1,3),(2,2),
(0.,1.,2.),(0.,0.012),.UNSPECIFIED.);
#276=B_SPLINE_SURFACE_WITH_KNOTS('',2,1,((#11592,#11593),(#11594,#11595),
(#11596,#11597),(#11598,#11599)),.UNSPECIFIED.,.F.,.F.,.F.,(3,1,3),(2,2),
(0.,1.,2.),(0.,0.012),.UNSPECIFIED.);
#277=B_SPLINE_SURFACE_WITH_KNOTS('',2,1,((#11611,#11612),(#11613,#11614),
(#11615,#11616),(#11617,#11618)),.UNSPECIFIED.,.F.,.F.,.F.,(3,1,3),(2,2),
(0.,1.,2.),(0.,0.012),.UNSPECIFIED.);
#278=B_SPLINE_SURFACE_WITH_KNOTS('',2,1,((#11742,#11743),(#11744,#11745),
(#11746,#11747),(#11748,#11749)),.UNSPECIFIED.,.F.,.F.,.F.,(3,1,3),(2,2),
(0.,1.,2.),(0.,0.012),.UNSPECIFIED.);
#279=B_SPLINE_SURFACE_WITH_KNOTS('',2,1,((#11761,#11762),(#11763,#11764),
(#11765,#11766),(#11767,#11768)),.UNSPECIFIED.,.F.,.F.,.F.,(3,1,3),(2,2),
(0.,1.,2.),(0.,0.012),.UNSPECIFIED.);
#280=B_SPLINE_SURFACE_WITH_KNOTS('',2,1,((#11814,#11815),(#11816,#11817),
(#11818,#11819),(#11820,#11821)),.UNSPECIFIED.,.F.,.F.,.F.,(3,1,3),(2,2),
(0.,1.,2.),(0.,0.012),.UNSPECIFIED.);
#281=B_SPLINE_SURFACE_WITH_KNOTS('',2,1,((#11836,#11837),(#11838,#11839),
(#11840,#11841),(#11842,#11843)),.UNSPECIFIED.,.F.,.F.,.F.,(3,1,3),(2,2),
(0.,1.,2.),(0.,0.012),.UNSPECIFIED.);
#282=B_SPLINE_SURFACE_WITH_KNOTS('',2,1,((#11855,#11856),(#11857,#11858),
(#11859,#11860),(#11861,#11862)),.UNSPECIFIED.,.F.,.F.,.F.,(3,1,3),(2,2),
(0.,1.,2.),(0.,0.012),.UNSPECIFIED.);
#283=B_SPLINE_SURFACE_WITH_KNOTS('',2,1,((#11910,#11911),(#11912,#11913),
(#11914,#11915),(#11916,#11917)),.UNSPECIFIED.,.F.,.F.,.F.,(3,1,3),(2,2),
(0.,1.,2.),(0.,0.012),.UNSPECIFIED.);
#284=B_SPLINE_SURFACE_WITH_KNOTS('',2,1,((#11929,#11930),(#11931,#11932),
(#11933,#11934),(#11935,#11936)),.UNSPECIFIED.,.F.,.F.,.F.,(3,1,3),(2,2),
(0.,1.,2.),(0.,0.012),.UNSPECIFIED.);
#285=B_SPLINE_SURFACE_WITH_KNOTS('',2,1,((#11948,#11949),(#11950,#11951),
(#11952,#11953),(#11954,#11955)),.UNSPECIFIED.,.F.,.F.,.F.,(3,1,3),(2,2),
(0.,1.,2.),(0.,0.012),.UNSPECIFIED.);
#286=B_SPLINE_SURFACE_WITH_KNOTS('',2,1,((#11967,#11968),(#11969,#11970),
(#11971,#11972),(#11973,#11974)),.UNSPECIFIED.,.F.,.F.,.F.,(3,1,3),(2,2),
(0.,1.,2.),(0.,0.012),.UNSPECIFIED.);
#287=B_SPLINE_SURFACE_WITH_KNOTS('',2,1,((#11986,#11987),(#11988,#11989),
(#11990,#11991),(#11992,#11993)),.UNSPECIFIED.,.F.,.F.,.F.,(3,1,3),(2,2),
(0.,1.,2.),(0.,0.012),.UNSPECIFIED.);
#288=B_SPLINE_SURFACE_WITH_KNOTS('',2,1,((#12005,#12006),(#12007,#12008),
(#12009,#12010),(#12011,#12012)),.UNSPECIFIED.,.F.,.F.,.F.,(3,1,3),(2,2),
(0.,1.,2.),(0.,0.012),.UNSPECIFIED.);
#289=B_SPLINE_SURFACE_WITH_KNOTS('',2,1,((#12024,#12025),(#12026,#12027),
(#12028,#12029),(#12030,#12031)),.UNSPECIFIED.,.F.,.F.,.F.,(3,1,3),(2,2),
(0.,1.,2.),(0.,0.012),.UNSPECIFIED.);
#290=B_SPLINE_SURFACE_WITH_KNOTS('',2,1,((#12055,#12056),(#12057,#12058),
(#12059,#12060),(#12061,#12062)),.UNSPECIFIED.,.F.,.F.,.F.,(3,1,3),(2,2),
(0.,1.,2.),(0.,0.012),.UNSPECIFIED.);
#291=B_SPLINE_SURFACE_WITH_KNOTS('',2,1,((#12074,#12075),(#12076,#12077),
(#12078,#12079),(#12080,#12081)),.UNSPECIFIED.,.F.,.F.,.F.,(3,1,3),(2,2),
(0.,1.,2.),(0.,0.012),.UNSPECIFIED.);
#292=B_SPLINE_SURFACE_WITH_KNOTS('',2,1,((#12093,#12094),(#12095,#12096),
(#12097,#12098),(#12099,#12100)),.UNSPECIFIED.,.F.,.F.,.F.,(3,1,3),(2,2),
(0.,1.,2.),(0.,0.012),.UNSPECIFIED.);
#293=MANIFOLD_SOLID_BREP('Corpo1',#8518);
#294=MANIFOLD_SOLID_BREP('Corpo3',#8519);
#295=MANIFOLD_SOLID_BREP('Corpo4',#8520);
#296=MANIFOLD_SOLID_BREP('Corpo1',#8521);
#297=MANIFOLD_SOLID_BREP('Corpo1',#8522);
#298=FACE_BOUND('',#1147,.T.);
#299=FACE_BOUND('',#1148,.T.);
#300=FACE_BOUND('',#1149,.T.);
#301=FACE_BOUND('',#1150,.T.);
#302=FACE_BOUND('',#1151,.T.);
#303=FACE_BOUND('',#1152,.T.);
#304=FACE_BOUND('',#1153,.T.);
#305=FACE_BOUND('',#1154,.T.);
#306=FACE_BOUND('',#1155,.T.);
#307=FACE_BOUND('',#1156,.T.);
#308=FACE_BOUND('',#1160,.T.);
#309=FACE_BOUND('',#1161,.T.);
#310=FACE_BOUND('',#1162,.T.);
#311=FACE_BOUND('',#1163,.T.);
#312=FACE_BOUND('',#1164,.T.);
#313=FACE_BOUND('',#1165,.T.);
#314=FACE_BOUND('',#1166,.T.);
#315=FACE_BOUND('',#1167,.T.);
#316=FACE_BOUND('',#1168,.T.);
#317=FACE_BOUND('',#1169,.T.);
#318=FACE_BOUND('',#1183,.T.);
#319=FACE_BOUND('',#1272,.T.);
#320=FACE_BOUND('',#1273,.T.);
#321=FACE_BOUND('',#1274,.T.);
#322=FACE_BOUND('',#1275,.T.);
#323=FACE_BOUND('',#1276,.T.);
#324=FACE_BOUND('',#1277,.T.);
#325=FACE_BOUND('',#1278,.T.);
#326=FACE_BOUND('',#1279,.T.);
#327=FACE_BOUND('',#1396,.T.);
#328=FACE_BOUND('',#1400,.T.);
#329=FACE_BOUND('',#1403,.T.);
#330=FACE_BOUND('',#1415,.T.);
#331=FACE_BOUND('',#1422,.T.);
#332=FACE_BOUND('',#1423,.T.);
#333=FACE_BOUND('',#1424,.T.);
#334=FACE_BOUND('',#1425,.T.);
#335=FACE_BOUND('',#1426,.T.);
#336=FACE_BOUND('',#1427,.T.);
#337=FACE_BOUND('',#1428,.T.);
#338=FACE_BOUND('',#1429,.T.);
#339=FACE_BOUND('',#1430,.T.);
#340=FACE_BOUND('',#1431,.T.);
#341=FACE_BOUND('',#1432,.T.);
#342=FACE_BOUND('',#1433,.T.);
#343=FACE_BOUND('',#1434,.T.);
#344=FACE_BOUND('',#1435,.T.);
#345=FACE_BOUND('',#1500,.T.);
#346=FACE_BOUND('',#1501,.T.);
#347=FACE_BOUND('',#1502,.T.);
#348=FACE_BOUND('',#1503,.T.);
#349=FACE_BOUND('',#1504,.T.);
#350=FACE_BOUND('',#1505,.T.);
#351=FACE_BOUND('',#1506,.T.);
#352=FACE_BOUND('',#1507,.T.);
#353=STYLED_ITEM('',(#15064),#8153);
#354=STYLED_ITEM('',(#15064),#8156);
#355=STYLED_ITEM('',(#15063),#293);
#356=STYLED_ITEM('',(#15064),#8157);
#357=STYLED_ITEM('',(#15066),#8257);
#358=STYLED_ITEM('',(#15066),#8314);
#359=STYLED_ITEM('',(#15066),#8315);
#360=STYLED_ITEM('',(#15066),#8316);
#361=STYLED_ITEM('',(#15066),#8317);
#362=STYLED_ITEM('',(#15066),#8318);
#363=STYLED_ITEM('',(#15063),#294);
#364=STYLED_ITEM('',(#15064),#8319);
#365=STYLED_ITEM('',(#15067),#8321);
#366=STYLED_ITEM('',(#15067),#8328);
#367=STYLED_ITEM('',(#15067),#8360);
#368=STYLED_ITEM('',(#15067),#8361);
#369=STYLED_ITEM('',(#15067),#8369);
#370=STYLED_ITEM('',(#15067),#8370);
#371=STYLED_ITEM('',(#15067),#8371);
#372=STYLED_ITEM('',(#15063),#295);
#373=STYLED_ITEM('',(#15067),#8374);
#374=STYLED_ITEM('',(#15067),#8377);
#375=STYLED_ITEM('',(#15067),#8379);
#376=STYLED_ITEM('',(#15067),#8390);
#377=STYLED_ITEM('',(#15067),#8391);
#378=STYLED_ITEM('',(#15067),#8392);
#379=STYLED_ITEM('',(#15067),#8393);
#380=STYLED_ITEM('',(#15067),#8394);
#381=STYLED_ITEM('',(#15067),#8395);
#382=STYLED_ITEM('',(#15067),#8396);
#383=STYLED_ITEM('',(#15067),#8397);
#384=STYLED_ITEM('',(#15067),#8398);
#385=STYLED_ITEM('',(#15067),#8399);
#386=STYLED_ITEM('',(#15067),#8400);
#387=STYLED_ITEM('',(#15067),#8437);
#388=STYLED_ITEM('',(#15067),#8438);
#389=STYLED_ITEM('',(#15067),#8439);
#390=STYLED_ITEM('',(#15067),#8440);
#391=STYLED_ITEM('',(#15067),#8441);
#392=STYLED_ITEM('',(#15067),#8442);
#393=STYLED_ITEM('',(#15067),#8443);
#394=STYLED_ITEM('',(#15067),#8444);
#395=STYLED_ITEM('',(#15063),#296);
#396=STYLED_ITEM('',(#15069),#8459);
#397=STYLED_ITEM('',(#15070),#8460);
#398=STYLED_ITEM('',(#15069),#8476);
#399=STYLED_ITEM('',(#15071),#8477);
#400=STYLED_ITEM('',(#15071),#8478);
#401=STYLED_ITEM('',(#15071),#8479);
#402=STYLED_ITEM('',(#15071),#8480);
#403=STYLED_ITEM('',(#15071),#8481);
#404=STYLED_ITEM('',(#15071),#8482);
#405=STYLED_ITEM('',(#15071),#8483);
#406=STYLED_ITEM('',(#15071),#8484);
#407=STYLED_ITEM('',(#15071),#8485);
#408=STYLED_ITEM('',(#15071),#8486);
#409=STYLED_ITEM('',(#15071),#8487);
#410=STYLED_ITEM('',(#15071),#8488);
#411=STYLED_ITEM('',(#15071),#8489);
#412=STYLED_ITEM('',(#15071),#8490);
#413=STYLED_ITEM('',(#15071),#8491);
#414=STYLED_ITEM('',(#15071),#8492);
#415=STYLED_ITEM('',(#15071),#8493);
#416=STYLED_ITEM('',(#15071),#8494);
#417=STYLED_ITEM('',(#15071),#8495);
#418=STYLED_ITEM('',(#15071),#8496);
#419=STYLED_ITEM('',(#15071),#8497);
#420=STYLED_ITEM('',(#15071),#8498);
#421=STYLED_ITEM('',(#15071),#8499);
#422=STYLED_ITEM('',(#15071),#8500);
#423=STYLED_ITEM('',(#15071),#8501);
#424=STYLED_ITEM('',(#15071),#8502);
#425=STYLED_ITEM('',(#15071),#8503);
#426=STYLED_ITEM('',(#15071),#8504);
#427=STYLED_ITEM('',(#15071),#8505);
#428=STYLED_ITEM('',(#15071),#8506);
#429=STYLED_ITEM('',(#15071),#8507);
#430=STYLED_ITEM('',(#15071),#8508);
#431=STYLED_ITEM('',(#15071),#8509);
#432=STYLED_ITEM('',(#15071),#8510);
#433=STYLED_ITEM('',(#15071),#8511);
#434=STYLED_ITEM('',(#15071),#8512);
#435=STYLED_ITEM('',(#15071),#8513);
#436=STYLED_ITEM('',(#15071),#8514);
#437=STYLED_ITEM('',(#15071),#8515);
#438=STYLED_ITEM('',(#15071),#8516);
#439=STYLED_ITEM('',(#15068),#297);
#440=PLANE('',#8589);
#441=PLANE('',#8590);
#442=PLANE('',#8591);
#443=PLANE('',#8592);
#444=PLANE('',#8593);
#445=PLANE('',#8594);
#446=PLANE('',#8595);
#447=PLANE('',#8596);
#448=PLANE('',#8597);
#449=PLANE('',#8598);
#450=PLANE('',#8599);
#451=PLANE('',#8600);
#452=PLANE('',#8601);
#453=PLANE('',#8602);
#454=PLANE('',#8603);
#455=PLANE('',#8604);
#456=PLANE('',#8605);
#457=PLANE('',#8606);
#458=PLANE('',#8607);
#459=PLANE('',#8608);
#460=PLANE('',#8609);
#461=PLANE('',#8610);
#462=PLANE('',#8611);
#463=PLANE('',#8612);
#464=PLANE('',#8613);
#465=PLANE('',#8614);
#466=PLANE('',#8615);
#467=PLANE('',#8616);
#468=PLANE('',#8617);
#469=PLANE('',#8618);
#470=PLANE('',#8619);
#471=PLANE('',#8620);
#472=PLANE('',#8621);
#473=PLANE('',#8622);
#474=PLANE('',#8623);
#475=PLANE('',#8624);
#476=PLANE('',#8625);
#477=PLANE('',#8626);
#478=PLANE('',#8627);
#479=PLANE('',#8628);
#480=PLANE('',#8629);
#481=PLANE('',#8630);
#482=PLANE('',#8631);
#483=PLANE('',#8632);
#484=PLANE('',#8633);
#485=PLANE('',#8634);
#486=PLANE('',#8638);
#487=PLANE('',#8639);
#488=PLANE('',#8640);
#489=PLANE('',#8641);
#490=PLANE('',#8642);
#491=PLANE('',#8643);
#492=PLANE('',#8644);
#493=PLANE('',#8645);
#494=PLANE('',#8646);
#495=PLANE('',#8647);
#496=PLANE('',#8648);
#497=PLANE('',#8649);
#498=PLANE('',#8650);
#499=PLANE('',#8651);
#500=PLANE('',#8652);
#501=PLANE('',#8653);
#502=PLANE('',#8654);
#503=PLANE('',#8655);
#504=PLANE('',#8656);
#505=PLANE('',#8657);
#506=PLANE('',#8658);
#507=PLANE('',#8659);
#508=PLANE('',#8660);
#509=PLANE('',#8661);
#510=PLANE('',#8662);
#511=PLANE('',#8663);
#512=PLANE('',#8664);
#513=PLANE('',#8665);
#514=PLANE('',#8666);
#515=PLANE('',#8667);
#516=PLANE('',#8668);
#517=PLANE('',#8669);
#518=PLANE('',#8670);
#519=PLANE('',#8671);
#520=PLANE('',#8672);
#521=PLANE('',#8673);
#522=PLANE('',#8674);
#523=PLANE('',#8675);
#524=PLANE('',#8676);
#525=PLANE('',#8677);
#526=PLANE('',#8678);
#527=PLANE('',#8679);
#528=PLANE('',#8680);
#529=PLANE('',#8681);
#530=PLANE('',#8682);
#531=PLANE('',#8683);
#532=PLANE('',#8684);
#533=PLANE('',#8685);
#534=PLANE('',#8686);
#535=PLANE('',#8687);
#536=PLANE('',#8688);
#537=PLANE('',#8689);
#538=PLANE('',#8690);
#539=PLANE('',#8691);
#540=PLANE('',#8692);
#541=PLANE('',#8693);
#542=PLANE('',#8694);
#543=PLANE('',#8695);
#544=PLANE('',#8696);
#545=PLANE('',#8697);
#546=PLANE('',#8698);
#547=PLANE('',#8699);
#548=PLANE('',#8700);
#549=PLANE('',#8701);
#550=PLANE('',#8702);
#551=PLANE('',#8703);
#552=PLANE('',#8704);
#553=PLANE('',#8705);
#554=PLANE('',#8706);
#555=PLANE('',#8707);
#556=PLANE('',#8708);
#557=PLANE('',#8709);
#558=PLANE('',#8710);
#559=PLANE('',#8711);
#560=PLANE('',#8712);
#561=PLANE('',#8713);
#562=PLANE('',#8714);
#563=PLANE('',#8715);
#564=PLANE('',#8716);
#565=PLANE('',#8717);
#566=PLANE('',#8718);
#567=PLANE('',#8719);
#568=PLANE('',#8720);
#569=PLANE('',#8721);
#570=PLANE('',#8722);
#571=PLANE('',#8723);
#572=PLANE('',#8724);
#573=PLANE('',#8725);
#574=PLANE('',#8726);
#575=PLANE('',#8727);
#576=PLANE('',#8728);
#577=PLANE('',#8729);
#578=PLANE('',#8733);
#579=PLANE('',#8734);
#580=PLANE('',#8746);
#581=PLANE('',#8747);
#582=PLANE('',#8751);
#583=PLANE('',#8752);
#584=PLANE('',#8756);
#585=PLANE('',#8759);
#586=PLANE('',#8760);
#587=PLANE('',#8761);
#588=PLANE('',#8762);
#589=PLANE('',#8763);
#590=PLANE('',#8764);
#591=PLANE('',#8765);
#592=PLANE('',#8766);
#593=PLANE('',#8767);
#594=PLANE('',#8768);
#595=PLANE('',#8769);
#596=PLANE('',#8770);
#597=PLANE('',#8771);
#598=PLANE('',#8772);
#599=PLANE('',#8773);
#600=PLANE('',#8774);
#601=PLANE('',#8775);
#602=PLANE('',#8776);
#603=PLANE('',#8777);
#604=PLANE('',#8778);
#605=PLANE('',#8779);
#606=PLANE('',#8780);
#607=PLANE('',#8781);
#608=PLANE('',#8782);
#609=PLANE('',#8783);
#610=PLANE('',#8784);
#611=PLANE('',#8785);
#612=PLANE('',#8786);
#613=PLANE('',#8787);
#614=PLANE('',#8788);
#615=PLANE('',#8789);
#616=PLANE('',#8790);
#617=PLANE('',#8791);
#618=PLANE('',#8792);
#619=PLANE('',#8793);
#620=PLANE('',#8794);
#621=PLANE('',#8795);
#622=PLANE('',#8796);
#623=PLANE('',#8798);
#624=PLANE('',#8799);
#625=PLANE('',#8800);
#626=PLANE('',#8801);
#627=PLANE('',#8802);
#628=PLANE('',#8803);
#629=PLANE('',#8804);
#630=PLANE('',#8805);
#631=PLANE('',#8806);
#632=PLANE('',#8807);
#633=PLANE('',#8808);
#634=PLANE('',#8809);
#635=PLANE('',#8810);
#636=PLANE('',#8811);
#637=PLANE('',#8812);
#638=PLANE('',#8813);
#639=PLANE('',#8814);
#640=PLANE('',#8815);
#641=PLANE('',#8816);
#642=PLANE('',#8817);
#643=PLANE('',#8818);
#644=PLANE('',#8819);
#645=PLANE('',#8820);
#646=PLANE('',#8821);
#647=PLANE('',#8822);
#648=PLANE('',#8823);
#649=PLANE('',#8824);
#650=PLANE('',#8825);
#651=PLANE('',#8826);
#652=PLANE('',#8827);
#653=PLANE('',#8828);
#654=PLANE('',#8829);
#655=PLANE('',#8830);
#656=PLANE('',#8831);
#657=PLANE('',#8832);
#658=PLANE('',#8833);
#659=PLANE('',#8838);
#660=PLANE('',#8843);
#661=PLANE('',#8844);
#662=PLANE('',#8845);
#663=PLANE('',#8846);
#664=PLANE('',#8847);
#665=PLANE('',#8848);
#666=PLANE('',#8849);
#667=PLANE('',#8850);
#668=PLANE('',#8853);
#669=PLANE('',#8856);
#670=PLANE('',#8857);
#671=PLANE('',#8858);
#672=PLANE('',#8859);
#673=PLANE('',#8860);
#674=PLANE('',#8861);
#675=PLANE('',#8862);
#676=PLANE('',#8863);
#677=PLANE('',#8868);
#678=PLANE('',#8873);
#679=PLANE('',#8874);
#680=PLANE('',#8875);
#681=PLANE('',#8876);
#682=PLANE('',#8877);
#683=PLANE('',#8878);
#684=PLANE('',#8879);
#685=PLANE('',#8880);
#686=PLANE('',#8885);
#687=PLANE('',#8921);
#688=PLANE('',#8926);
#689=PLANE('',#8932);
#690=PLANE('',#8935);
#691=PLANE('',#8938);
#692=PLANE('',#8941);
#693=PLANE('',#8942);
#694=PLANE('',#8943);
#695=PLANE('',#8944);
#696=PLANE('',#8945);
#697=PLANE('',#8946);
#698=PLANE('',#8947);
#699=PLANE('',#8948);
#700=PLANE('',#8950);
#701=PLANE('',#8951);
#702=PLANE('',#8952);
#703=PLANE('',#8953);
#704=PLANE('',#8954);
#705=PLANE('',#8955);
#706=PLANE('',#8956);
#707=PLANE('',#8957);
#708=PLANE('',#8958);
#709=PLANE('',#8959);
#710=PLANE('',#8960);
#711=PLANE('',#8961);
#712=PLANE('',#8962);
#713=PLANE('',#8963);
#714=PLANE('',#8964);
#715=PLANE('',#8965);
#716=PLANE('',#8966);
#717=PLANE('',#8967);
#718=PLANE('',#8968);
#719=PLANE('',#8969);
#720=PLANE('',#8970);
#721=PLANE('',#8971);
#722=PLANE('',#8972);
#723=PLANE('',#8973);
#724=PLANE('',#8974);
#725=PLANE('',#8975);
#726=PLANE('',#8976);
#727=PLANE('',#8977);
#728=PLANE('',#8978);
#729=PLANE('',#8979);
#730=PLANE('',#8980);
#731=PLANE('',#8981);
#732=PLANE('',#8982);
#733=PLANE('',#8983);
#734=PLANE('',#8984);
#735=PLANE('',#8985);
#736=PLANE('',#8986);
#737=PLANE('',#8987);
#738=PLANE('',#8988);
#739=PLANE('',#8989);
#740=PLANE('',#8990);
#741=FACE_OUTER_BOUND('',#1126,.T.);
#742=FACE_OUTER_BOUND('',#1127,.T.);
#743=FACE_OUTER_BOUND('',#1128,.T.);
#744=FACE_OUTER_BOUND('',#1129,.T.);
#745=FACE_OUTER_BOUND('',#1130,.T.);
#746=FACE_OUTER_BOUND('',#1131,.T.);
#747=FACE_OUTER_BOUND('',#1132,.T.);
#748=FACE_OUTER_BOUND('',#1133,.T.);
#749=FACE_OUTER_BOUND('',#1134,.T.);
#750=FACE_OUTER_BOUND('',#1135,.T.);
#751=FACE_OUTER_BOUND('',#1136,.T.);
#752=FACE_OUTER_BOUND('',#1137,.T.);
#753=FACE_OUTER_BOUND('',#1138,.T.);
#754=FACE_OUTER_BOUND('',#1139,.T.);
#755=FACE_OUTER_BOUND('',#1140,.T.);
#756=FACE_OUTER_BOUND('',#1141,.T.);
#757=FACE_OUTER_BOUND('',#1142,.T.);
#758=FACE_OUTER_BOUND('',#1143,.T.);
#759=FACE_OUTER_BOUND('',#1144,.T.);
#760=FACE_OUTER_BOUND('',#1145,.T.);
#761=FACE_OUTER_BOUND('',#1146,.T.);
#762=FACE_OUTER_BOUND('',#1157,.T.);
#763=FACE_OUTER_BOUND('',#1158,.T.);
#764=FACE_OUTER_BOUND('',#1159,.T.);
#765=FACE_OUTER_BOUND('',#1170,.T.);
#766=FACE_OUTER_BOUND('',#1171,.T.);
#767=FACE_OUTER_BOUND('',#1172,.T.);
#768=FACE_OUTER_BOUND('',#1173,.T.);
#769=FACE_OUTER_BOUND('',#1174,.T.);
#770=FACE_OUTER_BOUND('',#1175,.T.);
#771=FACE_OUTER_BOUND('',#1176,.T.);
#772=FACE_OUTER_BOUND('',#1177,.T.);
#773=FACE_OUTER_BOUND('',#1178,.T.);
#774=FACE_OUTER_BOUND('',#1179,.T.);
#775=FACE_OUTER_BOUND('',#1180,.T.);
#776=FACE_OUTER_BOUND('',#1181,.T.);
#777=FACE_OUTER_BOUND('',#1182,.T.);
#778=FACE_OUTER_BOUND('',#1184,.T.);
#779=FACE_OUTER_BOUND('',#1185,.T.);
#780=FACE_OUTER_BOUND('',#1186,.T.);
#781=FACE_OUTER_BOUND('',#1187,.T.);
#782=FACE_OUTER_BOUND('',#1188,.T.);
#783=FACE_OUTER_BOUND('',#1189,.T.);
#784=FACE_OUTER_BOUND('',#1190,.T.);
#785=FACE_OUTER_BOUND('',#1191,.T.);
#786=FACE_OUTER_BOUND('',#1192,.T.);
#787=FACE_OUTER_BOUND('',#1193,.T.);
#788=FACE_OUTER_BOUND('',#1194,.T.);
#789=FACE_OUTER_BOUND('',#1195,.T.);
#790=FACE_OUTER_BOUND('',#1196,.T.);
#791=FACE_OUTER_BOUND('',#1197,.T.);
#792=FACE_OUTER_BOUND('',#1198,.T.);
#793=FACE_OUTER_BOUND('',#1199,.T.);
#794=FACE_OUTER_BOUND('',#1200,.T.);
#795=FACE_OUTER_BOUND('',#1201,.T.);
#796=FACE_OUTER_BOUND('',#1202,.T.);
#797=FACE_OUTER_BOUND('',#1203,.T.);
#798=FACE_OUTER_BOUND('',#1204,.T.);
#799=FACE_OUTER_BOUND('',#1205,.T.);
#800=FACE_OUTER_BOUND('',#1206,.T.);
#801=FACE_OUTER_BOUND('',#1207,.T.);
#802=FACE_OUTER_BOUND('',#1208,.T.);
#803=FACE_OUTER_BOUND('',#1209,.T.);
#804=FACE_OUTER_BOUND('',#1210,.T.);
#805=FACE_OUTER_BOUND('',#1211,.T.);
#806=FACE_OUTER_BOUND('',#1212,.T.);
#807=FACE_OUTER_BOUND('',#1213,.T.);
#808=FACE_OUTER_BOUND('',#1214,.T.);
#809=FACE_OUTER_BOUND('',#1215,.T.);
#810=FACE_OUTER_BOUND('',#1216,.T.);
#811=FACE_OUTER_BOUND('',#1217,.T.);
#812=FACE_OUTER_BOUND('',#1218,.T.);
#813=FACE_OUTER_BOUND('',#1219,.T.);
#814=FACE_OUTER_BOUND('',#1220,.T.);
#815=FACE_OUTER_BOUND('',#1221,.T.);
#816=FACE_OUTER_BOUND('',#1222,.T.);
#817=FACE_OUTER_BOUND('',#1223,.T.);
#818=FACE_OUTER_BOUND('',#1224,.T.);
#819=FACE_OUTER_BOUND('',#1225,.T.);
#820=FACE_OUTER_BOUND('',#1226,.T.);
#821=FACE_OUTER_BOUND('',#1227,.T.);
#822=FACE_OUTER_BOUND('',#1228,.T.);
#823=FACE_OUTER_BOUND('',#1229,.T.);
#824=FACE_OUTER_BOUND('',#1230,.T.);
#825=FACE_OUTER_BOUND('',#1231,.T.);
#826=FACE_OUTER_BOUND('',#1232,.T.);
#827=FACE_OUTER_BOUND('',#1233,.T.);
#828=FACE_OUTER_BOUND('',#1234,.T.);
#829=FACE_OUTER_BOUND('',#1235,.T.);
#830=FACE_OUTER_BOUND('',#1236,.T.);
#831=FACE_OUTER_BOUND('',#1237,.T.);
#832=FACE_OUTER_BOUND('',#1238,.T.);
#833=FACE_OUTER_BOUND('',#1239,.T.);
#834=FACE_OUTER_BOUND('',#1240,.T.);
#835=FACE_OUTER_BOUND('',#1241,.T.);
#836=FACE_OUTER_BOUND('',#1242,.T.);
#837=FACE_OUTER_BOUND('',#1243,.T.);
#838=FACE_OUTER_BOUND('',#1244,.T.);
#839=FACE_OUTER_BOUND('',#1245,.T.);
#840=FACE_OUTER_BOUND('',#1246,.T.);
#841=FACE_OUTER_BOUND('',#1247,.T.);
#842=FACE_OUTER_BOUND('',#1248,.T.);
#843=FACE_OUTER_BOUND('',#1249,.T.);
#844=FACE_OUTER_BOUND('',#1250,.T.);
#845=FACE_OUTER_BOUND('',#1251,.T.);
#846=FACE_OUTER_BOUND('',#1252,.T.);
#847=FACE_OUTER_BOUND('',#1253,.T.);
#848=FACE_OUTER_BOUND('',#1254,.T.);
#849=FACE_OUTER_BOUND('',#1255,.T.);
#850=FACE_OUTER_BOUND('',#1256,.T.);
#851=FACE_OUTER_BOUND('',#1257,.T.);
#852=FACE_OUTER_BOUND('',#1258,.T.);
#853=FACE_OUTER_BOUND('',#1259,.T.);
#854=FACE_OUTER_BOUND('',#1260,.T.);
#855=FACE_OUTER_BOUND('',#1261,.T.);
#856=FACE_OUTER_BOUND('',#1262,.T.);
#857=FACE_OUTER_BOUND('',#1263,.T.);
#858=FACE_OUTER_BOUND('',#1264,.T.);
#859=FACE_OUTER_BOUND('',#1265,.T.);
#860=FACE_OUTER_BOUND('',#1266,.T.);
#861=FACE_OUTER_BOUND('',#1267,.T.);
#862=FACE_OUTER_BOUND('',#1268,.T.);
#863=FACE_OUTER_BOUND('',#1269,.T.);
#864=FACE_OUTER_BOUND('',#1270,.T.);
#865=FACE_OUTER_BOUND('',#1271,.T.);
#866=FACE_OUTER_BOUND('',#1280,.T.);
#867=FACE_OUTER_BOUND('',#1281,.T.);
#868=FACE_OUTER_BOUND('',#1282,.T.);
#869=FACE_OUTER_BOUND('',#1283,.T.);
#870=FACE_OUTER_BOUND('',#1284,.T.);
#871=FACE_OUTER_BOUND('',#1285,.T.);
#872=FACE_OUTER_BOUND('',#1286,.T.);
#873=FACE_OUTER_BOUND('',#1287,.T.);
#874=FACE_OUTER_BOUND('',#1288,.T.);
#875=FACE_OUTER_BOUND('',#1289,.T.);
#876=FACE_OUTER_BOUND('',#1290,.T.);
#877=FACE_OUTER_BOUND('',#1291,.T.);
#878=FACE_OUTER_BOUND('',#1292,.T.);
#879=FACE_OUTER_BOUND('',#1293,.T.);
#880=FACE_OUTER_BOUND('',#1294,.T.);
#881=FACE_OUTER_BOUND('',#1295,.T.);
#882=FACE_OUTER_BOUND('',#1296,.T.);
#883=FACE_OUTER_BOUND('',#1297,.T.);
#884=FACE_OUTER_BOUND('',#1298,.T.);
#885=FACE_OUTER_BOUND('',#1299,.T.);
#886=FACE_OUTER_BOUND('',#1300,.T.);
#887=FACE_OUTER_BOUND('',#1301,.T.);
#888=FACE_OUTER_BOUND('',#1302,.T.);
#889=FACE_OUTER_BOUND('',#1303,.T.);
#890=FACE_OUTER_BOUND('',#1304,.T.);
#891=FACE_OUTER_BOUND('',#1305,.T.);
#892=FACE_OUTER_BOUND('',#1306,.T.);
#893=FACE_OUTER_BOUND('',#1307,.T.);
#894=FACE_OUTER_BOUND('',#1308,.T.);
#895=FACE_OUTER_BOUND('',#1309,.T.);
#896=FACE_OUTER_BOUND('',#1310,.T.);
#897=FACE_OUTER_BOUND('',#1311,.T.);
#898=FACE_OUTER_BOUND('',#1312,.T.);
#899=FACE_OUTER_BOUND('',#1313,.T.);
#900=FACE_OUTER_BOUND('',#1314,.T.);
#901=FACE_OUTER_BOUND('',#1315,.T.);
#902=FACE_OUTER_BOUND('',#1316,.T.);
#903=FACE_OUTER_BOUND('',#1317,.T.);
#904=FACE_OUTER_BOUND('',#1318,.T.);
#905=FACE_OUTER_BOUND('',#1319,.T.);
#906=FACE_OUTER_BOUND('',#1320,.T.);
#907=FACE_OUTER_BOUND('',#1321,.T.);
#908=FACE_OUTER_BOUND('',#1322,.T.);
#909=FACE_OUTER_BOUND('',#1323,.T.);
#910=FACE_OUTER_BOUND('',#1324,.T.);
#911=FACE_OUTER_BOUND('',#1325,.T.);
#912=FACE_OUTER_BOUND('',#1326,.T.);
#913=FACE_OUTER_BOUND('',#1327,.T.);
#914=FACE_OUTER_BOUND('',#1328,.T.);
#915=FACE_OUTER_BOUND('',#1329,.T.);
#916=FACE_OUTER_BOUND('',#1330,.T.);
#917=FACE_OUTER_BOUND('',#1331,.T.);
#918=FACE_OUTER_BOUND('',#1332,.T.);
#919=FACE_OUTER_BOUND('',#1333,.T.);
#920=FACE_OUTER_BOUND('',#1334,.T.);
#921=FACE_OUTER_BOUND('',#1335,.T.);
#922=FACE_OUTER_BOUND('',#1336,.T.);
#923=FACE_OUTER_BOUND('',#1337,.T.);
#924=FACE_OUTER_BOUND('',#1338,.T.);
#925=FACE_OUTER_BOUND('',#1339,.T.);
#926=FACE_OUTER_BOUND('',#1340,.T.);
#927=FACE_OUTER_BOUND('',#1341,.T.);
#928=FACE_OUTER_BOUND('',#1342,.T.);
#929=FACE_OUTER_BOUND('',#1343,.T.);
#930=FACE_OUTER_BOUND('',#1344,.T.);
#931=FACE_OUTER_BOUND('',#1345,.T.);
#932=FACE_OUTER_BOUND('',#1346,.T.);
#933=FACE_OUTER_BOUND('',#1347,.T.);
#934=FACE_OUTER_BOUND('',#1348,.T.);
#935=FACE_OUTER_BOUND('',#1349,.T.);
#936=FACE_OUTER_BOUND('',#1350,.T.);
#937=FACE_OUTER_BOUND('',#1351,.T.);
#938=FACE_OUTER_BOUND('',#1352,.T.);
#939=FACE_OUTER_BOUND('',#1353,.T.);
#940=FACE_OUTER_BOUND('',#1354,.T.);
#941=FACE_OUTER_BOUND('',#1355,.T.);
#942=FACE_OUTER_BOUND('',#1356,.T.);
#943=FACE_OUTER_BOUND('',#1357,.T.);
#944=FACE_OUTER_BOUND('',#1358,.T.);
#945=FACE_OUTER_BOUND('',#1359,.T.);
#946=FACE_OUTER_BOUND('',#1360,.T.);
#947=FACE_OUTER_BOUND('',#1361,.T.);
#948=FACE_OUTER_BOUND('',#1362,.T.);
#949=FACE_OUTER_BOUND('',#1363,.T.);
#950=FACE_OUTER_BOUND('',#1364,.T.);
#951=FACE_OUTER_BOUND('',#1365,.T.);
#952=FACE_OUTER_BOUND('',#1366,.T.);
#953=FACE_OUTER_BOUND('',#1367,.T.);
#954=FACE_OUTER_BOUND('',#1368,.T.);
#955=FACE_OUTER_BOUND('',#1369,.T.);
#956=FACE_OUTER_BOUND('',#1370,.T.);
#957=FACE_OUTER_BOUND('',#1371,.T.);
#958=FACE_OUTER_BOUND('',#1372,.T.);
#959=FACE_OUTER_BOUND('',#1373,.T.);
#960=FACE_OUTER_BOUND('',#1374,.T.);
#961=FACE_OUTER_BOUND('',#1375,.T.);
#962=FACE_OUTER_BOUND('',#1376,.T.);
#963=FACE_OUTER_BOUND('',#1377,.T.);
#964=FACE_OUTER_BOUND('',#1378,.T.);
#965=FACE_OUTER_BOUND('',#1379,.T.);
#966=FACE_OUTER_BOUND('',#1380,.T.);
#967=FACE_OUTER_BOUND('',#1381,.T.);
#968=FACE_OUTER_BOUND('',#1382,.T.);
#969=FACE_OUTER_BOUND('',#1383,.T.);
#970=FACE_OUTER_BOUND('',#1384,.T.);
#971=FACE_OUTER_BOUND('',#1385,.T.);
#972=FACE_OUTER_BOUND('',#1386,.T.);
#973=FACE_OUTER_BOUND('',#1387,.T.);
#974=FACE_OUTER_BOUND('',#1388,.T.);
#975=FACE_OUTER_BOUND('',#1389,.T.);
#976=FACE_OUTER_BOUND('',#1390,.T.);
#977=FACE_OUTER_BOUND('',#1391,.T.);
#978=FACE_OUTER_BOUND('',#1392,.T.);
#979=FACE_OUTER_BOUND('',#1393,.T.);
#980=FACE_OUTER_BOUND('',#1394,.T.);
#981=FACE_OUTER_BOUND('',#1395,.T.);
#982=FACE_OUTER_BOUND('',#1397,.T.);
#983=FACE_OUTER_BOUND('',#1398,.T.);
#984=FACE_OUTER_BOUND('',#1399,.T.);
#985=FACE_OUTER_BOUND('',#1401,.T.);
#986=FACE_OUTER_BOUND('',#1402,.T.);
#987=FACE_OUTER_BOUND('',#1404,.T.);
#988=FACE_OUTER_BOUND('',#1405,.T.);
#989=FACE_OUTER_BOUND('',#1406,.T.);
#990=FACE_OUTER_BOUND('',#1407,.T.);
#991=FACE_OUTER_BOUND('',#1408,.T.);
#992=FACE_OUTER_BOUND('',#1409,.T.);
#993=FACE_OUTER_BOUND('',#1410,.T.);
#994=FACE_OUTER_BOUND('',#1411,.T.);
#995=FACE_OUTER_BOUND('',#1412,.T.);
#996=FACE_OUTER_BOUND('',#1413,.T.);
#997=FACE_OUTER_BOUND('',#1414,.T.);
#998=FACE_OUTER_BOUND('',#1416,.T.);
#999=FACE_OUTER_BOUND('',#1417,.T.);
#1000=FACE_OUTER_BOUND('',#1418,.T.);
#1001=FACE_OUTER_BOUND('',#1419,.T.);
#1002=FACE_OUTER_BOUND('',#1420,.T.);
#1003=FACE_OUTER_BOUND('',#1421,.T.);
#1004=FACE_OUTER_BOUND('',#1436,.T.);
#1005=FACE_OUTER_BOUND('',#1437,.T.);
#1006=FACE_OUTER_BOUND('',#1438,.T.);
#1007=FACE_OUTER_BOUND('',#1439,.T.);
#1008=FACE_OUTER_BOUND('',#1440,.T.);
#1009=FACE_OUTER_BOUND('',#1441,.T.);
#1010=FACE_OUTER_BOUND('',#1442,.T.);
#1011=FACE_OUTER_BOUND('',#1443,.T.);
#1012=FACE_OUTER_BOUND('',#1444,.T.);
#1013=FACE_OUTER_BOUND('',#1445,.T.);
#1014=FACE_OUTER_BOUND('',#1446,.T.);
#1015=FACE_OUTER_BOUND('',#1447,.T.);
#1016=FACE_OUTER_BOUND('',#1448,.T.);
#1017=FACE_OUTER_BOUND('',#1449,.T.);
#1018=FACE_OUTER_BOUND('',#1450,.T.);
#1019=FACE_OUTER_BOUND('',#1451,.T.);
#1020=FACE_OUTER_BOUND('',#1452,.T.);
#1021=FACE_OUTER_BOUND('',#1453,.T.);
#1022=FACE_OUTER_BOUND('',#1454,.T.);
#1023=FACE_OUTER_BOUND('',#1455,.T.);
#1024=FACE_OUTER_BOUND('',#1456,.T.);
#1025=FACE_OUTER_BOUND('',#1457,.T.);
#1026=FACE_OUTER_BOUND('',#1458,.T.);
#1027=FACE_OUTER_BOUND('',#1459,.T.);
#1028=FACE_OUTER_BOUND('',#1460,.T.);
#1029=FACE_OUTER_BOUND('',#1461,.T.);
#1030=FACE_OUTER_BOUND('',#1462,.T.);
#1031=FACE_OUTER_BOUND('',#1463,.T.);
#1032=FACE_OUTER_BOUND('',#1464,.T.);
#1033=FACE_OUTER_BOUND('',#1465,.T.);
#1034=FACE_OUTER_BOUND('',#1466,.T.);
#1035=FACE_OUTER_BOUND('',#1467,.T.);
#1036=FACE_OUTER_BOUND('',#1468,.T.);
#1037=FACE_OUTER_BOUND('',#1469,.T.);
#1038=FACE_OUTER_BOUND('',#1470,.T.);
#1039=FACE_OUTER_BOUND('',#1471,.T.);
#1040=FACE_OUTER_BOUND('',#1472,.T.);
#1041=FACE_OUTER_BOUND('',#1473,.T.);
#1042=FACE_OUTER_BOUND('',#1474,.T.);
#1043=FACE_OUTER_BOUND('',#1475,.T.);
#1044=FACE_OUTER_BOUND('',#1476,.T.);
#1045=FACE_OUTER_BOUND('',#1477,.T.);
#1046=FACE_OUTER_BOUND('',#1478,.T.);
#1047=FACE_OUTER_BOUND('',#1479,.T.);
#1048=FACE_OUTER_BOUND('',#1480,.T.);
#1049=FACE_OUTER_BOUND('',#1481,.T.);
#1050=FACE_OUTER_BOUND('',#1482,.T.);
#1051=FACE_OUTER_BOUND('',#1483,.T.);
#1052=FACE_OUTER_BOUND('',#1484,.T.);
#1053=FACE_OUTER_BOUND('',#1485,.T.);
#1054=FACE_OUTER_BOUND('',#1486,.T.);
#1055=FACE_OUTER_BOUND('',#1487,.T.);
#1056=FACE_OUTER_BOUND('',#1488,.T.);
#1057=FACE_OUTER_BOUND('',#1489,.T.);
#1058=FACE_OUTER_BOUND('',#1490,.T.);
#1059=FACE_OUTER_BOUND('',#1491,.T.);
#1060=FACE_OUTER_BOUND('',#1492,.T.);
#1061=FACE_OUTER_BOUND('',#1493,.T.);
#1062=FACE_OUTER_BOUND('',#1494,.T.);
#1063=FACE_OUTER_BOUND('',#1495,.T.);
#1064=FACE_OUTER_BOUND('',#1496,.T.);
#1065=FACE_OUTER_BOUND('',#1497,.T.);
#1066=FACE_OUTER_BOUND('',#1498,.T.);
#1067=FACE_OUTER_BOUND('',#1499,.T.);
#1068=FACE_OUTER_BOUND('',#1508,.T.);
#1069=FACE_OUTER_BOUND('',#1509,.T.);
#1070=FACE_OUTER_BOUND('',#1510,.T.);
#1071=FACE_OUTER_BOUND('',#1511,.T.);
#1072=FACE_OUTER_BOUND('',#1512,.T.);
#1073=FACE_OUTER_BOUND('',#1513,.T.);
#1074=FACE_OUTER_BOUND('',#1514,.T.);
#1075=FACE_OUTER_BOUND('',#1515,.T.);
#1076=FACE_OUTER_BOUND('',#1516,.T.);
#1077=FACE_OUTER_BOUND('',#1517,.T.);
#1078=FACE_OUTER_BOUND('',#1518,.T.);
#1079=FACE_OUTER_BOUND('',#1519,.T.);
#1080=FACE_OUTER_BOUND('',#1520,.T.);
#1081=FACE_OUTER_BOUND('',#1521,.T.);
#1082=FACE_OUTER_BOUND('',#1522,.T.);
#1083=FACE_OUTER_BOUND('',#1523,.T.);
#1084=FACE_OUTER_BOUND('',#1524,.T.);
#1085=FACE_OUTER_BOUND('',#1525,.T.);
#1086=FACE_OUTER_BOUND('',#1526,.T.);
#1087=FACE_OUTER_BOUND('',#1527,.T.);
#1088=FACE_OUTER_BOUND('',#1528,.T.);
#1089=FACE_OUTER_BOUND('',#1529,.T.);
#1090=FACE_OUTER_BOUND('',#1530,.T.);
#1091=FACE_OUTER_BOUND('',#1531,.T.);
#1092=FACE_OUTER_BOUND('',#1532,.T.);
#1093=FACE_OUTER_BOUND('',#1533,.T.);
#1094=FACE_OUTER_BOUND('',#1534,.T.);
#1095=FACE_OUTER_BOUND('',#1535,.T.);
#1096=FACE_OUTER_BOUND('',#1536,.T.);
#1097=FACE_OUTER_BOUND('',#1537,.T.);
#1098=FACE_OUTER_BOUND('',#1538,.T.);
#1099=FACE_OUTER_BOUND('',#1539,.T.);
#1100=FACE_OUTER_BOUND('',#1540,.T.);
#1101=FACE_OUTER_BOUND('',#1541,.T.);
#1102=FACE_OUTER_BOUND('',#1542,.T.);
#1103=FACE_OUTER_BOUND('',#1543,.T.);
#1104=FACE_OUTER_BOUND('',#1544,.T.);
#1105=FACE_OUTER_BOUND('',#1545,.T.);
#1106=FACE_OUTER_BOUND('',#1546,.T.);
#1107=FACE_OUTER_BOUND('',#1547,.T.);
#1108=FACE_OUTER_BOUND('',#1548,.T.);
#1109=FACE_OUTER_BOUND('',#1549,.T.);
#1110=FACE_OUTER_BOUND('',#1550,.T.);
#1111=FACE_OUTER_BOUND('',#1551,.T.);
#1112=FACE_OUTER_BOUND('',#1552,.T.);
#1113=FACE_OUTER_BOUND('',#1553,.T.);
#1114=FACE_OUTER_BOUND('',#1554,.T.);
#1115=FACE_OUTER_BOUND('',#1555,.T.);
#1116=FACE_OUTER_BOUND('',#1556,.T.);
#1117=FACE_OUTER_BOUND('',#1557,.T.);
#1118=FACE_OUTER_BOUND('',#1558,.T.);
#1119=FACE_OUTER_BOUND('',#1559,.T.);
#1120=FACE_OUTER_BOUND('',#1560,.T.);
#1121=FACE_OUTER_BOUND('',#1561,.T.);
#1122=FACE_OUTER_BOUND('',#1562,.T.);
#1123=FACE_OUTER_BOUND('',#1563,.T.);
#1124=FACE_OUTER_BOUND('',#1564,.T.);
#1125=FACE_OUTER_BOUND('',#1565,.T.);
#1126=EDGE_LOOP('',(#5627,#5628,#5629,#5630));
#1127=EDGE_LOOP('',(#5631,#5632,#5633,#5634));
#1128=EDGE_LOOP('',(#5635,#5636,#5637,#5638));
#1129=EDGE_LOOP('',(#5639,#5640,#5641,#5642));
#1130=EDGE_LOOP('',(#5643,#5644,#5645,#5646));
#1131=EDGE_LOOP('',(#5647,#5648,#5649,#5650));
#1132=EDGE_LOOP('',(#5651,#5652,#5653,#5654));
#1133=EDGE_LOOP('',(#5655,#5656,#5657,#5658));
#1134=EDGE_LOOP('',(#5659,#5660,#5661,#5662));
#1135=EDGE_LOOP('',(#5663,#5664,#5665,#5666));
#1136=EDGE_LOOP('',(#5667,#5668,#5669,#5670));
#1137=EDGE_LOOP('',(#5671,#5672,#5673,#5674));
#1138=EDGE_LOOP('',(#5675,#5676,#5677,#5678));
#1139=EDGE_LOOP('',(#5679,#5680,#5681,#5682));
#1140=EDGE_LOOP('',(#5683,#5684,#5685,#5686));
#1141=EDGE_LOOP('',(#5687,#5688,#5689,#5690));
#1142=EDGE_LOOP('',(#5691,#5692,#5693,#5694));
#1143=EDGE_LOOP('',(#5695,#5696,#5697,#5698));
#1144=EDGE_LOOP('',(#5699,#5700,#5701,#5702));
#1145=EDGE_LOOP('',(#5703,#5704,#5705,#5706));
#1146=EDGE_LOOP('',(#5707,#5708,#5709,#5710,#5711,#5712,#5713,#5714,#5715,
#5716,#5717,#5718));
#1147=EDGE_LOOP('',(#5719));
#1148=EDGE_LOOP('',(#5720));
#1149=EDGE_LOOP('',(#5721));
#1150=EDGE_LOOP('',(#5722));
#1151=EDGE_LOOP('',(#5723));
#1152=EDGE_LOOP('',(#5724));
#1153=EDGE_LOOP('',(#5725));
#1154=EDGE_LOOP('',(#5726));
#1155=EDGE_LOOP('',(#5727));
#1156=EDGE_LOOP('',(#5728));
#1157=EDGE_LOOP('',(#5729,#5730,#5731,#5732));
#1158=EDGE_LOOP('',(#5733,#5734,#5735,#5736));
#1159=EDGE_LOOP('',(#5737,#5738,#5739,#5740,#5741,#5742,#5743,#5744,#5745,
#5746,#5747,#5748));
#1160=EDGE_LOOP('',(#5749));
#1161=EDGE_LOOP('',(#5750));
#1162=EDGE_LOOP('',(#5751));
#1163=EDGE_LOOP('',(#5752));
#1164=EDGE_LOOP('',(#5753));
#1165=EDGE_LOOP('',(#5754));
#1166=EDGE_LOOP('',(#5755));
#1167=EDGE_LOOP('',(#5756));
#1168=EDGE_LOOP('',(#5757));
#1169=EDGE_LOOP('',(#5758));
#1170=EDGE_LOOP('',(#5759,#5760,#5761,#5762,#5763,#5764,#5765,#5766,#5767,
#5768,#5769,#5770,#5771,#5772,#5773,#5774,#5775,#5776,#5777,#5778,#5779,
#5780,#5781,#5782,#5783,#5784,#5785,#5786,#5787,#5788,#5789,#5790,#5791,
#5792,#5793,#5794,#5795,#5796,#5797,#5798,#5799,#5800,#5801,#5802,#5803,
#5804,#5805,#5806,#5807,#5808,#5809,#5810,#5811,#5812,#5813,#5814,#5815,
#5816,#5817,#5818));
#1171=EDGE_LOOP('',(#5819,#5820,#5821,#5822));
#1172=EDGE_LOOP('',(#5823,#5824,#5825,#5826));
#1173=EDGE_LOOP('',(#5827,#5828,#5829,#5830));
#1174=EDGE_LOOP('',(#5831,#5832,#5833,#5834));
#1175=EDGE_LOOP('',(#5835,#5836,#5837,#5838));
#1176=EDGE_LOOP('',(#5839,#5840,#5841,#5842));
#1177=EDGE_LOOP('',(#5843,#5844,#5845,#5846));
#1178=EDGE_LOOP('',(#5847,#5848,#5849,#5850));
#1179=EDGE_LOOP('',(#5851,#5852,#5853,#5854));
#1180=EDGE_LOOP('',(#5855,#5856,#5857,#5858));
#1181=EDGE_LOOP('',(#5859,#5860,#5861,#5862));
#1182=EDGE_LOOP('',(#5863,#5864,#5865,#5866,#5867,#5868,#5869,#5870));
#1183=EDGE_LOOP('',(#5871,#5872,#5873));
#1184=EDGE_LOOP('',(#5874,#5875,#5876,#5877));
#1185=EDGE_LOOP('',(#5878,#5879,#5880,#5881));
#1186=EDGE_LOOP('',(#5882,#5883,#5884,#5885));
#1187=EDGE_LOOP('',(#5886,#5887,#5888,#5889));
#1188=EDGE_LOOP('',(#5890,#5891,#5892,#5893));
#1189=EDGE_LOOP('',(#5894,#5895,#5896,#5897));
#1190=EDGE_LOOP('',(#5898,#5899,#5900,#5901));
#1191=EDGE_LOOP('',(#5902,#5903,#5904,#5905));
#1192=EDGE_LOOP('',(#5906,#5907,#5908,#5909));
#1193=EDGE_LOOP('',(#5910,#5911,#5912,#5913));
#1194=EDGE_LOOP('',(#5914,#5915,#5916,#5917));
#1195=EDGE_LOOP('',(#5918,#5919,#5920,#5921));
#1196=EDGE_LOOP('',(#5922,#5923,#5924,#5925));
#1197=EDGE_LOOP('',(#5926,#5927,#5928,#5929));
#1198=EDGE_LOOP('',(#5930,#5931,#5932,#5933));
#1199=EDGE_LOOP('',(#5934,#5935,#5936,#5937,#5938,#5939,#5940,#5941,#5942,
#5943,#5944,#5945,#5946,#5947,#5948));
#1200=EDGE_LOOP('',(#5949,#5950,#5951,#5952));
#1201=EDGE_LOOP('',(#5953,#5954,#5955,#5956));
#1202=EDGE_LOOP('',(#5957,#5958,#5959,#5960));
#1203=EDGE_LOOP('',(#5961,#5962,#5963,#5964));
#1204=EDGE_LOOP('',(#5965,#5966,#5967,#5968));
#1205=EDGE_LOOP('',(#5969,#5970,#5971,#5972));
#1206=EDGE_LOOP('',(#5973,#5974,#5975,#5976));
#1207=EDGE_LOOP('',(#5977,#5978,#5979,#5980));
#1208=EDGE_LOOP('',(#5981,#5982,#5983,#5984));
#1209=EDGE_LOOP('',(#5985,#5986,#5987,#5988));
#1210=EDGE_LOOP('',(#5989,#5990,#5991,#5992));
#1211=EDGE_LOOP('',(#5993,#5994,#5995,#5996));
#1212=EDGE_LOOP('',(#5997,#5998,#5999,#6000));
#1213=EDGE_LOOP('',(#6001,#6002,#6003,#6004));
#1214=EDGE_LOOP('',(#6005,#6006,#6007,#6008));
#1215=EDGE_LOOP('',(#6009,#6010,#6011,#6012));
#1216=EDGE_LOOP('',(#6013,#6014,#6015,#6016));
#1217=EDGE_LOOP('',(#6017,#6018,#6019,#6020));
#1218=EDGE_LOOP('',(#6021,#6022,#6023,#6024,#6025,#6026,#6027,#6028,#6029,
#6030,#6031,#6032,#6033,#6034,#6035,#6036,#6037,#6038));
#1219=EDGE_LOOP('',(#6039,#6040,#6041,#6042));
#1220=EDGE_LOOP('',(#6043,#6044,#6045,#6046));
#1221=EDGE_LOOP('',(#6047,#6048,#6049,#6050));
#1222=EDGE_LOOP('',(#6051,#6052,#6053,#6054));
#1223=EDGE_LOOP('',(#6055,#6056,#6057,#6058));
#1224=EDGE_LOOP('',(#6059,#6060,#6061,#6062));
#1225=EDGE_LOOP('',(#6063,#6064,#6065,#6066,#6067,#6068));
#1226=EDGE_LOOP('',(#6069,#6070,#6071,#6072));
#1227=EDGE_LOOP('',(#6073));
#1228=EDGE_LOOP('',(#6074,#6075,#6076,#6077));
#1229=EDGE_LOOP('',(#6078,#6079,#6080,#6081));
#1230=EDGE_LOOP('',(#6082,#6083,#6084,#6085));
#1231=EDGE_LOOP('',(#6086,#6087,#6088,#6089));
#1232=EDGE_LOOP('',(#6090,#6091,#6092,#6093));
#1233=EDGE_LOOP('',(#6094,#6095,#6096,#6097));
#1234=EDGE_LOOP('',(#6098,#6099,#6100,#6101));
#1235=EDGE_LOOP('',(#6102,#6103,#6104,#6105,#6106,#6107,#6108));
#1236=EDGE_LOOP('',(#6109,#6110,#6111,#6112));
#1237=EDGE_LOOP('',(#6113,#6114,#6115,#6116));
#1238=EDGE_LOOP('',(#6117,#6118,#6119,#6120));
#1239=EDGE_LOOP('',(#6121,#6122,#6123,#6124));
#1240=EDGE_LOOP('',(#6125,#6126,#6127,#6128));
#1241=EDGE_LOOP('',(#6129,#6130,#6131,#6132));
#1242=EDGE_LOOP('',(#6133,#6134,#6135,#6136));
#1243=EDGE_LOOP('',(#6137,#6138,#6139,#6140));
#1244=EDGE_LOOP('',(#6141,#6142,#6143,#6144));
#1245=EDGE_LOOP('',(#6145,#6146,#6147,#6148));
#1246=EDGE_LOOP('',(#6149,#6150,#6151,#6152));
#1247=EDGE_LOOP('',(#6153,#6154,#6155,#6156));
#1248=EDGE_LOOP('',(#6157,#6158,#6159,#6160,#6161,#6162,#6163,#6164,#6165,
#6166,#6167,#6168));
#1249=EDGE_LOOP('',(#6169,#6170,#6171,#6172));
#1250=EDGE_LOOP('',(#6173,#6174,#6175,#6176));
#1251=EDGE_LOOP('',(#6177,#6178,#6179,#6180));
#1252=EDGE_LOOP('',(#6181,#6182,#6183,#6184));
#1253=EDGE_LOOP('',(#6185,#6186,#6187,#6188));
#1254=EDGE_LOOP('',(#6189,#6190,#6191,#6192));
#1255=EDGE_LOOP('',(#6193,#6194,#6195,#6196));
#1256=EDGE_LOOP('',(#6197,#6198,#6199,#6200));
#1257=EDGE_LOOP('',(#6201,#6202,#6203,#6204));
#1258=EDGE_LOOP('',(#6205,#6206,#6207,#6208));
#1259=EDGE_LOOP('',(#6209,#6210,#6211,#6212));
#1260=EDGE_LOOP('',(#6213,#6214,#6215,#6216));
#1261=EDGE_LOOP('',(#6217,#6218,#6219,#6220));
#1262=EDGE_LOOP('',(#6221,#6222,#6223,#6224));
#1263=EDGE_LOOP('',(#6225,#6226,#6227,#6228));
#1264=EDGE_LOOP('',(#6229,#6230,#6231,#6232));
#1265=EDGE_LOOP('',(#6233,#6234,#6235,#6236));
#1266=EDGE_LOOP('',(#6237,#6238,#6239,#6240));
#1267=EDGE_LOOP('',(#6241,#6242,#6243,#6244));
#1268=EDGE_LOOP('',(#6245,#6246,#6247,#6248));
#1269=EDGE_LOOP('',(#6249,#6250,#6251,#6252));
#1270=EDGE_LOOP('',(#6253,#6254,#6255,#6256,#6257,#6258,#6259,#6260,#6261,
#6262,#6263,#6264,#6265,#6266,#6267,#6268,#6269,#6270,#6271,#6272,#6273));
#1271=EDGE_LOOP('',(#6274,#6275,#6276,#6277));
#1272=EDGE_LOOP('',(#6278,#6279,#6280,#6281,#6282,#6283,#6284,#6285,#6286,
#6287,#6288,#6289,#6290,#6291,#6292,#6293,#6294,#6295,#6296,#6297,#6298));
#1273=EDGE_LOOP('',(#6299,#6300,#6301,#6302,#6303,#6304,#6305,#6306,#6307,
#6308,#6309,#6310));
#1274=EDGE_LOOP('',(#6311,#6312,#6313,#6314,#6315,#6316,#6317));
#1275=EDGE_LOOP('',(#6318));
#1276=EDGE_LOOP('',(#6319,#6320,#6321,#6322,#6323,#6324));
#1277=EDGE_LOOP('',(#6325,#6326,#6327,#6328,#6329,#6330,#6331,#6332,#6333,
#6334,#6335,#6336,#6337,#6338,#6339,#6340,#6341,#6342));
#1278=EDGE_LOOP('',(#6343,#6344,#6345,#6346,#6347,#6348,#6349,#6350,#6351,
#6352,#6353,#6354,#6355,#6356,#6357));
#1279=EDGE_LOOP('',(#6358,#6359,#6360,#6361,#6362,#6363,#6364,#6365));
#1280=EDGE_LOOP('',(#6366,#6367,#6368,#6369));
#1281=EDGE_LOOP('',(#6370,#6371,#6372,#6373));
#1282=EDGE_LOOP('',(#6374,#6375,#6376,#6377));
#1283=EDGE_LOOP('',(#6378,#6379,#6380,#6381));
#1284=EDGE_LOOP('',(#6382,#6383,#6384,#6385));
#1285=EDGE_LOOP('',(#6386,#6387,#6388,#6389));
#1286=EDGE_LOOP('',(#6390,#6391,#6392,#6393));
#1287=EDGE_LOOP('',(#6394,#6395,#6396,#6397));
#1288=EDGE_LOOP('',(#6398,#6399,#6400,#6401));
#1289=EDGE_LOOP('',(#6402,#6403,#6404,#6405));
#1290=EDGE_LOOP('',(#6406,#6407,#6408,#6409));
#1291=EDGE_LOOP('',(#6410,#6411,#6412,#6413));
#1292=EDGE_LOOP('',(#6414,#6415,#6416,#6417));
#1293=EDGE_LOOP('',(#6418,#6419,#6420,#6421));
#1294=EDGE_LOOP('',(#6422,#6423,#6424,#6425));
#1295=EDGE_LOOP('',(#6426,#6427,#6428,#6429));
#1296=EDGE_LOOP('',(#6430,#6431,#6432,#6433));
#1297=EDGE_LOOP('',(#6434,#6435,#6436,#6437));
#1298=EDGE_LOOP('',(#6438,#6439,#6440,#6441));
#1299=EDGE_LOOP('',(#6442,#6443,#6444,#6445));
#1300=EDGE_LOOP('',(#6446,#6447,#6448,#6449));
#1301=EDGE_LOOP('',(#6450,#6451,#6452,#6453));
#1302=EDGE_LOOP('',(#6454,#6455,#6456,#6457));
#1303=EDGE_LOOP('',(#6458,#6459,#6460,#6461));
#1304=EDGE_LOOP('',(#6462,#6463,#6464,#6465));
#1305=EDGE_LOOP('',(#6466,#6467,#6468,#6469));
#1306=EDGE_LOOP('',(#6470,#6471,#6472,#6473));
#1307=EDGE_LOOP('',(#6474,#6475,#6476,#6477));
#1308=EDGE_LOOP('',(#6478,#6479,#6480,#6481));
#1309=EDGE_LOOP('',(#6482,#6483,#6484,#6485));
#1310=EDGE_LOOP('',(#6486,#6487,#6488,#6489));
#1311=EDGE_LOOP('',(#6490,#6491,#6492,#6493));
#1312=EDGE_LOOP('',(#6494,#6495,#6496,#6497));
#1313=EDGE_LOOP('',(#6498,#6499,#6500,#6501));
#1314=EDGE_LOOP('',(#6502,#6503,#6504,#6505));
#1315=EDGE_LOOP('',(#6506,#6507,#6508,#6509));
#1316=EDGE_LOOP('',(#6510,#6511,#6512,#6513));
#1317=EDGE_LOOP('',(#6514,#6515,#6516,#6517));
#1318=EDGE_LOOP('',(#6518,#6519,#6520,#6521));
#1319=EDGE_LOOP('',(#6522,#6523,#6524,#6525));
#1320=EDGE_LOOP('',(#6526,#6527,#6528,#6529));
#1321=EDGE_LOOP('',(#6530,#6531,#6532,#6533));
#1322=EDGE_LOOP('',(#6534,#6535,#6536,#6537));
#1323=EDGE_LOOP('',(#6538,#6539,#6540,#6541));
#1324=EDGE_LOOP('',(#6542,#6543,#6544,#6545));
#1325=EDGE_LOOP('',(#6546,#6547,#6548,#6549));
#1326=EDGE_LOOP('',(#6550,#6551,#6552,#6553));
#1327=EDGE_LOOP('',(#6554,#6555,#6556,#6557));
#1328=EDGE_LOOP('',(#6558,#6559,#6560,#6561));
#1329=EDGE_LOOP('',(#6562,#6563,#6564,#6565));
#1330=EDGE_LOOP('',(#6566,#6567,#6568,#6569));
#1331=EDGE_LOOP('',(#6570,#6571,#6572,#6573));
#1332=EDGE_LOOP('',(#6574,#6575,#6576,#6577));
#1333=EDGE_LOOP('',(#6578,#6579,#6580,#6581));
#1334=EDGE_LOOP('',(#6582,#6583,#6584,#6585));
#1335=EDGE_LOOP('',(#6586,#6587,#6588,#6589));
#1336=EDGE_LOOP('',(#6590,#6591,#6592,#6593,#6594,#6595,#6596,#6597,#6598,
#6599,#6600,#6601,#6602,#6603,#6604,#6605,#6606,#6607,#6608,#6609,#6610,
#6611,#6612,#6613,#6614,#6615,#6616,#6617,#6618,#6619,#6620,#6621));
#1337=EDGE_LOOP('',(#6622,#6623,#6624,#6625));
#1338=EDGE_LOOP('',(#6626,#6627,#6628,#6629,#6630,#6631,#6632,#6633,#6634,
#6635,#6636,#6637,#6638,#6639,#6640,#6641,#6642,#6643,#6644,#6645,#6646,
#6647,#6648,#6649,#6650,#6651,#6652,#6653,#6654,#6655,#6656,#6657));
#1339=EDGE_LOOP('',(#6658,#6659,#6660,#6661));
#1340=EDGE_LOOP('',(#6662,#6663,#6664));
#1341=EDGE_LOOP('',(#6665,#6666,#6667,#6668,#6669,#6670,#6671,#6672,#6673,
#6674,#6675,#6676,#6677,#6678,#6679,#6680,#6681,#6682,#6683,#6684));
#1342=EDGE_LOOP('',(#6685,#6686,#6687,#6688));
#1343=EDGE_LOOP('',(#6689,#6690,#6691,#6692,#6693,#6694,#6695,#6696,#6697));
#1344=EDGE_LOOP('',(#6698,#6699,#6700,#6701,#6702,#6703,#6704,#6705,#6706,
#6707,#6708,#6709));
#1345=EDGE_LOOP('',(#6710,#6711,#6712,#6713));
#1346=EDGE_LOOP('',(#6714,#6715,#6716,#6717));
#1347=EDGE_LOOP('',(#6718,#6719,#6720,#6721));
#1348=EDGE_LOOP('',(#6722,#6723,#6724,#6725));
#1349=EDGE_LOOP('',(#6726,#6727,#6728,#6729));
#1350=EDGE_LOOP('',(#6730,#6731,#6732,#6733,#6734,#6735,#6736,#6737,#6738));
#1351=EDGE_LOOP('',(#6739,#6740,#6741,#6742));
#1352=EDGE_LOOP('',(#6743,#6744,#6745,#6746));
#1353=EDGE_LOOP('',(#6747,#6748,#6749,#6750,#6751,#6752,#6753,#6754,#6755,
#6756));
#1354=EDGE_LOOP('',(#6757,#6758,#6759,#6760));
#1355=EDGE_LOOP('',(#6761,#6762,#6763,#6764));
#1356=EDGE_LOOP('',(#6765,#6766,#6767,#6768));
#1357=EDGE_LOOP('',(#6769,#6770,#6771,#6772,#6773,#6774));
#1358=EDGE_LOOP('',(#6775,#6776,#6777,#6778));
#1359=EDGE_LOOP('',(#6779,#6780,#6781,#6782));
#1360=EDGE_LOOP('',(#6783,#6784,#6785,#6786));
#1361=EDGE_LOOP('',(#6787,#6788,#6789,#6790));
#1362=EDGE_LOOP('',(#6791,#6792,#6793,#6794));
#1363=EDGE_LOOP('',(#6795,#6796,#6797,#6798));
#1364=EDGE_LOOP('',(#6799,#6800,#6801,#6802));
#1365=EDGE_LOOP('',(#6803,#6804,#6805,#6806));
#1366=EDGE_LOOP('',(#6807,#6808,#6809,#6810));
#1367=EDGE_LOOP('',(#6811,#6812,#6813,#6814));
#1368=EDGE_LOOP('',(#6815,#6816,#6817,#6818));
#1369=EDGE_LOOP('',(#6819,#6820,#6821,#6822));
#1370=EDGE_LOOP('',(#6823,#6824,#6825,#6826));
#1371=EDGE_LOOP('',(#6827,#6828,#6829,#6830,#6831));
#1372=EDGE_LOOP('',(#6832,#6833,#6834,#6835,#6836,#6837));
#1373=EDGE_LOOP('',(#6838,#6839,#6840,#6841));
#1374=EDGE_LOOP('',(#6842,#6843,#6844,#6845));
#1375=EDGE_LOOP('',(#6846,#6847,#6848,#6849));
#1376=EDGE_LOOP('',(#6850,#6851,#6852,#6853));
#1377=EDGE_LOOP('',(#6854,#6855,#6856,#6857));
#1378=EDGE_LOOP('',(#6858,#6859,#6860,#6861));
#1379=EDGE_LOOP('',(#6862,#6863,#6864,#6865));
#1380=EDGE_LOOP('',(#6866,#6867,#6868,#6869));
#1381=EDGE_LOOP('',(#6870,#6871,#6872,#6873));
#1382=EDGE_LOOP('',(#6874,#6875,#6876,#6877,#6878,#6879,#6880,#6881,#6882,
#6883,#6884,#6885));
#1383=EDGE_LOOP('',(#6886,#6887,#6888,#6889,#6890,#6891));
#1384=EDGE_LOOP('',(#6892,#6893,#6894,#6895,#6896,#6897));
#1385=EDGE_LOOP('',(#6898,#6899,#6900,#6901,#6902,#6903));
#1386=EDGE_LOOP('',(#6904,#6905,#6906,#6907,#6908,#6909));
#1387=EDGE_LOOP('',(#6910,#6911,#6912,#6913,#6914,#6915));
#1388=EDGE_LOOP('',(#6916,#6917,#6918,#6919,#6920,#6921));
#1389=EDGE_LOOP('',(#6922,#6923,#6924,#6925));
#1390=EDGE_LOOP('',(#6926,#6927,#6928,#6929,#6930,#6931,#6932,#6933));
#1391=EDGE_LOOP('',(#6934,#6935,#6936,#6937));
#1392=EDGE_LOOP('',(#6938,#6939,#6940,#6941));
#1393=EDGE_LOOP('',(#6942,#6943,#6944,#6945,#6946,#6947,#6948,#6949,#6950));
#1394=EDGE_LOOP('',(#6951,#6952,#6953,#6954,#6955,#6956,#6957,#6958,#6959,
#6960,#6961,#6962,#6963,#6964,#6965,#6966,#6967,#6968,#6969,#6970,#6971,
#6972,#6973,#6974));
#1395=EDGE_LOOP('',(#6975,#6976,#6977,#6978,#6979,#6980,#6981,#6982,#6983,
#6984,#6985));
#1396=EDGE_LOOP('',(#6986,#6987,#6988));
#1397=EDGE_LOOP('',(#6989,#6990,#6991));
#1398=EDGE_LOOP('',(#6992,#6993,#6994,#6995,#6996,#6997,#6998,#6999,#7000,
#7001,#7002,#7003,#7004,#7005,#7006,#7007,#7008,#7009,#7010,#7011));
#1399=EDGE_LOOP('',(#7012,#7013,#7014,#7015,#7016,#7017,#7018,#7019,#7020,
#7021,#7022,#7023,#7024,#7025,#7026,#7027,#7028));
#1400=EDGE_LOOP('',(#7029,#7030,#7031,#7032,#7033,#7034,#7035,#7036));
#1401=EDGE_LOOP('',(#7037,#7038,#7039,#7040,#7041,#7042,#7043,#7044));
#1402=EDGE_LOOP('',(#7045,#7046,#7047,#7048,#7049,#7050,#7051,#7052,#7053,
#7054));
#1403=EDGE_LOOP('',(#7055,#7056,#7057,#7058,#7059,#7060,#7061,#7062,#7063,
#7064));
#1404=EDGE_LOOP('',(#7065,#7066,#7067,#7068,#7069,#7070,#7071,#7072,#7073,
#7074));
#1405=EDGE_LOOP('',(#7075,#7076,#7077,#7078,#7079,#7080,#7081,#7082,#7083,
#7084,#7085,#7086,#7087,#7088,#7089,#7090,#7091,#7092,#7093,#7094,#7095,
#7096,#7097,#7098,#7099,#7100,#7101,#7102,#7103,#7104,#7105));
#1406=EDGE_LOOP('',(#7106,#7107,#7108,#7109));
#1407=EDGE_LOOP('',(#7110,#7111,#7112,#7113,#7114,#7115,#7116,#7117,#7118,
#7119,#7120,#7121,#7122,#7123,#7124,#7125,#7126,#7127,#7128,#7129,#7130,
#7131,#7132,#7133,#7134,#7135,#7136,#7137,#7138,#7139,#7140));
#1408=EDGE_LOOP('',(#7141,#7142,#7143,#7144,#7145,#7146,#7147));
#1409=EDGE_LOOP('',(#7148,#7149,#7150,#7151,#7152,#7153,#7154,#7155,#7156));
#1410=EDGE_LOOP('',(#7157,#7158,#7159,#7160,#7161,#7162,#7163,#7164,#7165));
#1411=EDGE_LOOP('',(#7166,#7167,#7168,#7169,#7170,#7171,#7172,#7173,#7174));
#1412=EDGE_LOOP('',(#7175,#7176,#7177,#7178,#7179,#7180,#7181,#7182,#7183,
#7184,#7185,#7186,#7187,#7188,#7189,#7190,#7191,#7192,#7193,#7194,#7195,
#7196,#7197,#7198,#7199,#7200,#7201,#7202,#7203));
#1413=EDGE_LOOP('',(#7204,#7205,#7206,#7207,#7208,#7209,#7210,#7211,#7212,
#7213,#7214,#7215,#7216));
#1414=EDGE_LOOP('',(#7217,#7218,#7219,#7220,#7221,#7222,#7223,#7224));
#1415=EDGE_LOOP('',(#7225,#7226,#7227));
#1416=EDGE_LOOP('',(#7228,#7229,#7230));
#1417=EDGE_LOOP('',(#7231,#7232,#7233,#7234,#7235,#7236,#7237,#7238,#7239,
#7240,#7241,#7242,#7243,#7244,#7245,#7246));
#1418=EDGE_LOOP('',(#7247,#7248,#7249,#7250,#7251,#7252,#7253,#7254));
#1419=EDGE_LOOP('',(#7255,#7256,#7257,#7258));
#1420=EDGE_LOOP('',(#7259,#7260,#7261,#7262));
#1421=EDGE_LOOP('',(#7263,#7264,#7265,#7266));
#1422=EDGE_LOOP('',(#7267,#7268,#7269,#7270,#7271,#7272,#7273,#7274,#7275,
#7276,#7277));
#1423=EDGE_LOOP('',(#7278,#7279,#7280,#7281,#7282,#7283,#7284,#7285,#7286,
#7287,#7288,#7289,#7290,#7291,#7292,#7293,#7294,#7295,#7296,#7297));
#1424=EDGE_LOOP('',(#7298,#7299,#7300,#7301,#7302,#7303,#7304,#7305,#7306,
#7307,#7308,#7309,#7310,#7311,#7312,#7313,#7314));
#1425=EDGE_LOOP('',(#7315,#7316,#7317,#7318,#7319,#7320,#7321,#7322,#7323,
#7324));
#1426=EDGE_LOOP('',(#7325,#7326,#7327,#7328,#7329,#7330,#7331,#7332,#7333,
#7334,#7335,#7336,#7337,#7338,#7339,#7340,#7341,#7342,#7343,#7344,#7345,
#7346,#7347,#7348,#7349,#7350,#7351,#7352,#7353,#7354,#7355));
#1427=EDGE_LOOP('',(#7356,#7357,#7358,#7359));
#1428=EDGE_LOOP('',(#7360,#7361,#7362,#7363,#7364,#7365,#7366,#7367,#7368,
#7369,#7370,#7371,#7372,#7373,#7374,#7375,#7376,#7377,#7378,#7379,#7380,
#7381,#7382,#7383,#7384,#7385,#7386,#7387,#7388,#7389,#7390));
#1429=EDGE_LOOP('',(#7391,#7392,#7393,#7394,#7395,#7396,#7397));
#1430=EDGE_LOOP('',(#7398,#7399,#7400,#7401,#7402,#7403,#7404,#7405,#7406));
#1431=EDGE_LOOP('',(#7407,#7408,#7409,#7410,#7411,#7412,#7413,#7414,#7415));
#1432=EDGE_LOOP('',(#7416,#7417,#7418,#7419,#7420,#7421,#7422,#7423,#7424));
#1433=EDGE_LOOP('',(#7425,#7426,#7427,#7428,#7429,#7430,#7431,#7432,#7433,
#7434,#7435,#7436,#7437,#7438,#7439,#7440,#7441,#7442,#7443,#7444,#7445,
#7446,#7447,#7448,#7449,#7450,#7451,#7452,#7453));
#1434=EDGE_LOOP('',(#7454,#7455,#7456,#7457,#7458,#7459,#7460,#7461,#7462,
#7463,#7464,#7465,#7466));
#1435=EDGE_LOOP('',(#7467,#7468,#7469,#7470,#7471,#7472,#7473,#7474));
#1436=EDGE_LOOP('',(#7475,#7476,#7477,#7478));
#1437=EDGE_LOOP('',(#7479,#7480,#7481,#7482,#7483,#7484,#7485,#7486,#7487,
#7488));
#1438=EDGE_LOOP('',(#7489,#7490,#7491,#7492));
#1439=EDGE_LOOP('',(#7493,#7494,#7495,#7496,#7497,#7498));
#1440=EDGE_LOOP('',(#7499,#7500,#7501,#7502));
#1441=EDGE_LOOP('',(#7503,#7504,#7505,#7506));
#1442=EDGE_LOOP('',(#7507,#7508,#7509,#7510));
#1443=EDGE_LOOP('',(#7511,#7512,#7513,#7514));
#1444=EDGE_LOOP('',(#7515,#7516,#7517,#7518));
#1445=EDGE_LOOP('',(#7519,#7520,#7521,#7522));
#1446=EDGE_LOOP('',(#7523,#7524,#7525,#7526));
#1447=EDGE_LOOP('',(#7527,#7528,#7529,#7530));
#1448=EDGE_LOOP('',(#7531,#7532,#7533,#7534,#7535,#7536,#7537,#7538,#7539,
#7540,#7541,#7542));
#1449=EDGE_LOOP('',(#7543,#7544,#7545,#7546,#7547,#7548,#7549,#7550,#7551,
#7552,#7553,#7554));
#1450=EDGE_LOOP('',(#7555,#7556,#7557,#7558));
#1451=EDGE_LOOP('',(#7559,#7560,#7561,#7562));
#1452=EDGE_LOOP('',(#7563,#7564,#7565,#7566));
#1453=EDGE_LOOP('',(#7567,#7568,#7569,#7570));
#1454=EDGE_LOOP('',(#7571,#7572,#7573,#7574));
#1455=EDGE_LOOP('',(#7575,#7576,#7577,#7578));
#1456=EDGE_LOOP('',(#7579,#7580,#7581,#7582));
#1457=EDGE_LOOP('',(#7583,#7584,#7585,#7586,#7587,#7588,#7589,#7590,#7591,
#7592));
#1458=EDGE_LOOP('',(#7593,#7594,#7595,#7596,#7597,#7598,#7599,#7600,#7601,
#7602));
#1459=EDGE_LOOP('',(#7603,#7604,#7605,#7606));
#1460=EDGE_LOOP('',(#7607,#7608,#7609,#7610));
#1461=EDGE_LOOP('',(#7611,#7612,#7613,#7614));
#1462=EDGE_LOOP('',(#7615,#7616,#7617,#7618));
#1463=EDGE_LOOP('',(#7619,#7620,#7621,#7622));
#1464=EDGE_LOOP('',(#7623,#7624,#7625,#7626));
#1465=EDGE_LOOP('',(#7627,#7628,#7629,#7630));
#1466=EDGE_LOOP('',(#7631,#7632,#7633,#7634,#7635,#7636,#7637,#7638,#7639,
#7640,#7641,#7642));
#1467=EDGE_LOOP('',(#7643,#7644,#7645,#7646,#7647,#7648,#7649,#7650,#7651,
#7652,#7653,#7654));
#1468=EDGE_LOOP('',(#7655,#7656,#7657,#7658));
#1469=EDGE_LOOP('',(#7659,#7660,#7661,#7662));
#1470=EDGE_LOOP('',(#7663,#7664,#7665,#7666));
#1471=EDGE_LOOP('',(#7667,#7668,#7669,#7670));
#1472=EDGE_LOOP('',(#7671,#7672,#7673,#7674));
#1473=EDGE_LOOP('',(#7675,#7676,#7677,#7678));
#1474=EDGE_LOOP('',(#7679,#7680,#7681,#7682));
#1475=EDGE_LOOP('',(#7683,#7684,#7685,#7686,#7687,#7688,#7689,#7690,#7691,
#7692,#7693,#7694));
#1476=EDGE_LOOP('',(#7695,#7696,#7697,#7698,#7699,#7700,#7701,#7702,#7703,
#7704,#7705,#7706));
#1477=EDGE_LOOP('',(#7707,#7708,#7709,#7710));
#1478=EDGE_LOOP('',(#7711,#7712,#7713,#7714));
#1479=EDGE_LOOP('',(#7715,#7716,#7717,#7718));
#1480=EDGE_LOOP('',(#7719,#7720,#7721,#7722));
#1481=EDGE_LOOP('',(#7723,#7724,#7725,#7726));
#1482=EDGE_LOOP('',(#7727,#7728,#7729,#7730));
#1483=EDGE_LOOP('',(#7731,#7732,#7733,#7734));
#1484=EDGE_LOOP('',(#7735,#7736,#7737,#7738));
#1485=EDGE_LOOP('',(#7739,#7740,#7741,#7742));
#1486=EDGE_LOOP('',(#7743,#7744,#7745,#7746));
#1487=EDGE_LOOP('',(#7747,#7748,#7749,#7750));
#1488=EDGE_LOOP('',(#7751,#7752,#7753,#7754));
#1489=EDGE_LOOP('',(#7755,#7756,#7757,#7758));
#1490=EDGE_LOOP('',(#7759,#7760,#7761,#7762));
#1491=EDGE_LOOP('',(#7763,#7764,#7765,#7766));
#1492=EDGE_LOOP('',(#7767,#7768,#7769,#7770));
#1493=EDGE_LOOP('',(#7771,#7772,#7773,#7774));
#1494=EDGE_LOOP('',(#7775,#7776,#7777,#7778));
#1495=EDGE_LOOP('',(#7779,#7780,#7781,#7782));
#1496=EDGE_LOOP('',(#7783,#7784,#7785,#7786));
#1497=EDGE_LOOP('',(#7787,#7788,#7789,#7790));
#1498=EDGE_LOOP('',(#7791,#7792,#7793,#7794));
#1499=EDGE_LOOP('',(#7795,#7796,#7797,#7798,#7799,#7800,#7801,#7802,#7803,
#7804,#7805,#7806,#7807,#7808));
#1500=EDGE_LOOP('',(#7809,#7810,#7811,#7812));
#1501=EDGE_LOOP('',(#7813,#7814,#7815,#7816));
#1502=EDGE_LOOP('',(#7817,#7818,#7819,#7820));
#1503=EDGE_LOOP('',(#7821,#7822,#7823,#7824));
#1504=EDGE_LOOP('',(#7825,#7826,#7827,#7828));
#1505=EDGE_LOOP('',(#7829,#7830,#7831,#7832));
#1506=EDGE_LOOP('',(#7833,#7834,#7835,#7836));
#1507=EDGE_LOOP('',(#7837,#7838,#7839,#7840));
#1508=EDGE_LOOP('',(#7841,#7842,#7843,#7844,#7845,#7846,#7847,#7848,#7849,
#7850,#7851,#7852));
#1509=EDGE_LOOP('',(#7853,#7854,#7855,#7856,#7857));
#1510=EDGE_LOOP('',(#7858,#7859,#7860,#7861));
#1511=EDGE_LOOP('',(#7862,#7863,#7864,#7865,#7866));
#1512=EDGE_LOOP('',(#7867,#7868,#7869,#7870,#7871,#7872));
#1513=EDGE_LOOP('',(#7873,#7874,#7875,#7876));
#1514=EDGE_LOOP('',(#7877,#7878,#7879,#7880));
#1515=EDGE_LOOP('',(#7881,#7882,#7883,#7884));
#1516=EDGE_LOOP('',(#7885,#7886,#7887,#7888,#7889,#7890));
#1517=EDGE_LOOP('',(#7891,#7892,#7893,#7894));
#1518=EDGE_LOOP('',(#7895,#7896,#7897,#7898));
#1519=EDGE_LOOP('',(#7899,#7900,#7901,#7902));
#1520=EDGE_LOOP('',(#7903,#7904,#7905,#7906));
#1521=EDGE_LOOP('',(#7907,#7908,#7909,#7910));
#1522=EDGE_LOOP('',(#7911,#7912,#7913,#7914));
#1523=EDGE_LOOP('',(#7915,#7916,#7917,#7918,#7919,#7920));
#1524=EDGE_LOOP('',(#7921,#7922,#7923,#7924));
#1525=EDGE_LOOP('',(#7925,#7926,#7927,#7928));
#1526=EDGE_LOOP('',(#7929,#7930,#7931,#7932));
#1527=EDGE_LOOP('',(#7933,#7934,#7935,#7936));
#1528=EDGE_LOOP('',(#7937,#7938,#7939,#7940));
#1529=EDGE_LOOP('',(#7941,#7942,#7943,#7944));
#1530=EDGE_LOOP('',(#7945,#7946,#7947,#7948));
#1531=EDGE_LOOP('',(#7949,#7950,#7951,#7952));
#1532=EDGE_LOOP('',(#7953,#7954,#7955,#7956));
#1533=EDGE_LOOP('',(#7957,#7958,#7959,#7960));
#1534=EDGE_LOOP('',(#7961,#7962,#7963,#7964));
#1535=EDGE_LOOP('',(#7965,#7966,#7967,#7968));
#1536=EDGE_LOOP('',(#7969,#7970,#7971,#7972));
#1537=EDGE_LOOP('',(#7973,#7974,#7975,#7976));
#1538=EDGE_LOOP('',(#7977,#7978,#7979,#7980));
#1539=EDGE_LOOP('',(#7981,#7982,#7983,#7984));
#1540=EDGE_LOOP('',(#7985,#7986,#7987,#7988));
#1541=EDGE_LOOP('',(#7989,#7990,#7991,#7992));
#1542=EDGE_LOOP('',(#7993,#7994,#7995,#7996));
#1543=EDGE_LOOP('',(#7997,#7998,#7999,#8000));
#1544=EDGE_LOOP('',(#8001,#8002,#8003,#8004));
#1545=EDGE_LOOP('',(#8005,#8006,#8007,#8008));
#1546=EDGE_LOOP('',(#8009,#8010,#8011,#8012));
#1547=EDGE_LOOP('',(#8013,#8014,#8015,#8016));
#1548=EDGE_LOOP('',(#8017,#8018,#8019,#8020));
#1549=EDGE_LOOP('',(#8021,#8022,#8023,#8024));
#1550=EDGE_LOOP('',(#8025,#8026,#8027,#8028));
#1551=EDGE_LOOP('',(#8029,#8030,#8031,#8032));
#1552=EDGE_LOOP('',(#8033,#8034,#8035,#8036));
#1553=EDGE_LOOP('',(#8037,#8038,#8039,#8040));
#1554=EDGE_LOOP('',(#8041,#8042,#8043,#8044));
#1555=EDGE_LOOP('',(#8045,#8046,#8047,#8048));
#1556=EDGE_LOOP('',(#8049,#8050,#8051,#8052));
#1557=EDGE_LOOP('',(#8053,#8054,#8055,#8056));
#1558=EDGE_LOOP('',(#8057,#8058,#8059,#8060));
#1559=EDGE_LOOP('',(#8061,#8062,#8063,#8064));
#1560=EDGE_LOOP('',(#8065,#8066,#8067,#8068));
#1561=EDGE_LOOP('',(#8069,#8070,#8071,#8072));
#1562=EDGE_LOOP('',(#8073,#8074,#8075,#8076));
#1563=EDGE_LOOP('',(#8077,#8078,#8079,#8080));
#1564=EDGE_LOOP('',(#8081,#8082,#8083,#8084));
#1565=EDGE_LOOP('',(#8085,#8086,#8087,#8088));
#1566=LINE('',#10811,#2500);
#1567=LINE('',#10817,#2501);
#1568=LINE('',#10823,#2502);
#1569=LINE('',#10829,#2503);
#1570=LINE('',#10835,#2504);
#1571=LINE('',#10841,#2505);
#1572=LINE('',#10847,#2506);
#1573=LINE('',#10853,#2507);
#1574=LINE('',#10859,#2508);
#1575=LINE('',#10865,#2509);
#1576=LINE('',#10870,#2510);
#1577=LINE('',#10872,#2511);
#1578=LINE('',#10874,#2512);
#1579=LINE('',#10875,#2513);
#1580=LINE('',#10878,#2514);
#1581=LINE('',#10880,#2515);
#1582=LINE('',#10881,#2516);
#1583=LINE('',#10884,#2517);
#1584=LINE('',#10886,#2518);
#1585=LINE('',#10887,#2519);
#1586=LINE('',#10890,#2520);
#1587=LINE('',#10892,#2521);
#1588=LINE('',#10893,#2522);
#1589=LINE('',#10896,#2523);
#1590=LINE('',#10898,#2524);
#1591=LINE('',#10899,#2525);
#1592=LINE('',#10903,#2526);
#1593=LINE('',#10904,#2527);
#1594=LINE('',#10905,#2528);
#1595=LINE('',#10909,#2529);
#1596=LINE('',#10911,#2530);
#1597=LINE('',#10913,#2531);
#1598=LINE('',#10914,#2532);
#1599=LINE('',#10917,#2533);
#1600=LINE('',#10919,#2534);
#1601=LINE('',#10920,#2535);
#1602=LINE('',#10923,#2536);
#1603=LINE('',#10925,#2537);
#1604=LINE('',#10926,#2538);
#1605=LINE('',#10928,#2539);
#1606=LINE('',#10929,#2540);
#1607=LINE('',#10932,#2541);
#1608=LINE('',#10933,#2542);
#1609=LINE('',#10936,#2543);
#1610=LINE('',#10937,#2544);
#1611=LINE('',#10939,#2545);
#1612=LINE('',#10944,#2546);
#1613=LINE('',#10946,#2547);
#1614=LINE('',#10948,#2548);
#1615=LINE('',#10950,#2549);
#1616=LINE('',#10952,#2550);
#1617=LINE('',#10954,#2551);
#1618=LINE('',#10956,#2552);
#1619=LINE('',#10958,#2553);
#1620=LINE('',#10960,#2554);
#1621=LINE('',#10962,#2555);
#1622=LINE('',#10964,#2556);
#1623=LINE('',#10966,#2557);
#1624=LINE('',#10968,#2558);
#1625=LINE('',#10970,#2559);
#1626=LINE('',#10972,#2560);
#1627=LINE('',#10974,#2561);
#1628=LINE('',#10976,#2562);
#1629=LINE('',#10978,#2563);
#1630=LINE('',#10980,#2564);
#1631=LINE('',#10982,#2565);
#1632=LINE('',#10984,#2566);
#1633=LINE('',#10986,#2567);
#1634=LINE('',#10988,#2568);
#1635=LINE('',#10990,#2569);
#1636=LINE('',#10992,#2570);
#1637=LINE('',#10994,#2571);
#1638=LINE('',#10996,#2572);
#1639=LINE('',#10998,#2573);
#1640=LINE('',#11000,#2574);
#1641=LINE('',#11002,#2575);
#1642=LINE('',#11004,#2576);
#1643=LINE('',#11006,#2577);
#1644=LINE('',#11008,#2578);
#1645=LINE('',#11010,#2579);
#1646=LINE('',#11012,#2580);
#1647=LINE('',#11014,#2581);
#1648=LINE('',#11016,#2582);
#1649=LINE('',#11018,#2583);
#1650=LINE('',#11020,#2584);
#1651=LINE('',#11022,#2585);
#1652=LINE('',#11024,#2586);
#1653=LINE('',#11026,#2587);
#1654=LINE('',#11028,#2588);
#1655=LINE('',#11030,#2589);
#1656=LINE('',#11032,#2590);
#1657=LINE('',#11034,#2591);
#1658=LINE('',#11036,#2592);
#1659=LINE('',#11038,#2593);
#1660=LINE('',#11040,#2594);
#1661=LINE('',#11042,#2595);
#1662=LINE('',#11044,#2596);
#1663=LINE('',#11046,#2597);
#1664=LINE('',#11048,#2598);
#1665=LINE('',#11050,#2599);
#1666=LINE('',#11052,#2600);
#1667=LINE('',#11054,#2601);
#1668=LINE('',#11056,#2602);
#1669=LINE('',#11058,#2603);
#1670=LINE('',#11060,#2604);
#1671=LINE('',#11061,#2605);
#1672=LINE('',#11065,#2606);
#1673=LINE('',#11067,#2607);
#1674=LINE('',#11069,#2608);
#1675=LINE('',#11070,#2609);
#1676=LINE('',#11073,#2610);
#1677=LINE('',#11075,#2611);
#1678=LINE('',#11076,#2612);
#1679=LINE('',#11078,#2613);
#1680=LINE('',#11079,#2614);
#1681=LINE('',#11083,#2615);
#1682=LINE('',#11085,#2616);
#1683=LINE('',#11087,#2617);
#1684=LINE('',#11088,#2618);
#1685=LINE('',#11091,#2619);
#1686=LINE('',#11093,#2620);
#1687=LINE('',#11094,#2621);
#1688=LINE('',#11097,#2622);
#1689=LINE('',#11099,#2623);
#1690=LINE('',#11100,#2624);
#1691=LINE('',#11103,#2625);
#1692=LINE('',#11105,#2626);
#1693=LINE('',#11106,#2627);
#1694=LINE('',#11109,#2628);
#1695=LINE('',#11111,#2629);
#1696=LINE('',#11112,#2630);
#1697=LINE('',#11115,#2631);
#1698=LINE('',#11117,#2632);
#1699=LINE('',#11118,#2633);
#1700=LINE('',#11121,#2634);
#1701=LINE('',#11123,#2635);
#1702=LINE('',#11124,#2636);
#1703=LINE('',#11126,#2637);
#1704=LINE('',#11127,#2638);
#1705=LINE('',#11132,#2639);
#1706=LINE('',#11134,#2640);
#1707=LINE('',#11136,#2641);
#1708=LINE('',#11137,#2642);
#1709=LINE('',#11140,#2643);
#1710=LINE('',#11142,#2644);
#1711=LINE('',#11143,#2645);
#1712=LINE('',#11158,#2646);
#1713=LINE('',#11177,#2647);
#1714=LINE('',#11196,#2648);
#1715=LINE('',#11215,#2649);
#1716=LINE('',#11222,#2650);
#1717=LINE('',#11224,#2651);
#1718=LINE('',#11225,#2652);
#1719=LINE('',#11228,#2653);
#1720=LINE('',#11230,#2654);
#1721=LINE('',#11231,#2655);
#1722=LINE('',#11246,#2656);
#1723=LINE('',#11265,#2657);
#1724=LINE('',#11284,#2658);
#1725=LINE('',#11303,#2659);
#1726=LINE('',#11322,#2660);
#1727=LINE('',#11329,#2661);
#1728=LINE('',#11331,#2662);
#1729=LINE('',#11332,#2663);
#1730=LINE('',#11334,#2664);
#1731=LINE('',#11335,#2665);
#1732=LINE('',#11352,#2666);
#1733=LINE('',#11358,#2667);
#1734=LINE('',#11373,#2668);
#1735=LINE('',#11380,#2669);
#1736=LINE('',#11382,#2670);
#1737=LINE('',#11383,#2671);
#1738=LINE('',#11386,#2672);
#1739=LINE('',#11388,#2673);
#1740=LINE('',#11389,#2674);
#1741=LINE('',#11404,#2675);
#1742=LINE('',#11423,#2676);
#1743=LINE('',#11442,#2677);
#1744=LINE('',#11461,#2678);
#1745=LINE('',#11480,#2679);
#1746=LINE('',#11499,#2680);
#1747=LINE('',#11518,#2681);
#1748=LINE('',#11537,#2682);
#1749=LINE('',#11544,#2683);
#1750=LINE('',#11546,#2684);
#1751=LINE('',#11547,#2685);
#1752=LINE('',#11550,#2686);
#1753=LINE('',#11552,#2687);
#1754=LINE('',#11553,#2688);
#1755=LINE('',#11568,#2689);
#1756=LINE('',#11587,#2690);
#1757=LINE('',#11606,#2691);
#1758=LINE('',#11631,#2692);
#1759=LINE('',#11633,#2693);
#1760=LINE('',#11635,#2694);
#1761=LINE('',#11636,#2695);
#1762=LINE('',#11639,#2696);
#1763=LINE('',#11641,#2697);
#1764=LINE('',#11642,#2698);
#1765=LINE('',#11645,#2699);
#1766=LINE('',#11647,#2700);
#1767=LINE('',#11648,#2701);
#1768=LINE('',#11651,#2702);
#1769=LINE('',#11653,#2703);
#1770=LINE('',#11654,#2704);
#1771=LINE('',#11657,#2705);
#1772=LINE('',#11659,#2706);
#1773=LINE('',#11660,#2707);
#1774=LINE('',#11662,#2708);
#1775=LINE('',#11663,#2709);
#1776=LINE('',#11669,#2710);
#1777=LINE('',#11675,#2711);
#1778=LINE('',#11677,#2712);
#1779=LINE('',#11679,#2713);
#1780=LINE('',#11680,#2714);
#1781=LINE('',#11683,#2715);
#1782=LINE('',#11685,#2716);
#1783=LINE('',#11686,#2717);
#1784=LINE('',#11689,#2718);
#1785=LINE('',#11691,#2719);
#1786=LINE('',#11692,#2720);
#1787=LINE('',#11695,#2721);
#1788=LINE('',#11697,#2722);
#1789=LINE('',#11698,#2723);
#1790=LINE('',#11701,#2724);
#1791=LINE('',#11703,#2725);
#1792=LINE('',#11704,#2726);
#1793=LINE('',#11707,#2727);
#1794=LINE('',#11709,#2728);
#1795=LINE('',#11710,#2729);
#1796=LINE('',#11712,#2730);
#1797=LINE('',#11713,#2731);
#1798=LINE('',#11718,#2732);
#1799=LINE('',#11720,#2733);
#1800=LINE('',#11722,#2734);
#1801=LINE('',#11723,#2735);
#1802=LINE('',#11726,#2736);
#1803=LINE('',#11728,#2737);
#1804=LINE('',#11729,#2738);
#1805=LINE('',#11732,#2739);
#1806=LINE('',#11734,#2740);
#1807=LINE('',#11735,#2741);
#1808=LINE('',#11738,#2742);
#1809=LINE('',#11740,#2743);
#1810=LINE('',#11741,#2744);
#1811=LINE('',#11756,#2745);
#1812=LINE('',#11775,#2746);
#1813=LINE('',#11782,#2747);
#1814=LINE('',#11784,#2748);
#1815=LINE('',#11785,#2749);
#1816=LINE('',#11788,#2750);
#1817=LINE('',#11790,#2751);
#1818=LINE('',#11791,#2752);
#1819=LINE('',#11794,#2753);
#1820=LINE('',#11796,#2754);
#1821=LINE('',#11797,#2755);
#1822=LINE('',#11800,#2756);
#1823=LINE('',#11802,#2757);
#1824=LINE('',#11803,#2758);
#1825=LINE('',#11806,#2759);
#1826=LINE('',#11808,#2760);
#1827=LINE('',#11809,#2761);
#1828=LINE('',#11811,#2762);
#1829=LINE('',#11812,#2763);
#1830=LINE('',#11829,#2764);
#1831=LINE('',#11835,#2765);
#1832=LINE('',#11850,#2766);
#1833=LINE('',#11869,#2767);
#1834=LINE('',#11876,#2768);
#1835=LINE('',#11878,#2769);
#1836=LINE('',#11879,#2770);
#1837=LINE('',#11882,#2771);
#1838=LINE('',#11884,#2772);
#1839=LINE('',#11885,#2773);
#1840=LINE('',#11888,#2774);
#1841=LINE('',#11890,#2775);
#1842=LINE('',#11891,#2776);
#1843=LINE('',#11894,#2777);
#1844=LINE('',#11896,#2778);
#1845=LINE('',#11897,#2779);
#1846=LINE('',#11900,#2780);
#1847=LINE('',#11902,#2781);
#1848=LINE('',#11903,#2782);
#1849=LINE('',#11906,#2783);
#1850=LINE('',#11908,#2784);
#1851=LINE('',#11909,#2785);
#1852=LINE('',#11924,#2786);
#1853=LINE('',#11943,#2787);
#1854=LINE('',#11962,#2788);
#1855=LINE('',#11981,#2789);
#1856=LINE('',#12000,#2790);
#1857=LINE('',#12019,#2791);
#1858=LINE('',#12038,#2792);
#1859=LINE('',#12045,#2793);
#1860=LINE('',#12047,#2794);
#1861=LINE('',#12048,#2795);
#1862=LINE('',#12051,#2796);
#1863=LINE('',#12053,#2797);
#1864=LINE('',#12054,#2798);
#1865=LINE('',#12069,#2799);
#1866=LINE('',#12088,#2800);
#1867=LINE('',#12113,#2801);
#1868=LINE('',#12115,#2802);
#1869=LINE('',#12117,#2803);
#1870=LINE('',#12118,#2804);
#1871=LINE('',#12121,#2805);
#1872=LINE('',#12123,#2806);
#1873=LINE('',#12124,#2807);
#1874=LINE('',#12127,#2808);
#1875=LINE('',#12128,#2809);
#1876=LINE('',#12131,#2810);
#1877=LINE('',#12132,#2811);
#1878=LINE('',#12134,#2812);
#1879=LINE('',#12137,#2813);
#1880=LINE('',#12139,#2814);
#1881=LINE('',#12140,#2815);
#1882=LINE('',#12143,#2816);
#1883=LINE('',#12144,#2817);
#1884=LINE('',#12147,#2818);
#1885=LINE('',#12148,#2819);
#1886=LINE('',#12150,#2820);
#1887=LINE('',#12153,#2821);
#1888=LINE('',#12155,#2822);
#1889=LINE('',#12156,#2823);
#1890=LINE('',#12159,#2824);
#1891=LINE('',#12160,#2825);
#1892=LINE('',#12163,#2826);
#1893=LINE('',#12164,#2827);
#1894=LINE('',#12166,#2828);
#1895=LINE('',#12169,#2829);
#1896=LINE('',#12171,#2830);
#1897=LINE('',#12172,#2831);
#1898=LINE('',#12175,#2832);
#1899=LINE('',#12176,#2833);
#1900=LINE('',#12179,#2834);
#1901=LINE('',#12180,#2835);
#1902=LINE('',#12182,#2836);
#1903=LINE('',#12185,#2837);
#1904=LINE('',#12187,#2838);
#1905=LINE('',#12188,#2839);
#1906=LINE('',#12191,#2840);
#1907=LINE('',#12192,#2841);
#1908=LINE('',#12195,#2842);
#1909=LINE('',#12196,#2843);
#1910=LINE('',#12198,#2844);
#1911=LINE('',#12201,#2845);
#1912=LINE('',#12203,#2846);
#1913=LINE('',#12204,#2847);
#1914=LINE('',#12207,#2848);
#1915=LINE('',#12208,#2849);
#1916=LINE('',#12211,#2850);
#1917=LINE('',#12212,#2851);
#1918=LINE('',#12214,#2852);
#1919=LINE('',#12217,#2853);
#1920=LINE('',#12219,#2854);
#1921=LINE('',#12220,#2855);
#1922=LINE('',#12223,#2856);
#1923=LINE('',#12224,#2857);
#1924=LINE('',#12227,#2858);
#1925=LINE('',#12228,#2859);
#1926=LINE('',#12230,#2860);
#1927=LINE('',#12233,#2861);
#1928=LINE('',#12235,#2862);
#1929=LINE('',#12236,#2863);
#1930=LINE('',#12239,#2864);
#1931=LINE('',#12240,#2865);
#1932=LINE('',#12243,#2866);
#1933=LINE('',#12244,#2867);
#1934=LINE('',#12246,#2868);
#1935=LINE('',#12249,#2869);
#1936=LINE('',#12251,#2870);
#1937=LINE('',#12252,#2871);
#1938=LINE('',#12255,#2872);
#1939=LINE('',#12256,#2873);
#1940=LINE('',#12259,#2874);
#1941=LINE('',#12260,#2875);
#1942=LINE('',#12262,#2876);
#1943=LINE('',#12265,#2877);
#1944=LINE('',#12267,#2878);
#1945=LINE('',#12268,#2879);
#1946=LINE('',#12271,#2880);
#1947=LINE('',#12272,#2881);
#1948=LINE('',#12275,#2882);
#1949=LINE('',#12276,#2883);
#1950=LINE('',#12278,#2884);
#1951=LINE('',#12281,#2885);
#1952=LINE('',#12283,#2886);
#1953=LINE('',#12284,#2887);
#1954=LINE('',#12287,#2888);
#1955=LINE('',#12288,#2889);
#1956=LINE('',#12291,#2890);
#1957=LINE('',#12292,#2891);
#1958=LINE('',#12294,#2892);
#1959=LINE('',#12297,#2893);
#1960=LINE('',#12299,#2894);
#1961=LINE('',#12300,#2895);
#1962=LINE('',#12303,#2896);
#1963=LINE('',#12304,#2897);
#1964=LINE('',#12307,#2898);
#1965=LINE('',#12308,#2899);
#1966=LINE('',#12310,#2900);
#1967=LINE('',#12313,#2901);
#1968=LINE('',#12315,#2902);
#1969=LINE('',#12316,#2903);
#1970=LINE('',#12319,#2904);
#1971=LINE('',#12320,#2905);
#1972=LINE('',#12323,#2906);
#1973=LINE('',#12324,#2907);
#1974=LINE('',#12326,#2908);
#1975=LINE('',#12329,#2909);
#1976=LINE('',#12331,#2910);
#1977=LINE('',#12332,#2911);
#1978=LINE('',#12335,#2912);
#1979=LINE('',#12336,#2913);
#1980=LINE('',#12339,#2914);
#1981=LINE('',#12340,#2915);
#1982=LINE('',#12342,#2916);
#1983=LINE('',#12344,#2917);
#1984=LINE('',#12345,#2918);
#1985=LINE('',#12347,#2919);
#1986=LINE('',#12349,#2920);
#1987=LINE('',#12355,#2921);
#1988=LINE('',#12357,#2922);
#1989=LINE('',#12359,#2923);
#1990=LINE('',#12361,#2924);
#1991=LINE('',#12363,#2925);
#1992=LINE('',#12365,#2926);
#1993=LINE('',#12367,#2927);
#1994=LINE('',#12369,#2928);
#1995=LINE('',#12371,#2929);
#1996=LINE('',#12373,#2930);
#1997=LINE('',#12375,#2931);
#1998=LINE('',#12377,#2932);
#1999=LINE('',#12379,#2933);
#2000=LINE('',#12381,#2934);
#2001=LINE('',#12383,#2935);
#2002=LINE('',#12385,#2936);
#2003=LINE('',#12387,#2937);
#2004=LINE('',#12389,#2938);
#2005=LINE('',#12391,#2939);
#2006=LINE('',#12392,#2940);
#2007=LINE('',#12398,#2941);
#2008=LINE('',#12401,#2942);
#2009=LINE('',#12403,#2943);
#2010=LINE('',#12405,#2944);
#2011=LINE('',#12407,#2945);
#2012=LINE('',#12409,#2946);
#2013=LINE('',#12411,#2947);
#2014=LINE('',#12413,#2948);
#2015=LINE('',#12414,#2949);
#2016=LINE('',#12417,#2950);
#2017=LINE('',#12419,#2951);
#2018=LINE('',#12421,#2952);
#2019=LINE('',#12423,#2953);
#2020=LINE('',#12424,#2954);
#2021=LINE('',#12426,#2955);
#2022=LINE('',#12428,#2956);
#2023=LINE('',#12429,#2957);
#2024=LINE('',#12434,#2958);
#2025=LINE('',#12438,#2959);
#2026=LINE('',#12441,#2960);
#2027=LINE('',#12452,#2961);
#2028=LINE('',#12453,#2962);
#2029=LINE('',#12456,#2963);
#2030=LINE('',#12458,#2964);
#2031=LINE('',#12459,#2965);
#2032=LINE('',#12462,#2966);
#2033=LINE('',#12463,#2967);
#2034=LINE('',#12465,#2968);
#2035=LINE('',#12466,#2969);
#2036=LINE('',#12472,#2970);
#2037=LINE('',#12475,#2971);
#2038=LINE('',#12478,#2972);
#2039=LINE('',#12480,#2973);
#2040=LINE('',#12481,#2974);
#2041=LINE('',#12483,#2975);
#2042=LINE('',#12485,#2976);
#2043=LINE('',#12487,#2977);
#2044=LINE('',#12488,#2978);
#2045=LINE('',#12490,#2979);
#2046=LINE('',#12492,#2980);
#2047=LINE('',#12493,#2981);
#2048=LINE('',#12498,#2982);
#2049=LINE('',#12502,#2983);
#2050=LINE('',#12504,#2984);
#2051=LINE('',#12505,#2985);
#2052=LINE('',#12508,#2986);
#2053=LINE('',#12511,#2987);
#2054=LINE('',#12513,#2988);
#2055=LINE('',#12515,#2989);
#2056=LINE('',#12516,#2990);
#2057=LINE('',#12519,#2991);
#2058=LINE('',#12520,#2992);
#2059=LINE('',#12523,#2993);
#2060=LINE('',#12524,#2994);
#2061=LINE('',#12526,#2995);
#2062=LINE('',#12530,#2996);
#2063=LINE('',#12531,#2997);
#2064=LINE('',#12533,#2998);
#2065=LINE('',#12537,#2999);
#2066=LINE('',#12538,#3000);
#2067=LINE('',#12541,#3001);
#2068=LINE('',#12542,#3002);
#2069=LINE('',#12544,#3003);
#2070=LINE('',#12548,#3004);
#2071=LINE('',#12549,#3005);
#2072=LINE('',#12551,#3006);
#2073=LINE('',#12554,#3007);
#2074=LINE('',#12557,#3008);
#2075=LINE('',#12559,#3009);
#2076=LINE('',#12560,#3010);
#2077=LINE('',#12563,#3011);
#2078=LINE('',#12565,#3012);
#2079=LINE('',#12566,#3013);
#2080=LINE('',#12569,#3014);
#2081=LINE('',#12571,#3015);
#2082=LINE('',#12572,#3016);
#2083=LINE('',#12575,#3017);
#2084=LINE('',#12577,#3018);
#2085=LINE('',#12578,#3019);
#2086=LINE('',#12581,#3020);
#2087=LINE('',#12583,#3021);
#2088=LINE('',#12584,#3022);
#2089=LINE('',#12587,#3023);
#2090=LINE('',#12589,#3024);
#2091=LINE('',#12590,#3025);
#2092=LINE('',#12593,#3026);
#2093=LINE('',#12595,#3027);
#2094=LINE('',#12596,#3028);
#2095=LINE('',#12599,#3029);
#2096=LINE('',#12601,#3030);
#2097=LINE('',#12602,#3031);
#2098=LINE('',#12604,#3032);
#2099=LINE('',#12605,#3033);
#2100=LINE('',#12610,#3034);
#2101=LINE('',#12611,#3035);
#2102=LINE('',#12613,#3036);
#2103=LINE('',#12614,#3037);
#2104=LINE('',#12617,#3038);
#2105=LINE('',#12619,#3039);
#2106=LINE('',#12621,#3040);
#2107=LINE('',#12622,#3041);
#2108=LINE('',#12625,#3042);
#2109=LINE('',#12626,#3043);
#2110=LINE('',#12627,#3044);
#2111=LINE('',#12630,#3045);
#2112=LINE('',#12632,#3046);
#2113=LINE('',#12634,#3047);
#2114=LINE('',#12635,#3048);
#2115=LINE('',#12637,#3049);
#2116=LINE('',#12638,#3050);
#2117=LINE('',#12641,#3051);
#2118=LINE('',#12643,#3052);
#2119=LINE('',#12644,#3053);
#2120=LINE('',#12647,#3054);
#2121=LINE('',#12648,#3055);
#2122=LINE('',#12651,#3056);
#2123=LINE('',#12652,#3057);
#2124=LINE('',#12655,#3058);
#2125=LINE('',#12656,#3059);
#2126=LINE('',#12658,#3060);
#2127=LINE('',#12660,#3061);
#2128=LINE('',#12666,#3062);
#2129=LINE('',#12668,#3063);
#2130=LINE('',#12670,#3064);
#2131=LINE('',#12672,#3065);
#2132=LINE('',#12674,#3066);
#2133=LINE('',#12676,#3067);
#2134=LINE('',#12678,#3068);
#2135=LINE('',#12680,#3069);
#2136=LINE('',#12682,#3070);
#2137=LINE('',#12684,#3071);
#2138=LINE('',#12685,#3072);
#2139=LINE('',#12688,#3073);
#2140=LINE('',#12690,#3074);
#2141=LINE('',#12691,#3075);
#2142=LINE('',#12708,#3076);
#2143=LINE('',#12785,#3077);
#2144=LINE('',#12787,#3078);
#2145=LINE('',#12789,#3079);
#2146=LINE('',#12791,#3080);
#2147=LINE('',#12799,#3081);
#2148=LINE('',#12950,#3082);
#2149=LINE('',#13146,#3083);
#2150=LINE('',#13196,#3084);
#2151=LINE('',#13262,#3085);
#2152=LINE('',#13304,#3086);
#2153=LINE('',#13332,#3087);
#2154=LINE('',#13394,#3088);
#2155=LINE('',#13396,#3089);
#2156=LINE('',#13398,#3090);
#2157=LINE('',#13464,#3091);
#2158=LINE('',#13466,#3092);
#2159=LINE('',#13468,#3093);
#2160=LINE('',#13595,#3094);
#2161=LINE('',#13597,#3095);
#2162=LINE('',#13599,#3096);
#2163=LINE('',#13600,#3097);
#2164=LINE('',#13616,#3098);
#2165=LINE('',#13678,#3099);
#2166=LINE('',#13680,#3100);
#2167=LINE('',#13682,#3101);
#2168=LINE('',#13748,#3102);
#2169=LINE('',#13750,#3103);
#2170=LINE('',#13752,#3104);
#2171=LINE('',#13879,#3105);
#2172=LINE('',#13881,#3106);
#2173=LINE('',#13883,#3107);
#2174=LINE('',#13885,#3108);
#2175=LINE('',#13887,#3109);
#2176=LINE('',#13889,#3110);
#2177=LINE('',#13890,#3111);
#2178=LINE('',#13914,#3112);
#2179=LINE('',#13916,#3113);
#2180=LINE('',#13918,#3114);
#2181=LINE('',#13920,#3115);
#2182=LINE('',#13922,#3116);
#2183=LINE('',#13924,#3117);
#2184=LINE('',#13925,#3118);
#2185=LINE('',#13949,#3119);
#2186=LINE('',#13951,#3120);
#2187=LINE('',#13953,#3121);
#2188=LINE('',#13955,#3122);
#2189=LINE('',#13957,#3123);
#2190=LINE('',#13959,#3124);
#2191=LINE('',#13960,#3125);
#2192=LINE('',#13984,#3126);
#2193=LINE('',#13986,#3127);
#2194=LINE('',#13988,#3128);
#2195=LINE('',#13990,#3129);
#2196=LINE('',#13992,#3130);
#2197=LINE('',#13994,#3131);
#2198=LINE('',#13995,#3132);
#2199=LINE('',#14113,#3133);
#2200=LINE('',#14254,#3134);
#2201=LINE('',#14293,#3135);
#2202=LINE('',#14295,#3136);
#2203=LINE('',#14297,#3137);
#2204=LINE('',#14299,#3138);
#2205=LINE('',#14301,#3139);
#2206=LINE('',#14303,#3140);
#2207=LINE('',#14305,#3141);
#2208=LINE('',#14307,#3142);
#2209=LINE('',#14309,#3143);
#2210=LINE('',#14311,#3144);
#2211=LINE('',#14313,#3145);
#2212=LINE('',#14315,#3146);
#2213=LINE('',#14316,#3147);
#2214=LINE('',#14320,#3148);
#2215=LINE('',#14322,#3149);
#2216=LINE('',#14324,#3150);
#2217=LINE('',#14326,#3151);
#2218=LINE('',#14328,#3152);
#2219=LINE('',#14330,#3153);
#2220=LINE('',#14332,#3154);
#2221=LINE('',#14333,#3155);
#2222=LINE('',#14336,#3156);
#2223=LINE('',#14338,#3157);
#2224=LINE('',#14339,#3158);
#2225=LINE('',#14344,#3159);
#2226=LINE('',#14346,#3160);
#2227=LINE('',#14348,#3161);
#2228=LINE('',#14350,#3162);
#2229=LINE('',#14352,#3163);
#2230=LINE('',#14354,#3164);
#2231=LINE('',#14356,#3165);
#2232=LINE('',#14358,#3166);
#2233=LINE('',#14360,#3167);
#2234=LINE('',#14362,#3168);
#2235=LINE('',#14364,#3169);
#2236=LINE('',#14366,#3170);
#2237=LINE('',#14368,#3171);
#2238=LINE('',#14370,#3172);
#2239=LINE('',#14372,#3173);
#2240=LINE('',#14373,#3174);
#2241=LINE('',#14377,#3175);
#2242=LINE('',#14379,#3176);
#2243=LINE('',#14381,#3177);
#2244=LINE('',#14383,#3178);
#2245=LINE('',#14385,#3179);
#2246=LINE('',#14387,#3180);
#2247=LINE('',#14389,#3181);
#2248=LINE('',#14390,#3182);
#2249=LINE('',#14392,#3183);
#2250=LINE('',#14393,#3184);
#2251=LINE('',#14395,#3185);
#2252=LINE('',#14396,#3186);
#2253=LINE('',#14400,#3187);
#2254=LINE('',#14402,#3188);
#2255=LINE('',#14404,#3189);
#2256=LINE('',#14405,#3190);
#2257=LINE('',#14408,#3191);
#2258=LINE('',#14410,#3192);
#2259=LINE('',#14411,#3193);
#2260=LINE('',#14414,#3194);
#2261=LINE('',#14415,#3195);
#2262=LINE('',#14416,#3196);
#2263=LINE('',#14417,#3197);
#2264=LINE('',#14418,#3198);
#2265=LINE('',#14421,#3199);
#2266=LINE('',#14422,#3200);
#2267=LINE('',#14424,#3201);
#2268=LINE('',#14425,#3202);
#2269=LINE('',#14429,#3203);
#2270=LINE('',#14431,#3204);
#2271=LINE('',#14433,#3205);
#2272=LINE('',#14434,#3206);
#2273=LINE('',#14438,#3207);
#2274=LINE('',#14440,#3208);
#2275=LINE('',#14442,#3209);
#2276=LINE('',#14443,#3210);
#2277=LINE('',#14447,#3211);
#2278=LINE('',#14449,#3212);
#2279=LINE('',#14451,#3213);
#2280=LINE('',#14452,#3214);
#2281=LINE('',#14455,#3215);
#2282=LINE('',#14457,#3216);
#2283=LINE('',#14458,#3217);
#2284=LINE('',#14461,#3218);
#2285=LINE('',#14463,#3219);
#2286=LINE('',#14464,#3220);
#2287=LINE('',#14468,#3221);
#2288=LINE('',#14470,#3222);
#2289=LINE('',#14472,#3223);
#2290=LINE('',#14473,#3224);
#2291=LINE('',#14476,#3225);
#2292=LINE('',#14478,#3226);
#2293=LINE('',#14479,#3227);
#2294=LINE('',#14482,#3228);
#2295=LINE('',#14484,#3229);
#2296=LINE('',#14485,#3230);
#2297=LINE('',#14499,#3231);
#2298=LINE('',#14501,#3232);
#2299=LINE('',#14503,#3233);
#2300=LINE('',#14504,#3234);
#2301=LINE('',#14506,#3235);
#2302=LINE('',#14507,#3236);
#2303=LINE('',#14510,#3237);
#2304=LINE('',#14512,#3238);
#2305=LINE('',#14513,#3239);
#2306=LINE('',#14517,#3240);
#2307=LINE('',#14519,#3241);
#2308=LINE('',#14521,#3242);
#2309=LINE('',#14522,#3243);
#2310=LINE('',#14526,#3244);
#2311=LINE('',#14528,#3245);
#2312=LINE('',#14530,#3246);
#2313=LINE('',#14531,#3247);
#2314=LINE('',#14534,#3248);
#2315=LINE('',#14536,#3249);
#2316=LINE('',#14537,#3250);
#2317=LINE('',#14539,#3251);
#2318=LINE('',#14540,#3252);
#2319=LINE('',#14550,#3253);
#2320=LINE('',#14552,#3254);
#2321=LINE('',#14554,#3255);
#2322=LINE('',#14555,#3256);
#2323=LINE('',#14558,#3257);
#2324=LINE('',#14560,#3258);
#2325=LINE('',#14561,#3259);
#2326=LINE('',#14564,#3260);
#2327=LINE('',#14566,#3261);
#2328=LINE('',#14567,#3262);
#2329=LINE('',#14571,#3263);
#2330=LINE('',#14573,#3264);
#2331=LINE('',#14575,#3265);
#2332=LINE('',#14576,#3266);
#2333=LINE('',#14579,#3267);
#2334=LINE('',#14581,#3268);
#2335=LINE('',#14582,#3269);
#2336=LINE('',#14585,#3270);
#2337=LINE('',#14587,#3271);
#2338=LINE('',#14588,#3272);
#2339=LINE('',#14592,#3273);
#2340=LINE('',#14594,#3274);
#2341=LINE('',#14596,#3275);
#2342=LINE('',#14597,#3276);
#2343=LINE('',#14611,#3277);
#2344=LINE('',#14613,#3278);
#2345=LINE('',#14615,#3279);
#2346=LINE('',#14616,#3280);
#2347=LINE('',#14620,#3281);
#2348=LINE('',#14622,#3282);
#2349=LINE('',#14624,#3283);
#2350=LINE('',#14625,#3284);
#2351=LINE('',#14628,#3285);
#2352=LINE('',#14630,#3286);
#2353=LINE('',#14631,#3287);
#2354=LINE('',#14634,#3288);
#2355=LINE('',#14636,#3289);
#2356=LINE('',#14637,#3290);
#2357=LINE('',#14641,#3291);
#2358=LINE('',#14643,#3292);
#2359=LINE('',#14645,#3293);
#2360=LINE('',#14646,#3294);
#2361=LINE('',#14650,#3295);
#2362=LINE('',#14652,#3296);
#2363=LINE('',#14654,#3297);
#2364=LINE('',#14655,#3298);
#2365=LINE('',#14657,#3299);
#2366=LINE('',#14658,#3300);
#2367=LINE('',#14703,#3301);
#2368=LINE('',#14707,#3302);
#2369=LINE('',#14709,#3303);
#2370=LINE('',#14711,#3304);
#2371=LINE('',#14713,#3305);
#2372=LINE('',#14715,#3306);
#2373=LINE('',#14717,#3307);
#2374=LINE('',#14719,#3308);
#2375=LINE('',#14723,#3309);
#2376=LINE('',#14727,#3310);
#2377=LINE('',#14731,#3311);
#2378=LINE('',#14733,#3312);
#2379=LINE('',#14735,#3313);
#2380=LINE('',#14736,#3314);
#2381=LINE('',#14739,#3315);
#2382=LINE('',#14741,#3316);
#2383=LINE('',#14743,#3317);
#2384=LINE('',#14744,#3318);
#2385=LINE('',#14747,#3319);
#2386=LINE('',#14749,#3320);
#2387=LINE('',#14751,#3321);
#2388=LINE('',#14752,#3322);
#2389=LINE('',#14755,#3323);
#2390=LINE('',#14757,#3324);
#2391=LINE('',#14759,#3325);
#2392=LINE('',#14760,#3326);
#2393=LINE('',#14763,#3327);
#2394=LINE('',#14765,#3328);
#2395=LINE('',#14767,#3329);
#2396=LINE('',#14768,#3330);
#2397=LINE('',#14771,#3331);
#2398=LINE('',#14773,#3332);
#2399=LINE('',#14775,#3333);
#2400=LINE('',#14776,#3334);
#2401=LINE('',#14779,#3335);
#2402=LINE('',#14781,#3336);
#2403=LINE('',#14783,#3337);
#2404=LINE('',#14784,#3338);
#2405=LINE('',#14787,#3339);
#2406=LINE('',#14789,#3340);
#2407=LINE('',#14791,#3341);
#2408=LINE('',#14792,#3342);
#2409=LINE('',#14798,#3343);
#2410=LINE('',#14800,#3344);
#2411=LINE('',#14802,#3345);
#2412=LINE('',#14804,#3346);
#2413=LINE('',#14806,#3347);
#2414=LINE('',#14808,#3348);
#2415=LINE('',#14810,#3349);
#2416=LINE('',#14814,#3350);
#2417=LINE('',#14817,#3351);
#2418=LINE('',#14821,#3352);
#2419=LINE('',#14822,#3353);
#2420=LINE('',#14825,#3354);
#2421=LINE('',#14826,#3355);
#2422=LINE('',#14829,#3356);
#2423=LINE('',#14833,#3357);
#2424=LINE('',#14838,#3358);
#2425=LINE('',#14841,#3359);
#2426=LINE('',#14845,#3360);
#2427=LINE('',#14846,#3361);
#2428=LINE('',#14849,#3362);
#2429=LINE('',#14857,#3363);
#2430=LINE('',#14858,#3364);
#2431=LINE('',#14860,#3365);
#2432=LINE('',#14862,#3366);
#2433=LINE('',#14864,#3367);
#2434=LINE('',#14866,#3368);
#2435=LINE('',#14868,#3369);
#2436=LINE('',#14875,#3370);
#2437=LINE('',#14877,#3371);
#2438=LINE('',#14878,#3372);
#2439=LINE('',#14881,#3373);
#2440=LINE('',#14882,#3374);
#2441=LINE('',#14885,#3375);
#2442=LINE('',#14886,#3376);
#2443=LINE('',#14888,#3377);
#2444=LINE('',#14892,#3378);
#2445=LINE('',#14894,#3379);
#2446=LINE('',#14895,#3380);
#2447=LINE('',#14898,#3381);
#2448=LINE('',#14899,#3382);
#2449=LINE('',#14902,#3383);
#2450=LINE('',#14903,#3384);
#2451=LINE('',#14905,#3385);
#2452=LINE('',#14909,#3386);
#2453=LINE('',#14911,#3387);
#2454=LINE('',#14912,#3388);
#2455=LINE('',#14915,#3389);
#2456=LINE('',#14916,#3390);
#2457=LINE('',#14919,#3391);
#2458=LINE('',#14920,#3392);
#2459=LINE('',#14922,#3393);
#2460=LINE('',#14926,#3394);
#2461=LINE('',#14928,#3395);
#2462=LINE('',#14929,#3396);
#2463=LINE('',#14932,#3397);
#2464=LINE('',#14933,#3398);
#2465=LINE('',#14936,#3399);
#2466=LINE('',#14937,#3400);
#2467=LINE('',#14939,#3401);
#2468=LINE('',#14943,#3402);
#2469=LINE('',#14945,#3403);
#2470=LINE('',#14946,#3404);
#2471=LINE('',#14949,#3405);
#2472=LINE('',#14950,#3406);
#2473=LINE('',#14953,#3407);
#2474=LINE('',#14954,#3408);
#2475=LINE('',#14956,#3409);
#2476=LINE('',#14960,#3410);
#2477=LINE('',#14962,#3411);
#2478=LINE('',#14963,#3412);
#2479=LINE('',#14966,#3413);
#2480=LINE('',#14967,#3414);
#2481=LINE('',#14970,#3415);
#2482=LINE('',#14971,#3416);
#2483=LINE('',#14973,#3417);
#2484=LINE('',#14977,#3418);
#2485=LINE('',#14979,#3419);
#2486=LINE('',#14980,#3420);
#2487=LINE('',#14983,#3421);
#2488=LINE('',#14984,#3422);
#2489=LINE('',#14987,#3423);
#2490=LINE('',#14988,#3424);
#2491=LINE('',#14990,#3425);
#2492=LINE('',#14994,#3426);
#2493=LINE('',#14996,#3427);
#2494=LINE('',#14997,#3428);
#2495=LINE('',#15000,#3429);
#2496=LINE('',#15001,#3430);
#2497=LINE('',#15004,#3431);
#2498=LINE('',#15005,#3432);
#2499=LINE('',#15007,#3433);
#2500=VECTOR('',#9003,0.65);
#2501=VECTOR('',#9010,0.649999999999982);
#2502=VECTOR('',#9017,0.65);
#2503=VECTOR('',#9024,0.649999999999991);
#2504=VECTOR('',#9031,0.649999999999973);
#2505=VECTOR('',#9038,0.65);
#2506=VECTOR('',#9045,1.24999999999999);
#2507=VECTOR('',#9052,1.24999999999999);
#2508=VECTOR('',#9059,1.24999999999999);
#2509=VECTOR('',#9066,1.24999999999999);
#2510=VECTOR('',#9071,1.4142135623731);
#2511=VECTOR('',#9072,1.4);
#2512=VECTOR('',#9073,1.4142135623731);
#2513=VECTOR('',#9074,1.4);
#2514=VECTOR('',#9077,40.);
#2515=VECTOR('',#9078,40.);
#2516=VECTOR('',#9079,1.4);
#2517=VECTOR('',#9082,1.4142135623731);
#2518=VECTOR('',#9083,1.4142135623731);
#2519=VECTOR('',#9084,1.4);
#2520=VECTOR('',#9087,22.);
#2521=VECTOR('',#9088,22.);
#2522=VECTOR('',#9089,1.4);
#2523=VECTOR('',#9092,1.41421356237309);
#2524=VECTOR('',#9093,1.41421356237309);
#2525=VECTOR('',#9094,1.4);
#2526=VECTOR('',#9097,10.);
#2527=VECTOR('',#9098,41.);
#2528=VECTOR('',#9099,41.);
#2529=VECTOR('',#9102,0.799999999999998);
#2530=VECTOR('',#9103,1.4);
#2531=VECTOR('',#9104,0.799999999999998);
#2532=VECTOR('',#9105,1.4);
#2533=VECTOR('',#9108,5.);
#2534=VECTOR('',#9109,5.);
#2535=VECTOR('',#9110,1.4);
#2536=VECTOR('',#9113,0.799999999999998);
#2537=VECTOR('',#9114,0.799999999999998);
#2538=VECTOR('',#9115,1.4);
#2539=VECTOR('',#9118,7.);
#2540=VECTOR('',#9119,7.);
#2541=VECTOR('',#9122,10.);
#2542=VECTOR('',#9123,11.);
#2543=VECTOR('',#9126,10.);
#2544=VECTOR('',#9127,11.);
#2545=VECTOR('',#9130,10.);
#2546=VECTOR('',#9135,10.);
#2547=VECTOR('',#9136,10.);
#2548=VECTOR('',#9137,10.);
#2549=VECTOR('',#9138,10.);
#2550=VECTOR('',#9139,10.);
#2551=VECTOR('',#9140,10.);
#2552=VECTOR('',#9141,10.);
#2553=VECTOR('',#9142,10.);
#2554=VECTOR('',#9143,10.);
#2555=VECTOR('',#9144,10.);
#2556=VECTOR('',#9145,10.);
#2557=VECTOR('',#9146,10.);
#2558=VECTOR('',#9147,10.);
#2559=VECTOR('',#9148,10.);
#2560=VECTOR('',#9149,10.);
#2561=VECTOR('',#9150,10.);
#2562=VECTOR('',#9151,10.);
#2563=VECTOR('',#9152,10.);
#2564=VECTOR('',#9153,10.);
#2565=VECTOR('',#9154,10.);
#2566=VECTOR('',#9155,10.);
#2567=VECTOR('',#9156,10.);
#2568=VECTOR('',#9157,10.);
#2569=VECTOR('',#9158,10.);
#2570=VECTOR('',#9159,10.);
#2571=VECTOR('',#9160,10.);
#2572=VECTOR('',#9161,10.);
#2573=VECTOR('',#9162,10.);
#2574=VECTOR('',#9163,10.);
#2575=VECTOR('',#9164,10.);
#2576=VECTOR('',#9165,10.);
#2577=VECTOR('',#9166,10.);
#2578=VECTOR('',#9167,10.);
#2579=VECTOR('',#9168,10.);
#2580=VECTOR('',#9169,10.);
#2581=VECTOR('',#9170,10.);
#2582=VECTOR('',#9171,10.);
#2583=VECTOR('',#9172,10.);
#2584=VECTOR('',#9173,10.);
#2585=VECTOR('',#9174,10.);
#2586=VECTOR('',#9175,10.);
#2587=VECTOR('',#9176,10.);
#2588=VECTOR('',#9177,10.);
#2589=VECTOR('',#9178,10.);
#2590=VECTOR('',#9179,10.);
#2591=VECTOR('',#9180,10.);
#2592=VECTOR('',#9181,10.);
#2593=VECTOR('',#9182,10.);
#2594=VECTOR('',#9183,10.);
#2595=VECTOR('',#9184,10.);
#2596=VECTOR('',#9185,10.);
#2597=VECTOR('',#9186,10.);
#2598=VECTOR('',#9187,10.);
#2599=VECTOR('',#9188,10.);
#2600=VECTOR('',#9189,10.);
#2601=VECTOR('',#9190,10.);
#2602=VECTOR('',#9191,10.);
#2603=VECTOR('',#9192,10.);
#2604=VECTOR('',#9193,10.);
#2605=VECTOR('',#9194,10.);
#2606=VECTOR('',#9197,10.);
#2607=VECTOR('',#9198,10.);
#2608=VECTOR('',#9199,10.);
#2609=VECTOR('',#9200,10.);
#2610=VECTOR('',#9203,10.);
#2611=VECTOR('',#9204,10.);
#2612=VECTOR('',#9205,10.);
#2613=VECTOR('',#9208,10.);
#2614=VECTOR('',#9209,10.);
#2615=VECTOR('',#9212,10.);
#2616=VECTOR('',#9213,10.);
#2617=VECTOR('',#9214,10.);
#2618=VECTOR('',#9215,10.);
#2619=VECTOR('',#9218,10.);
#2620=VECTOR('',#9219,10.);
#2621=VECTOR('',#9220,10.);
#2622=VECTOR('',#9223,10.);
#2623=VECTOR('',#9224,10.);
#2624=VECTOR('',#9225,10.);
#2625=VECTOR('',#9228,10.);
#2626=VECTOR('',#9229,10.);
#2627=VECTOR('',#9230,10.);
#2628=VECTOR('',#9233,10.);
#2629=VECTOR('',#9234,10.);
#2630=VECTOR('',#9235,10.);
#2631=VECTOR('',#9238,10.);
#2632=VECTOR('',#9239,10.);
#2633=VECTOR('',#9240,10.);
#2634=VECTOR('',#9243,10.);
#2635=VECTOR('',#9244,10.);
#2636=VECTOR('',#9245,10.);
#2637=VECTOR('',#9248,10.);
#2638=VECTOR('',#9249,10.);
#2639=VECTOR('',#9254,10.);
#2640=VECTOR('',#9255,10.);
#2641=VECTOR('',#9256,10.);
#2642=VECTOR('',#9257,10.);
#2643=VECTOR('',#9260,10.);
#2644=VECTOR('',#9261,10.);
#2645=VECTOR('',#9262,10.);
#2646=VECTOR('',#9263,10.);
#2647=VECTOR('',#9264,10.);
#2648=VECTOR('',#9265,10.);
#2649=VECTOR('',#9266,10.);
#2650=VECTOR('',#9269,10.);
#2651=VECTOR('',#9270,10.);
#2652=VECTOR('',#9271,10.);
#2653=VECTOR('',#9274,10.);
#2654=VECTOR('',#9275,10.);
#2655=VECTOR('',#9276,10.);
#2656=VECTOR('',#9277,10.);
#2657=VECTOR('',#9278,10.);
#2658=VECTOR('',#9279,10.);
#2659=VECTOR('',#9280,10.);
#2660=VECTOR('',#9281,10.);
#2661=VECTOR('',#9284,10.);
#2662=VECTOR('',#9285,10.);
#2663=VECTOR('',#9286,10.);
#2664=VECTOR('',#9289,10.);
#2665=VECTOR('',#9290,10.);
#2666=VECTOR('',#9293,10.);
#2667=VECTOR('',#9294,10.);
#2668=VECTOR('',#9295,10.);
#2669=VECTOR('',#9298,10.);
#2670=VECTOR('',#9299,10.);
#2671=VECTOR('',#9300,10.);
#2672=VECTOR('',#9303,10.);
#2673=VECTOR('',#9304,10.);
#2674=VECTOR('',#9305,10.);
#2675=VECTOR('',#9306,10.);
#2676=VECTOR('',#9307,10.);
#2677=VECTOR('',#9308,10.);
#2678=VECTOR('',#9309,10.);
#2679=VECTOR('',#9310,10.);
#2680=VECTOR('',#9311,10.);
#2681=VECTOR('',#9312,10.);
#2682=VECTOR('',#9313,10.);
#2683=VECTOR('',#9316,10.);
#2684=VECTOR('',#9317,10.);
#2685=VECTOR('',#9318,10.);
#2686=VECTOR('',#9321,10.);
#2687=VECTOR('',#9322,10.);
#2688=VECTOR('',#9323,10.);
#2689=VECTOR('',#9324,10.);
#2690=VECTOR('',#9325,10.);
#2691=VECTOR('',#9326,10.);
#2692=VECTOR('',#9331,10.);
#2693=VECTOR('',#9332,10.);
#2694=VECTOR('',#9333,10.);
#2695=VECTOR('',#9334,10.);
#2696=VECTOR('',#9337,10.);
#2697=VECTOR('',#9338,10.);
#2698=VECTOR('',#9339,10.);
#2699=VECTOR('',#9342,10.);
#2700=VECTOR('',#9343,10.);
#2701=VECTOR('',#9344,10.);
#2702=VECTOR('',#9347,10.);
#2703=VECTOR('',#9348,10.);
#2704=VECTOR('',#9349,10.);
#2705=VECTOR('',#9352,10.);
#2706=VECTOR('',#9353,10.);
#2707=VECTOR('',#9354,10.);
#2708=VECTOR('',#9357,10.);
#2709=VECTOR('',#9358,10.);
#2710=VECTOR('',#9365,0.499999999999999);
#2711=VECTOR('',#9372,10.);
#2712=VECTOR('',#9373,10.);
#2713=VECTOR('',#9374,10.);
#2714=VECTOR('',#9375,10.);
#2715=VECTOR('',#9378,10.);
#2716=VECTOR('',#9379,10.);
#2717=VECTOR('',#9380,10.);
#2718=VECTOR('',#9383,10.);
#2719=VECTOR('',#9384,10.);
#2720=VECTOR('',#9385,10.);
#2721=VECTOR('',#9388,10.);
#2722=VECTOR('',#9389,10.);
#2723=VECTOR('',#9390,10.);
#2724=VECTOR('',#9393,10.);
#2725=VECTOR('',#9394,10.);
#2726=VECTOR('',#9395,10.);
#2727=VECTOR('',#9398,10.);
#2728=VECTOR('',#9399,10.);
#2729=VECTOR('',#9400,10.);
#2730=VECTOR('',#9403,10.);
#2731=VECTOR('',#9404,10.);
#2732=VECTOR('',#9409,10.);
#2733=VECTOR('',#9410,10.);
#2734=VECTOR('',#9411,10.);
#2735=VECTOR('',#9412,10.);
#2736=VECTOR('',#9415,10.);
#2737=VECTOR('',#9416,10.);
#2738=VECTOR('',#9417,10.);
#2739=VECTOR('',#9420,10.);
#2740=VECTOR('',#9421,10.);
#2741=VECTOR('',#9422,10.);
#2742=VECTOR('',#9425,10.);
#2743=VECTOR('',#9426,10.);
#2744=VECTOR('',#9427,10.);
#2745=VECTOR('',#9428,10.);
#2746=VECTOR('',#9429,10.);
#2747=VECTOR('',#9432,10.);
#2748=VECTOR('',#9433,10.);
#2749=VECTOR('',#9434,10.);
#2750=VECTOR('',#9437,10.);
#2751=VECTOR('',#9438,10.);
#2752=VECTOR('',#9439,10.);
#2753=VECTOR('',#9442,10.);
#2754=VECTOR('',#9443,10.);
#2755=VECTOR('',#9444,10.);
#2756=VECTOR('',#9447,10.);
#2757=VECTOR('',#9448,10.);
#2758=VECTOR('',#9449,10.);
#2759=VECTOR('',#9452,10.);
#2760=VECTOR('',#9453,10.);
#2761=VECTOR('',#9454,10.);
#2762=VECTOR('',#9457,10.);
#2763=VECTOR('',#9458,10.);
#2764=VECTOR('',#9461,10.);
#2765=VECTOR('',#9462,10.);
#2766=VECTOR('',#9463,10.);
#2767=VECTOR('',#9464,10.);
#2768=VECTOR('',#9467,10.);
#2769=VECTOR('',#9468,10.);
#2770=VECTOR('',#9469,10.);
#2771=VECTOR('',#9472,10.);
#2772=VECTOR('',#9473,10.);
#2773=VECTOR('',#9474,10.);
#2774=VECTOR('',#9477,10.);
#2775=VECTOR('',#9478,10.);
#2776=VECTOR('',#9479,10.);
#2777=VECTOR('',#9482,10.);
#2778=VECTOR('',#9483,10.);
#2779=VECTOR('',#9484,10.);
#2780=VECTOR('',#9487,10.);
#2781=VECTOR('',#9488,10.);
#2782=VECTOR('',#9489,10.);
#2783=VECTOR('',#9492,10.);
#2784=VECTOR('',#9493,10.);
#2785=VECTOR('',#9494,10.);
#2786=VECTOR('',#9495,10.);
#2787=VECTOR('',#9496,10.);
#2788=VECTOR('',#9497,10.);
#2789=VECTOR('',#9498,10.);
#2790=VECTOR('',#9499,10.);
#2791=VECTOR('',#9500,10.);
#2792=VECTOR('',#9501,10.);
#2793=VECTOR('',#9504,10.);
#2794=VECTOR('',#9505,10.);
#2795=VECTOR('',#9506,10.);
#2796=VECTOR('',#9509,10.);
#2797=VECTOR('',#9510,10.);
#2798=VECTOR('',#9511,10.);
#2799=VECTOR('',#9512,10.);
#2800=VECTOR('',#9513,10.);
#2801=VECTOR('',#9518,10.);
#2802=VECTOR('',#9519,10.);
#2803=VECTOR('',#9520,10.);
#2804=VECTOR('',#9521,10.);
#2805=VECTOR('',#9524,10.);
#2806=VECTOR('',#9525,10.);
#2807=VECTOR('',#9526,10.);
#2808=VECTOR('',#9529,10.);
#2809=VECTOR('',#9530,10.);
#2810=VECTOR('',#9533,10.);
#2811=VECTOR('',#9534,10.);
#2812=VECTOR('',#9537,10.);
#2813=VECTOR('',#9540,10.);
#2814=VECTOR('',#9541,10.);
#2815=VECTOR('',#9542,10.);
#2816=VECTOR('',#9545,10.);
#2817=VECTOR('',#9546,10.);
#2818=VECTOR('',#9549,10.);
#2819=VECTOR('',#9550,10.);
#2820=VECTOR('',#9553,10.);
#2821=VECTOR('',#9556,10.);
#2822=VECTOR('',#9557,10.);
#2823=VECTOR('',#9558,10.);
#2824=VECTOR('',#9561,10.);
#2825=VECTOR('',#9562,10.);
#2826=VECTOR('',#9565,10.);
#2827=VECTOR('',#9566,10.);
#2828=VECTOR('',#9569,10.);
#2829=VECTOR('',#9572,10.);
#2830=VECTOR('',#9573,10.);
#2831=VECTOR('',#9574,10.);
#2832=VECTOR('',#9577,10.);
#2833=VECTOR('',#9578,10.);
#2834=VECTOR('',#9581,10.);
#2835=VECTOR('',#9582,10.);
#2836=VECTOR('',#9585,10.);
#2837=VECTOR('',#9588,10.);
#2838=VECTOR('',#9589,10.);
#2839=VECTOR('',#9590,10.);
#2840=VECTOR('',#9593,10.);
#2841=VECTOR('',#9594,10.);
#2842=VECTOR('',#9597,10.);
#2843=VECTOR('',#9598,10.);
#2844=VECTOR('',#9601,10.);
#2845=VECTOR('',#9604,10.);
#2846=VECTOR('',#9605,10.);
#2847=VECTOR('',#9606,10.);
#2848=VECTOR('',#9609,10.);
#2849=VECTOR('',#9610,10.);
#2850=VECTOR('',#9613,10.);
#2851=VECTOR('',#9614,10.);
#2852=VECTOR('',#9617,10.);
#2853=VECTOR('',#9620,10.);
#2854=VECTOR('',#9621,10.);
#2855=VECTOR('',#9622,10.);
#2856=VECTOR('',#9625,10.);
#2857=VECTOR('',#9626,10.);
#2858=VECTOR('',#9629,10.);
#2859=VECTOR('',#9630,10.);
#2860=VECTOR('',#9633,10.);
#2861=VECTOR('',#9636,10.);
#2862=VECTOR('',#9637,10.);
#2863=VECTOR('',#9638,10.);
#2864=VECTOR('',#9641,10.);
#2865=VECTOR('',#9642,10.);
#2866=VECTOR('',#9645,10.);
#2867=VECTOR('',#9646,10.);
#2868=VECTOR('',#9649,10.);
#2869=VECTOR('',#9652,10.);
#2870=VECTOR('',#9653,10.);
#2871=VECTOR('',#9654,10.);
#2872=VECTOR('',#9657,10.);
#2873=VECTOR('',#9658,10.);
#2874=VECTOR('',#9661,10.);
#2875=VECTOR('',#9662,10.);
#2876=VECTOR('',#9665,10.);
#2877=VECTOR('',#9668,10.);
#2878=VECTOR('',#9669,10.);
#2879=VECTOR('',#9670,10.);
#2880=VECTOR('',#9673,10.);
#2881=VECTOR('',#9674,10.);
#2882=VECTOR('',#9677,10.);
#2883=VECTOR('',#9678,10.);
#2884=VECTOR('',#9681,10.);
#2885=VECTOR('',#9684,10.);
#2886=VECTOR('',#9685,10.);
#2887=VECTOR('',#9686,10.);
#2888=VECTOR('',#9689,10.);
#2889=VECTOR('',#9690,10.);
#2890=VECTOR('',#9693,10.);
#2891=VECTOR('',#9694,10.);
#2892=VECTOR('',#9697,10.);
#2893=VECTOR('',#9700,10.);
#2894=VECTOR('',#9701,10.);
#2895=VECTOR('',#9702,10.);
#2896=VECTOR('',#9705,10.);
#2897=VECTOR('',#9706,10.);
#2898=VECTOR('',#9709,10.);
#2899=VECTOR('',#9710,10.);
#2900=VECTOR('',#9713,10.);
#2901=VECTOR('',#9716,10.);
#2902=VECTOR('',#9717,10.);
#2903=VECTOR('',#9718,10.);
#2904=VECTOR('',#9721,10.);
#2905=VECTOR('',#9722,10.);
#2906=VECTOR('',#9725,10.);
#2907=VECTOR('',#9726,10.);
#2908=VECTOR('',#9729,10.);
#2909=VECTOR('',#9732,10.);
#2910=VECTOR('',#9733,10.);
#2911=VECTOR('',#9734,10.);
#2912=VECTOR('',#9737,10.);
#2913=VECTOR('',#9738,10.);
#2914=VECTOR('',#9741,10.);
#2915=VECTOR('',#9742,10.);
#2916=VECTOR('',#9745,10.);
#2917=VECTOR('',#9748,10.);
#2918=VECTOR('',#9749,10.);
#2919=VECTOR('',#9752,10.);
#2920=VECTOR('',#9755,10.);
#2921=VECTOR('',#9762,10.);
#2922=VECTOR('',#9763,10.);
#2923=VECTOR('',#9764,15.);
#2924=VECTOR('',#9765,10.);
#2925=VECTOR('',#9766,10.);
#2926=VECTOR('',#9767,10.);
#2927=VECTOR('',#9768,15.);
#2928=VECTOR('',#9769,3.5);
#2929=VECTOR('',#9770,2.23606797749979);
#2930=VECTOR('',#9771,9.5);
#2931=VECTOR('',#9772,14.);
#2932=VECTOR('',#9773,10.);
#2933=VECTOR('',#9774,10.);
#2934=VECTOR('',#9775,10.);
#2935=VECTOR('',#9776,14.);
#2936=VECTOR('',#9777,10.);
#2937=VECTOR('',#9778,10.);
#2938=VECTOR('',#9779,10.);
#2939=VECTOR('',#9780,10.);
#2940=VECTOR('',#9781,10.);
#2941=VECTOR('',#9786,10.);
#2942=VECTOR('',#9789,10.);
#2943=VECTOR('',#9792,2.);
#2944=VECTOR('',#9793,2.);
#2945=VECTOR('',#9794,10.);
#2946=VECTOR('',#9795,10.);
#2947=VECTOR('',#9796,10.);
#2948=VECTOR('',#9797,2.);
#2949=VECTOR('',#9798,9.5);
#2950=VECTOR('',#9801,10.);
#2951=VECTOR('',#9802,10.);
#2952=VECTOR('',#9803,2.);
#2953=VECTOR('',#9804,10.);
#2954=VECTOR('',#9805,10.);
#2955=VECTOR('',#9806,10.);
#2956=VECTOR('',#9807,10.);
#2957=VECTOR('',#9808,10.);
#2958=VECTOR('',#9813,10.);
#2959=VECTOR('',#9818,10.);
#2960=VECTOR('',#9821,10.);
#2961=VECTOR('',#9834,10.);
#2962=VECTOR('',#9835,10.);
#2963=VECTOR('',#9838,10.);
#2964=VECTOR('',#9839,10.);
#2965=VECTOR('',#9840,10.);
#2966=VECTOR('',#9843,10.);
#2967=VECTOR('',#9844,10.);
#2968=VECTOR('',#9845,10.);
#2969=VECTOR('',#9846,10.);
#2970=VECTOR('',#9851,10.);
#2971=VECTOR('',#9854,10.);
#2972=VECTOR('',#9857,10.);
#2973=VECTOR('',#9858,10.);
#2974=VECTOR('',#9859,10.);
#2975=VECTOR('',#9862,2.);
#2976=VECTOR('',#9863,10.);
#2977=VECTOR('',#9864,10.);
#2978=VECTOR('',#9865,10.);
#2979=VECTOR('',#9866,10.);
#2980=VECTOR('',#9867,10.);
#2981=VECTOR('',#9868,10.);
#2982=VECTOR('',#9873,10.);
#2983=VECTOR('',#9878,10.);
#2984=VECTOR('',#9879,10.);
#2985=VECTOR('',#9880,10.);
#2986=VECTOR('',#9883,10.);
#2987=VECTOR('',#9886,10.);
#2988=VECTOR('',#9889,10.);
#2989=VECTOR('',#9890,10.);
#2990=VECTOR('',#9891,10.);
#2991=VECTOR('',#9894,10.);
#2992=VECTOR('',#9895,10.);
#2993=VECTOR('',#9898,10.);
#2994=VECTOR('',#9899,10.);
#2995=VECTOR('',#9902,10.);
#2996=VECTOR('',#9907,10.);
#2997=VECTOR('',#9908,10.);
#2998=VECTOR('',#9911,10.);
#2999=VECTOR('',#9916,10.);
#3000=VECTOR('',#9917,10.);
#3001=VECTOR('',#9920,10.);
#3002=VECTOR('',#9921,10.);
#3003=VECTOR('',#9924,10.);
#3004=VECTOR('',#9929,10.);
#3005=VECTOR('',#9930,10.);
#3006=VECTOR('',#9933,10.);
#3007=VECTOR('',#9938,10.);
#3008=VECTOR('',#9941,10.);
#3009=VECTOR('',#9942,10.);
#3010=VECTOR('',#9943,10.);
#3011=VECTOR('',#9946,10.);
#3012=VECTOR('',#9947,10.);
#3013=VECTOR('',#9948,10.);
#3014=VECTOR('',#9951,10.);
#3015=VECTOR('',#9952,10.);
#3016=VECTOR('',#9953,10.);
#3017=VECTOR('',#9956,10.);
#3018=VECTOR('',#9957,10.);
#3019=VECTOR('',#9958,10.);
#3020=VECTOR('',#9961,10.);
#3021=VECTOR('',#9962,10.);
#3022=VECTOR('',#9963,10.);
#3023=VECTOR('',#9966,10.);
#3024=VECTOR('',#9967,10.);
#3025=VECTOR('',#9968,10.);
#3026=VECTOR('',#9971,10.);
#3027=VECTOR('',#9972,10.);
#3028=VECTOR('',#9973,10.);
#3029=VECTOR('',#9976,10.);
#3030=VECTOR('',#9977,10.);
#3031=VECTOR('',#9978,10.);
#3032=VECTOR('',#9981,10.);
#3033=VECTOR('',#9982,10.);
#3034=VECTOR('',#9987,10.);
#3035=VECTOR('',#9988,10.);
#3036=VECTOR('',#9989,10.);
#3037=VECTOR('',#9990,10.);
#3038=VECTOR('',#9993,10.);
#3039=VECTOR('',#9994,10.);
#3040=VECTOR('',#9995,10.);
#3041=VECTOR('',#9996,10.);
#3042=VECTOR('',#9999,10.);
#3043=VECTOR('',#10000,10.);
#3044=VECTOR('',#10001,10.);
#3045=VECTOR('',#10004,10.);
#3046=VECTOR('',#10005,10.);
#3047=VECTOR('',#10006,10.);
#3048=VECTOR('',#10007,10.);
#3049=VECTOR('',#10010,10.);
#3050=VECTOR('',#10011,10.);
#3051=VECTOR('',#10014,10.);
#3052=VECTOR('',#10015,10.);
#3053=VECTOR('',#10016,10.);
#3054=VECTOR('',#10019,10.);
#3055=VECTOR('',#10020,10.);
#3056=VECTOR('',#10023,10.);
#3057=VECTOR('',#10024,10.);
#3058=VECTOR('',#10027,2.);
#3059=VECTOR('',#10028,2.23606797749979);
#3060=VECTOR('',#10031,2.);
#3061=VECTOR('',#10034,3.5);
#3062=VECTOR('',#10041,0.0807668717824966);
#3063=VECTOR('',#10042,0.449293117647644);
#3064=VECTOR('',#10043,0.0699719436698603);
#3065=VECTOR('',#10044,0.232936340358215);
#3066=VECTOR('',#10045,0.154770656072739);
#3067=VECTOR('',#10046,0.0831079405298155);
#3068=VECTOR('',#10047,0.154770656072739);
#3069=VECTOR('',#10048,0.0737436655405405);
#3070=VECTOR('',#10049,0.0664603405488821);
#3071=VECTOR('',#10050,0.0737436655405405);
#3072=VECTOR('',#10051,0.386276343307593);
#3073=VECTOR('',#10052,0.299917313209201);
#3074=VECTOR('',#10053,0.256347027831403);
#3075=VECTOR('',#10054,0.155681071696697);
#3076=VECTOR('',#10059,0.0807668717824968);
#3077=VECTOR('',#10060,0.059437134306926);
#3078=VECTOR('',#10061,0.358183518339768);
#3079=VECTOR('',#10062,0.0664603405488821);
#3080=VECTOR('',#10063,0.263370234073359);
#3081=VECTOR('',#10064,0.0845706022088802);
#3082=VECTOR('',#10067,0.0807668717824968);
#3083=VECTOR('',#10072,0.0702320624195624);
#3084=VECTOR('',#10073,0.0702320624195624);
#3085=VECTOR('',#10074,0.0807668717824968);
#3086=VECTOR('',#10075,0.0807668717824967);
#3087=VECTOR('',#10080,0.0772552686615187);
#3088=VECTOR('',#10081,0.0210696187258688);
#3089=VECTOR('',#10082,0.059697253056628);
#3090=VECTOR('',#10083,0.0280928249678251);
#3091=VECTOR('',#10084,0.0245812218468468);
#3092=VECTOR('',#10085,0.0831079405298155);
#3093=VECTOR('',#10086,0.028092824967825);
#3094=VECTOR('',#10089,0.0831079405298156);
#3095=VECTOR('',#10090,0.0831079405298155);
#3096=VECTOR('',#10091,0.0831079405298156);
#3097=VECTOR('',#10092,0.0831079405298155);
#3098=VECTOR('',#10095,0.0772552686615186);
#3099=VECTOR('',#10096,0.0210696187258688);
#3100=VECTOR('',#10097,0.059697253056628);
#3101=VECTOR('',#10098,0.0280928249678253);
#3102=VECTOR('',#10099,0.0245812218468468);
#3103=VECTOR('',#10100,0.0831079405298155);
#3104=VECTOR('',#10101,0.028092824967825);
#3105=VECTOR('',#10104,0.333602296492921);
#3106=VECTOR('',#10105,0.0664603405488821);
#3107=VECTOR('',#10106,0.256347027831403);
#3108=VECTOR('',#10107,0.559993622254863);
#3109=VECTOR('',#10108,0.0772552686615186);
#3110=VECTOR('',#10109,0.549708914357723);
#3111=VECTOR('',#10110,0.0772552686615188);
#3112=VECTOR('',#10113,0.0316044280888034);
#3113=VECTOR('',#10114,0.0414889405774822);
#3114=VECTOR('',#10115,0.103007024882025);
#3115=VECTOR('',#10116,0.467693511964345);
#3116=VECTOR('',#10117,0.0831079405298156);
#3117=VECTOR('',#10118,0.607507339929215);
#3118=VECTOR('',#10119,0.0421392374517376);
#3119=VECTOR('',#10122,0.031604428088803);
#3120=VECTOR('',#10123,0.0414889405774822);
#3121=VECTOR('',#10124,0.103007024882025);
#3122=VECTOR('',#10125,0.467693511964345);
#3123=VECTOR('',#10126,0.0831079405298156);
#3124=VECTOR('',#10127,0.607507339929215);
#3125=VECTOR('',#10128,0.0421392374517372);
#3126=VECTOR('',#10131,0.0316044280888031);
#3127=VECTOR('',#10132,0.0414889405774822);
#3128=VECTOR('',#10133,0.103007024882025);
#3129=VECTOR('',#10134,0.467693511964345);
#3130=VECTOR('',#10135,0.0831079405298155);
#3131=VECTOR('',#10136,0.607507339929215);
#3132=VECTOR('',#10137,0.0421392374517375);
#3133=VECTOR('',#10140,0.0807668717824968);
#3134=VECTOR('',#10141,0.0807668717824968);
#3135=VECTOR('',#10144,0.11120076549764);
#3136=VECTOR('',#10145,0.600484133687259);
#3137=VECTOR('',#10146,0.0831079405298155);
#3138=VECTOR('',#10147,0.460020008848134);
#3139=VECTOR('',#10148,0.487556723726336);
#3140=VECTOR('',#10149,0.0561856499356497);
#3141=VECTOR('',#10150,0.486786109350137);
#3142=VECTOR('',#10151,0.460020008848134);
#3143=VECTOR('',#10152,0.0831079405298155);
#3144=VECTOR('',#10153,0.600484133687259);
#3145=VECTOR('',#10154,0.108859696750322);
#3146=VECTOR('',#10155,0.494188744379927);
#3147=VECTOR('',#10156,0.494188744379928);
#3148=VECTOR('',#10159,0.652752143181456);
#3149=VECTOR('',#10160,0.0842784749034753);
#3150=VECTOR('',#10161,0.197172972046445);
#3151=VECTOR('',#10162,0.231765805984556);
#3152=VECTOR('',#10163,0.197172972046444);
#3153=VECTOR('',#10164,0.084278474903475);
#3154=VECTOR('',#10165,0.652752143181456);
#3155=VECTOR('',#10166,0.0702320624195621);
#3156=VECTOR('',#10167,0.258931622591282);
#3157=VECTOR('',#10168,0.258931622591283);
#3158=VECTOR('',#10169,0.182603362290862);
#3159=VECTOR('',#10174,1.09927816798038);
#3160=VECTOR('',#10175,6.02249000054561);
#3161=VECTOR('',#10176,1.09927816798038);
#3162=VECTOR('',#10177,0.736499999999988);
#3163=VECTOR('',#10178,0.313022752876984);
#3164=VECTOR('',#10179,0.452000000000002);
#3165=VECTOR('',#10180,0.313022752876981);
#3166=VECTOR('',#10181,1.83800000000001);
#3167=VECTOR('',#10182,0.313022752876985);
#3168=VECTOR('',#10183,0.452);
#3169=VECTOR('',#10184,0.313022752876985);
#3170=VECTOR('',#10185,1.858);
#3171=VECTOR('',#10186,0.313022752876985);
#3172=VECTOR('',#10187,0.452000000000001);
#3173=VECTOR('',#10188,0.313022752876984);
#3174=VECTOR('',#10189,0.716499999999998);
#3175=VECTOR('',#10192,1.09927816798038);
#3176=VECTOR('',#10193,6.02249000054561);
#3177=VECTOR('',#10194,1.09927816798038);
#3178=VECTOR('',#10195,1.7275);
#3179=VECTOR('',#10196,0.313022752876984);
#3180=VECTOR('',#10197,3.05);
#3181=VECTOR('',#10198,0.313022752876985);
#3182=VECTOR('',#10199,1.7275);
#3183=VECTOR('',#10202,3.02249000054561);
#3184=VECTOR('',#10203,3.505);
#3185=VECTOR('',#10206,3.02249000054561);
#3186=VECTOR('',#10207,3.505);
#3187=VECTOR('',#10210,5.63274197463152);
#3188=VECTOR('',#10211,2.63274197463152);
#3189=VECTOR('',#10212,5.63274197463151);
#3190=VECTOR('',#10213,2.63274197463152);
#3191=VECTOR('',#10216,0.468107757073005);
#3192=VECTOR('',#10217,3.29953182989629);
#3193=VECTOR('',#10218,0.468107757073005);
#3194=VECTOR('',#10221,0.468107757073005);
#3195=VECTOR('',#10222,6.29953182989629);
#3196=VECTOR('',#10223,0.452);
#3197=VECTOR('',#10224,0.452);
#3198=VECTOR('',#10225,0.452);
#3199=VECTOR('',#10228,0.468107757073005);
#3200=VECTOR('',#10229,3.29953182989629);
#3201=VECTOR('',#10232,6.29953182989629);
#3202=VECTOR('',#10233,3.05);
#3203=VECTOR('',#10236,5.90978380398219);
#3204=VECTOR('',#10237,2.90978380398219);
#3205=VECTOR('',#10238,5.90978380398219);
#3206=VECTOR('',#10239,2.90978380398219);
#3207=VECTOR('',#10242,1.02317561736839);
#3208=VECTOR('',#10243,0.452);
#3209=VECTOR('',#10244,1.02317561736839);
#3210=VECTOR('',#10245,0.452);
#3211=VECTOR('',#10248,0.561816575587138);
#3212=VECTOR('',#10249,0.452);
#3213=VECTOR('',#10250,0.561816575587138);
#3214=VECTOR('',#10251,0.452);
#3215=VECTOR('',#10254,0.307997409618178);
#3216=VECTOR('',#10255,0.452);
#3217=VECTOR('',#10256,0.307997409618178);
#3218=VECTOR('',#10259,0.666404936172273);
#3219=VECTOR('',#10260,0.452);
#3220=VECTOR('',#10261,0.666404936172273);
#3221=VECTOR('',#10264,1.00065579557839);
#3222=VECTOR('',#10265,0.452);
#3223=VECTOR('',#10266,1.00065579557839);
#3224=VECTOR('',#10267,0.452);
#3225=VECTOR('',#10270,0.0513146834045505);
#3226=VECTOR('',#10271,0.452);
#3227=VECTOR('',#10272,0.0513146834045505);
#3228=VECTOR('',#10275,0.205972709488765);
#3229=VECTOR('',#10276,0.452);
#3230=VECTOR('',#10277,0.205972709488765);
#3231=VECTOR('',#10300,3.05);
#3232=VECTOR('',#10301,1.11889144280566);
#3233=VECTOR('',#10302,3.05);
#3234=VECTOR('',#10303,1.11889144280566);
#3235=VECTOR('',#10306,0.261214170335267);
#3236=VECTOR('',#10307,0.261214170335267);
#3237=VECTOR('',#10310,0.0513146834045505);
#3238=VECTOR('',#10311,3.05);
#3239=VECTOR('',#10312,0.0513146834045505);
#3240=VECTOR('',#10315,1.00065579557839);
#3241=VECTOR('',#10316,3.05);
#3242=VECTOR('',#10317,1.00065579557839);
#3243=VECTOR('',#10318,3.05);
#3244=VECTOR('',#10321,0.666404936172273);
#3245=VECTOR('',#10322,3.05);
#3246=VECTOR('',#10323,0.666404936172273);
#3247=VECTOR('',#10324,3.05);
#3248=VECTOR('',#10327,0.307997409618178);
#3249=VECTOR('',#10328,3.05);
#3250=VECTOR('',#10329,0.307997409618178);
#3251=VECTOR('',#10332,0.602290940177897);
#3252=VECTOR('',#10333,0.602290940177897);
#3253=VECTOR('',#10348,0.666404936172273);
#3254=VECTOR('',#10349,0.452);
#3255=VECTOR('',#10350,0.666404936172274);
#3256=VECTOR('',#10351,0.452);
#3257=VECTOR('',#10354,0.307997409618178);
#3258=VECTOR('',#10355,0.452);
#3259=VECTOR('',#10356,0.307997409618178);
#3260=VECTOR('',#10359,0.561816575587138);
#3261=VECTOR('',#10360,0.452);
#3262=VECTOR('',#10361,0.561816575587137);
#3263=VECTOR('',#10364,1.0231756173684);
#3264=VECTOR('',#10365,0.452);
#3265=VECTOR('',#10366,1.02317561736839);
#3266=VECTOR('',#10367,0.452);
#3267=VECTOR('',#10370,0.205972709488747);
#3268=VECTOR('',#10371,0.452);
#3269=VECTOR('',#10372,0.205972709488751);
#3270=VECTOR('',#10375,0.0513146834045503);
#3271=VECTOR('',#10376,0.452);
#3272=VECTOR('',#10377,0.0513146834045328);
#3273=VECTOR('',#10380,1.00065579557839);
#3274=VECTOR('',#10381,0.452);
#3275=VECTOR('',#10382,1.00065579557839);
#3276=VECTOR('',#10383,0.452);
#3277=VECTOR('',#10406,0.666404936172273);
#3278=VECTOR('',#10407,0.452);
#3279=VECTOR('',#10408,0.666404936172273);
#3280=VECTOR('',#10409,0.452);
#3281=VECTOR('',#10412,1.00065579557839);
#3282=VECTOR('',#10413,0.452);
#3283=VECTOR('',#10414,1.00065579557839);
#3284=VECTOR('',#10415,0.452);
#3285=VECTOR('',#10418,0.0513146834045505);
#3286=VECTOR('',#10419,0.452);
#3287=VECTOR('',#10420,0.0513146834045505);
#3288=VECTOR('',#10423,0.205972709488764);
#3289=VECTOR('',#10424,0.452);
#3290=VECTOR('',#10425,0.205972709488764);
#3291=VECTOR('',#10428,1.0231756173684);
#3292=VECTOR('',#10429,0.452);
#3293=VECTOR('',#10430,1.0231756173684);
#3294=VECTOR('',#10431,0.452);
#3295=VECTOR('',#10434,0.561816575587138);
#3296=VECTOR('',#10435,0.452);
#3297=VECTOR('',#10436,0.561816575587138);
#3298=VECTOR('',#10437,0.452);
#3299=VECTOR('',#10440,0.307997409618178);
#3300=VECTOR('',#10441,0.307997409618178);
#3301=VECTOR('',#10526,9.33923048454132);
#3302=VECTOR('',#10529,4.8);
#3303=VECTOR('',#10530,1.80277563773199);
#3304=VECTOR('',#10531,2.);
#3305=VECTOR('',#10532,1.);
#3306=VECTOR('',#10533,1.);
#3307=VECTOR('',#10534,1.16619037896906);
#3308=VECTOR('',#10535,4.4);
#3309=VECTOR('',#10538,9.8);
#3310=VECTOR('',#10541,13.8);
#3311=VECTOR('',#10544,3.4);
#3312=VECTOR('',#10545,0.899999999999999);
#3313=VECTOR('',#10546,3.4);
#3314=VECTOR('',#10547,0.9);
#3315=VECTOR('',#10548,3.);
#3316=VECTOR('',#10549,0.899999999999999);
#3317=VECTOR('',#10550,3.);
#3318=VECTOR('',#10551,0.899999999999999);
#3319=VECTOR('',#10552,3.);
#3320=VECTOR('',#10553,0.899999999999999);
#3321=VECTOR('',#10554,3.);
#3322=VECTOR('',#10555,0.9);
#3323=VECTOR('',#10556,3.);
#3324=VECTOR('',#10557,0.9);
#3325=VECTOR('',#10558,3.);
#3326=VECTOR('',#10559,0.9);
#3327=VECTOR('',#10560,3.);
#3328=VECTOR('',#10561,0.899999999999999);
#3329=VECTOR('',#10562,3.);
#3330=VECTOR('',#10563,0.899999999999999);
#3331=VECTOR('',#10564,3.);
#3332=VECTOR('',#10565,0.899999999999999);
#3333=VECTOR('',#10566,3.);
#3334=VECTOR('',#10567,0.9);
#3335=VECTOR('',#10568,3.4);
#3336=VECTOR('',#10569,0.899999999999999);
#3337=VECTOR('',#10570,3.4);
#3338=VECTOR('',#10571,0.899999999999999);
#3339=VECTOR('',#10572,0.9);
#3340=VECTOR('',#10573,3.);
#3341=VECTOR('',#10574,0.899999999999999);
#3342=VECTOR('',#10575,3.);
#3343=VECTOR('',#10580,4.);
#3344=VECTOR('',#10581,1.16619037896906);
#3345=VECTOR('',#10582,1.);
#3346=VECTOR('',#10583,1.);
#3347=VECTOR('',#10584,2.);
#3348=VECTOR('',#10585,1.80277563773199);
#3349=VECTOR('',#10586,4.8);
#3350=VECTOR('',#10589,8.3);
#3351=VECTOR('',#10592,13.4);
#3352=VECTOR('',#10597,0.2);
#3353=VECTOR('',#10598,0.5);
#3354=VECTOR('',#10601,8.3);
#3355=VECTOR('',#10602,0.2);
#3356=VECTOR('',#10607,0.5);
#3357=VECTOR('',#10610,0.0790422608436092);
#3358=VECTOR('',#10611,0.8);
#3359=VECTOR('',#10614,0.8);
#3360=VECTOR('',#10619,0.8);
#3361=VECTOR('',#10620,9.79999999999999);
#3362=VECTOR('',#10623,0.8);
#3363=VECTOR('',#10628,0.079042260843607);
#3364=VECTOR('',#10629,0.5);
#3365=VECTOR('',#10632,0.5);
#3366=VECTOR('',#10635,0.5);
#3367=VECTOR('',#10638,0.5);
#3368=VECTOR('',#10641,0.5);
#3369=VECTOR('',#10644,0.5);
#3370=VECTOR('',#10655,0.02);
#3371=VECTOR('',#10656,3.);
#3372=VECTOR('',#10657,0.02);
#3373=VECTOR('',#10660,0.02);
#3374=VECTOR('',#10661,0.9);
#3375=VECTOR('',#10664,0.02);
#3376=VECTOR('',#10665,3.);
#3377=VECTOR('',#10668,0.899999999999999);
#3378=VECTOR('',#10673,0.02);
#3379=VECTOR('',#10674,0.899999999999999);
#3380=VECTOR('',#10675,0.02);
#3381=VECTOR('',#10678,0.02);
#3382=VECTOR('',#10679,3.4);
#3383=VECTOR('',#10682,0.02);
#3384=VECTOR('',#10683,0.9);
#3385=VECTOR('',#10686,3.4);
#3386=VECTOR('',#10691,0.02);
#3387=VECTOR('',#10692,0.899999999999999);
#3388=VECTOR('',#10693,0.02);
#3389=VECTOR('',#10696,0.02);
#3390=VECTOR('',#10697,3.4);
#3391=VECTOR('',#10700,0.02);
#3392=VECTOR('',#10701,0.899999999999999);
#3393=VECTOR('',#10704,3.4);
#3394=VECTOR('',#10709,0.02);
#3395=VECTOR('',#10710,0.899999999999999);
#3396=VECTOR('',#10711,0.02);
#3397=VECTOR('',#10714,0.02);
#3398=VECTOR('',#10715,3.);
#3399=VECTOR('',#10718,0.02);
#3400=VECTOR('',#10719,0.899999999999999);
#3401=VECTOR('',#10722,3.);
#3402=VECTOR('',#10727,0.02);
#3403=VECTOR('',#10728,0.899999999999999);
#3404=VECTOR('',#10729,0.02);
#3405=VECTOR('',#10732,0.02);
#3406=VECTOR('',#10733,3.);
#3407=VECTOR('',#10736,0.02);
#3408=VECTOR('',#10737,0.9);
#3409=VECTOR('',#10740,3.);
#3410=VECTOR('',#10745,0.02);
#3411=VECTOR('',#10746,0.899999999999999);
#3412=VECTOR('',#10747,0.02);
#3413=VECTOR('',#10750,0.02);
#3414=VECTOR('',#10751,3.);
#3415=VECTOR('',#10754,0.02);
#3416=VECTOR('',#10755,0.899999999999999);
#3417=VECTOR('',#10758,3.);
#3418=VECTOR('',#10763,0.02);
#3419=VECTOR('',#10764,0.899999999999999);
#3420=VECTOR('',#10765,0.02);
#3421=VECTOR('',#10768,0.02);
#3422=VECTOR('',#10769,3.);
#3423=VECTOR('',#10772,0.02);
#3424=VECTOR('',#10773,0.9);
#3425=VECTOR('',#10776,3.);
#3426=VECTOR('',#10781,0.02);
#3427=VECTOR('',#10782,0.9);
#3428=VECTOR('',#10783,0.02);
#3429=VECTOR('',#10786,0.02);
#3430=VECTOR('',#10787,3.);
#3431=VECTOR('',#10790,0.02);
#3432=VECTOR('',#10791,0.9);
#3433=VECTOR('',#10794,3.);
#3434=CIRCLE('',#8560,0.65);
#3435=CIRCLE('',#8561,0.65);
#3436=CIRCLE('',#8563,0.649999999999982);
#3437=CIRCLE('',#8564,0.649999999999982);
#3438=CIRCLE('',#8566,0.65);
#3439=CIRCLE('',#8567,0.65);
#3440=CIRCLE('',#8569,0.649999999999991);
#3441=CIRCLE('',#8570,0.649999999999991);
#3442=CIRCLE('',#8572,0.649999999999973);
#3443=CIRCLE('',#8573,0.649999999999973);
#3444=CIRCLE('',#8575,0.65);
#3445=CIRCLE('',#8576,0.65);
#3446=CIRCLE('',#8578,1.25);
#3447=CIRCLE('',#8579,1.24999999999999);
#3448=CIRCLE('',#8581,1.25);
#3449=CIRCLE('',#8582,1.24999999999999);
#3450=CIRCLE('',#8584,1.25);
#3451=CIRCLE('',#8585,1.24999999999999);
#3452=CIRCLE('',#8587,1.25);
#3453=CIRCLE('',#8588,1.24999999999999);
#3454=CIRCLE('',#8636,0.499999999999999);
#3455=CIRCLE('',#8637,0.499999999999999);
#3456=CIRCLE('',#8731,0.1);
#3457=CIRCLE('',#8732,0.1);
#3458=CIRCLE('',#8736,0.1);
#3459=CIRCLE('',#8739,0.1);
#3460=CIRCLE('',#8741,0.1);
#3461=CIRCLE('',#8742,0.2);
#3462=CIRCLE('',#8743,0.3);
#3463=CIRCLE('',#8745,0.1);
#3464=CIRCLE('',#8749,0.1);
#3465=CIRCLE('',#8750,0.1);
#3466=CIRCLE('',#8754,0.1);
#3467=CIRCLE('',#8755,0.1);
#3468=CIRCLE('',#8758,0.3);
#3469=CIRCLE('',#8834,0.2);
#3470=CIRCLE('',#8835,0.2);
#3471=CIRCLE('',#8836,0.2);
#3472=CIRCLE('',#8837,0.2);
#3473=CIRCLE('',#8839,0.2);
#3474=CIRCLE('',#8840,0.2);
#3475=CIRCLE('',#8841,0.2);
#3476=CIRCLE('',#8842,0.2);
#3477=CIRCLE('',#8851,0.2);
#3478=CIRCLE('',#8852,0.2);
#3479=CIRCLE('',#8854,0.2);
#3480=CIRCLE('',#8855,0.2);
#3481=CIRCLE('',#8864,0.2);
#3482=CIRCLE('',#8865,0.2);
#3483=CIRCLE('',#8866,0.2);
#3484=CIRCLE('',#8867,0.2);
#3485=CIRCLE('',#8869,0.2);
#3486=CIRCLE('',#8870,0.2);
#3487=CIRCLE('',#8871,0.2);
#3488=CIRCLE('',#8872,0.2);
#3489=CIRCLE('',#8881,0.2);
#3490=CIRCLE('',#8882,0.2);
#3491=CIRCLE('',#8883,0.2);
#3492=CIRCLE('',#8884,0.2);
#3493=CIRCLE('',#8886,0.2);
#3494=CIRCLE('',#8887,0.2);
#3495=CIRCLE('',#8888,0.2);
#3496=CIRCLE('',#8889,0.2);
#3497=CIRCLE('',#8922,0.599999999999999);
#3498=CIRCLE('',#8923,0.599999999999999);
#3499=CIRCLE('',#8924,0.6);
#3500=CIRCLE('',#8925,0.6);
#3501=CIRCLE('',#8927,15.625);
#3502=CIRCLE('',#8928,0.599999999999999);
#3503=CIRCLE('',#8929,0.6);
#3504=CIRCLE('',#8937,0.600000000000014);
#3505=CIRCLE('',#8940,0.599999999999994);
#3506=CIRCLE('',#8949,15.325);
#3507=VERTEX_POINT('',#10808);
#3508=VERTEX_POINT('',#10810);
#3509=VERTEX_POINT('',#10814);
#3510=VERTEX_POINT('',#10816);
#3511=VERTEX_POINT('',#10820);
#3512=VERTEX_POINT('',#10822);
#3513=VERTEX_POINT('',#10826);
#3514=VERTEX_POINT('',#10828);
#3515=VERTEX_POINT('',#10832);
#3516=VERTEX_POINT('',#10834);
#3517=VERTEX_POINT('',#10838);
#3518=VERTEX_POINT('',#10840);
#3519=VERTEX_POINT('',#10844);
#3520=VERTEX_POINT('',#10846);
#3521=VERTEX_POINT('',#10850);
#3522=VERTEX_POINT('',#10852);
#3523=VERTEX_POINT('',#10856);
#3524=VERTEX_POINT('',#10858);
#3525=VERTEX_POINT('',#10862);
#3526=VERTEX_POINT('',#10864);
#3527=VERTEX_POINT('',#10868);
#3528=VERTEX_POINT('',#10869);
#3529=VERTEX_POINT('',#10871);
#3530=VERTEX_POINT('',#10873);
#3531=VERTEX_POINT('',#10877);
#3532=VERTEX_POINT('',#10879);
#3533=VERTEX_POINT('',#10883);
#3534=VERTEX_POINT('',#10885);
#3535=VERTEX_POINT('',#10889);
#3536=VERTEX_POINT('',#10891);
#3537=VERTEX_POINT('',#10895);
#3538=VERTEX_POINT('',#10897);
#3539=VERTEX_POINT('',#10901);
#3540=VERTEX_POINT('',#10902);
#3541=VERTEX_POINT('',#10907);
#3542=VERTEX_POINT('',#10908);
#3543=VERTEX_POINT('',#10910);
#3544=VERTEX_POINT('',#10912);
#3545=VERTEX_POINT('',#10916);
#3546=VERTEX_POINT('',#10918);
#3547=VERTEX_POINT('',#10922);
#3548=VERTEX_POINT('',#10924);
#3549=VERTEX_POINT('',#10931);
#3550=VERTEX_POINT('',#10935);
#3551=VERTEX_POINT('',#10942);
#3552=VERTEX_POINT('',#10943);
#3553=VERTEX_POINT('',#10945);
#3554=VERTEX_POINT('',#10947);
#3555=VERTEX_POINT('',#10949);
#3556=VERTEX_POINT('',#10951);
#3557=VERTEX_POINT('',#10953);
#3558=VERTEX_POINT('',#10955);
#3559=VERTEX_POINT('',#10957);
#3560=VERTEX_POINT('',#10959);
#3561=VERTEX_POINT('',#10961);
#3562=VERTEX_POINT('',#10963);
#3563=VERTEX_POINT('',#10965);
#3564=VERTEX_POINT('',#10967);
#3565=VERTEX_POINT('',#10969);
#3566=VERTEX_POINT('',#10971);
#3567=VERTEX_POINT('',#10973);
#3568=VERTEX_POINT('',#10975);
#3569=VERTEX_POINT('',#10977);
#3570=VERTEX_POINT('',#10979);
#3571=VERTEX_POINT('',#10981);
#3572=VERTEX_POINT('',#10983);
#3573=VERTEX_POINT('',#10985);
#3574=VERTEX_POINT('',#10987);
#3575=VERTEX_POINT('',#10989);
#3576=VERTEX_POINT('',#10991);
#3577=VERTEX_POINT('',#10993);
#3578=VERTEX_POINT('',#10995);
#3579=VERTEX_POINT('',#10997);
#3580=VERTEX_POINT('',#10999);
#3581=VERTEX_POINT('',#11001);
#3582=VERTEX_POINT('',#11003);
#3583=VERTEX_POINT('',#11005);
#3584=VERTEX_POINT('',#11007);
#3585=VERTEX_POINT('',#11009);
#3586=VERTEX_POINT('',#11011);
#3587=VERTEX_POINT('',#11013);
#3588=VERTEX_POINT('',#11015);
#3589=VERTEX_POINT('',#11017);
#3590=VERTEX_POINT('',#11019);
#3591=VERTEX_POINT('',#11021);
#3592=VERTEX_POINT('',#11023);
#3593=VERTEX_POINT('',#11025);
#3594=VERTEX_POINT('',#11027);
#3595=VERTEX_POINT('',#11029);
#3596=VERTEX_POINT('',#11031);
#3597=VERTEX_POINT('',#11033);
#3598=VERTEX_POINT('',#11035);
#3599=VERTEX_POINT('',#11037);
#3600=VERTEX_POINT('',#11039);
#3601=VERTEX_POINT('',#11041);
#3602=VERTEX_POINT('',#11043);
#3603=VERTEX_POINT('',#11045);
#3604=VERTEX_POINT('',#11047);
#3605=VERTEX_POINT('',#11049);
#3606=VERTEX_POINT('',#11051);
#3607=VERTEX_POINT('',#11053);
#3608=VERTEX_POINT('',#11055);
#3609=VERTEX_POINT('',#11057);
#3610=VERTEX_POINT('',#11059);
#3611=VERTEX_POINT('',#11063);
#3612=VERTEX_POINT('',#11064);
#3613=VERTEX_POINT('',#11066);
#3614=VERTEX_POINT('',#11068);
#3615=VERTEX_POINT('',#11072);
#3616=VERTEX_POINT('',#11074);
#3617=VERTEX_POINT('',#11081);
#3618=VERTEX_POINT('',#11082);
#3619=VERTEX_POINT('',#11084);
#3620=VERTEX_POINT('',#11086);
#3621=VERTEX_POINT('',#11090);
#3622=VERTEX_POINT('',#11092);
#3623=VERTEX_POINT('',#11096);
#3624=VERTEX_POINT('',#11098);
#3625=VERTEX_POINT('',#11102);
#3626=VERTEX_POINT('',#11104);
#3627=VERTEX_POINT('',#11108);
#3628=VERTEX_POINT('',#11110);
#3629=VERTEX_POINT('',#11114);
#3630=VERTEX_POINT('',#11116);
#3631=VERTEX_POINT('',#11120);
#3632=VERTEX_POINT('',#11122);
#3633=VERTEX_POINT('',#11130);
#3634=VERTEX_POINT('',#11131);
#3635=VERTEX_POINT('',#11133);
#3636=VERTEX_POINT('',#11135);
#3637=VERTEX_POINT('',#11139);
#3638=VERTEX_POINT('',#11141);
#3639=VERTEX_POINT('',#11152);
#3640=VERTEX_POINT('',#11157);
#3641=VERTEX_POINT('',#11171);
#3642=VERTEX_POINT('',#11176);
#3643=VERTEX_POINT('',#11190);
#3644=VERTEX_POINT('',#11195);
#3645=VERTEX_POINT('',#11209);
#3646=VERTEX_POINT('',#11214);
#3647=VERTEX_POINT('',#11221);
#3648=VERTEX_POINT('',#11223);
#3649=VERTEX_POINT('',#11227);
#3650=VERTEX_POINT('',#11229);
#3651=VERTEX_POINT('',#11240);
#3652=VERTEX_POINT('',#11245);
#3653=VERTEX_POINT('',#11259);
#3654=VERTEX_POINT('',#11264);
#3655=VERTEX_POINT('',#11278);
#3656=VERTEX_POINT('',#11283);
#3657=VERTEX_POINT('',#11297);
#3658=VERTEX_POINT('',#11302);
#3659=VERTEX_POINT('',#11316);
#3660=VERTEX_POINT('',#11321);
#3661=VERTEX_POINT('',#11328);
#3662=VERTEX_POINT('',#11330);
#3663=VERTEX_POINT('',#11345);
#3664=VERTEX_POINT('',#11346);
#3665=VERTEX_POINT('',#11351);
#3666=VERTEX_POINT('',#11353);
#3667=VERTEX_POINT('',#11367);
#3668=VERTEX_POINT('',#11372);
#3669=VERTEX_POINT('',#11379);
#3670=VERTEX_POINT('',#11381);
#3671=VERTEX_POINT('',#11385);
#3672=VERTEX_POINT('',#11387);
#3673=VERTEX_POINT('',#11398);
#3674=VERTEX_POINT('',#11403);
#3675=VERTEX_POINT('',#11417);
#3676=VERTEX_POINT('',#11422);
#3677=VERTEX_POINT('',#11436);
#3678=VERTEX_POINT('',#11441);
#3679=VERTEX_POINT('',#11455);
#3680=VERTEX_POINT('',#11460);
#3681=VERTEX_POINT('',#11474);
#3682=VERTEX_POINT('',#11479);
#3683=VERTEX_POINT('',#11493);
#3684=VERTEX_POINT('',#11498);
#3685=VERTEX_POINT('',#11512);
#3686=VERTEX_POINT('',#11517);
#3687=VERTEX_POINT('',#11531);
#3688=VERTEX_POINT('',#11536);
#3689=VERTEX_POINT('',#11543);
#3690=VERTEX_POINT('',#11545);
#3691=VERTEX_POINT('',#11549);
#3692=VERTEX_POINT('',#11551);
#3693=VERTEX_POINT('',#11562);
#3694=VERTEX_POINT('',#11567);
#3695=VERTEX_POINT('',#11581);
#3696=VERTEX_POINT('',#11586);
#3697=VERTEX_POINT('',#11600);
#3698=VERTEX_POINT('',#11605);
#3699=VERTEX_POINT('',#11629);
#3700=VERTEX_POINT('',#11630);
#3701=VERTEX_POINT('',#11632);
#3702=VERTEX_POINT('',#11634);
#3703=VERTEX_POINT('',#11638);
#3704=VERTEX_POINT('',#11640);
#3705=VERTEX_POINT('',#11644);
#3706=VERTEX_POINT('',#11646);
#3707=VERTEX_POINT('',#11650);
#3708=VERTEX_POINT('',#11652);
#3709=VERTEX_POINT('',#11656);
#3710=VERTEX_POINT('',#11658);
#3711=VERTEX_POINT('',#11666);
#3712=VERTEX_POINT('',#11668);
#3713=VERTEX_POINT('',#11673);
#3714=VERTEX_POINT('',#11674);
#3715=VERTEX_POINT('',#11676);
#3716=VERTEX_POINT('',#11678);
#3717=VERTEX_POINT('',#11682);
#3718=VERTEX_POINT('',#11684);
#3719=VERTEX_POINT('',#11688);
#3720=VERTEX_POINT('',#11690);
#3721=VERTEX_POINT('',#11694);
#3722=VERTEX_POINT('',#11696);
#3723=VERTEX_POINT('',#11700);
#3724=VERTEX_POINT('',#11702);
#3725=VERTEX_POINT('',#11706);
#3726=VERTEX_POINT('',#11708);
#3727=VERTEX_POINT('',#11716);
#3728=VERTEX_POINT('',#11717);
#3729=VERTEX_POINT('',#11719);
#3730=VERTEX_POINT('',#11721);
#3731=VERTEX_POINT('',#11725);
#3732=VERTEX_POINT('',#11727);
#3733=VERTEX_POINT('',#11731);
#3734=VERTEX_POINT('',#11733);
#3735=VERTEX_POINT('',#11737);
#3736=VERTEX_POINT('',#11739);
#3737=VERTEX_POINT('',#11750);
#3738=VERTEX_POINT('',#11755);
#3739=VERTEX_POINT('',#11769);
#3740=VERTEX_POINT('',#11774);
#3741=VERTEX_POINT('',#11781);
#3742=VERTEX_POINT('',#11783);
#3743=VERTEX_POINT('',#11787);
#3744=VERTEX_POINT('',#11789);
#3745=VERTEX_POINT('',#11793);
#3746=VERTEX_POINT('',#11795);
#3747=VERTEX_POINT('',#11799);
#3748=VERTEX_POINT('',#11801);
#3749=VERTEX_POINT('',#11805);
#3750=VERTEX_POINT('',#11807);
#3751=VERTEX_POINT('',#11822);
#3752=VERTEX_POINT('',#11823);
#3753=VERTEX_POINT('',#11828);
#3754=VERTEX_POINT('',#11830);
#3755=VERTEX_POINT('',#11844);
#3756=VERTEX_POINT('',#11849);
#3757=VERTEX_POINT('',#11863);
#3758=VERTEX_POINT('',#11868);
#3759=VERTEX_POINT('',#11875);
#3760=VERTEX_POINT('',#11877);
#3761=VERTEX_POINT('',#11881);
#3762=VERTEX_POINT('',#11883);
#3763=VERTEX_POINT('',#11887);
#3764=VERTEX_POINT('',#11889);
#3765=VERTEX_POINT('',#11893);
#3766=VERTEX_POINT('',#11895);
#3767=VERTEX_POINT('',#11899);
#3768=VERTEX_POINT('',#11901);
#3769=VERTEX_POINT('',#11905);
#3770=VERTEX_POINT('',#11907);
#3771=VERTEX_POINT('',#11918);
#3772=VERTEX_POINT('',#11923);
#3773=VERTEX_POINT('',#11937);
#3774=VERTEX_POINT('',#11942);
#3775=VERTEX_POINT('',#11956);
#3776=VERTEX_POINT('',#11961);
#3777=VERTEX_POINT('',#11975);
#3778=VERTEX_POINT('',#11980);
#3779=VERTEX_POINT('',#11994);
#3780=VERTEX_POINT('',#11999);
#3781=VERTEX_POINT('',#12013);
#3782=VERTEX_POINT('',#12018);
#3783=VERTEX_POINT('',#12032);
#3784=VERTEX_POINT('',#12037);
#3785=VERTEX_POINT('',#12044);
#3786=VERTEX_POINT('',#12046);
#3787=VERTEX_POINT('',#12050);
#3788=VERTEX_POINT('',#12052);
#3789=VERTEX_POINT('',#12063);
#3790=VERTEX_POINT('',#12068);
#3791=VERTEX_POINT('',#12082);
#3792=VERTEX_POINT('',#12087);
#3793=VERTEX_POINT('',#12111);
#3794=VERTEX_POINT('',#12112);
#3795=VERTEX_POINT('',#12114);
#3796=VERTEX_POINT('',#12116);
#3797=VERTEX_POINT('',#12120);
#3798=VERTEX_POINT('',#12122);
#3799=VERTEX_POINT('',#12126);
#3800=VERTEX_POINT('',#12130);
#3801=VERTEX_POINT('',#12136);
#3802=VERTEX_POINT('',#12138);
#3803=VERTEX_POINT('',#12142);
#3804=VERTEX_POINT('',#12146);
#3805=VERTEX_POINT('',#12152);
#3806=VERTEX_POINT('',#12154);
#3807=VERTEX_POINT('',#12158);
#3808=VERTEX_POINT('',#12162);
#3809=VERTEX_POINT('',#12168);
#3810=VERTEX_POINT('',#12170);
#3811=VERTEX_POINT('',#12174);
#3812=VERTEX_POINT('',#12178);
#3813=VERTEX_POINT('',#12184);
#3814=VERTEX_POINT('',#12186);
#3815=VERTEX_POINT('',#12190);
#3816=VERTEX_POINT('',#12194);
#3817=VERTEX_POINT('',#12200);
#3818=VERTEX_POINT('',#12202);
#3819=VERTEX_POINT('',#12206);
#3820=VERTEX_POINT('',#12210);
#3821=VERTEX_POINT('',#12216);
#3822=VERTEX_POINT('',#12218);
#3823=VERTEX_POINT('',#12222);
#3824=VERTEX_POINT('',#12226);
#3825=VERTEX_POINT('',#12232);
#3826=VERTEX_POINT('',#12234);
#3827=VERTEX_POINT('',#12238);
#3828=VERTEX_POINT('',#12242);
#3829=VERTEX_POINT('',#12248);
#3830=VERTEX_POINT('',#12250);
#3831=VERTEX_POINT('',#12254);
#3832=VERTEX_POINT('',#12258);
#3833=VERTEX_POINT('',#12264);
#3834=VERTEX_POINT('',#12266);
#3835=VERTEX_POINT('',#12270);
#3836=VERTEX_POINT('',#12274);
#3837=VERTEX_POINT('',#12280);
#3838=VERTEX_POINT('',#12282);
#3839=VERTEX_POINT('',#12286);
#3840=VERTEX_POINT('',#12290);
#3841=VERTEX_POINT('',#12296);
#3842=VERTEX_POINT('',#12298);
#3843=VERTEX_POINT('',#12302);
#3844=VERTEX_POINT('',#12306);
#3845=VERTEX_POINT('',#12312);
#3846=VERTEX_POINT('',#12314);
#3847=VERTEX_POINT('',#12318);
#3848=VERTEX_POINT('',#12322);
#3849=VERTEX_POINT('',#12328);
#3850=VERTEX_POINT('',#12330);
#3851=VERTEX_POINT('',#12334);
#3852=VERTEX_POINT('',#12338);
#3853=VERTEX_POINT('',#12353);
#3854=VERTEX_POINT('',#12354);
#3855=VERTEX_POINT('',#12356);
#3856=VERTEX_POINT('',#12358);
#3857=VERTEX_POINT('',#12360);
#3858=VERTEX_POINT('',#12362);
#3859=VERTEX_POINT('',#12364);
#3860=VERTEX_POINT('',#12366);
#3861=VERTEX_POINT('',#12368);
#3862=VERTEX_POINT('',#12370);
#3863=VERTEX_POINT('',#12372);
#3864=VERTEX_POINT('',#12374);
#3865=VERTEX_POINT('',#12376);
#3866=VERTEX_POINT('',#12378);
#3867=VERTEX_POINT('',#12380);
#3868=VERTEX_POINT('',#12382);
#3869=VERTEX_POINT('',#12384);
#3870=VERTEX_POINT('',#12386);
#3871=VERTEX_POINT('',#12388);
#3872=VERTEX_POINT('',#12390);
#3873=VERTEX_POINT('',#12394);
#3874=VERTEX_POINT('',#12395);
#3875=VERTEX_POINT('',#12397);
#3876=VERTEX_POINT('',#12399);
#3877=VERTEX_POINT('',#12404);
#3878=VERTEX_POINT('',#12406);
#3879=VERTEX_POINT('',#12408);
#3880=VERTEX_POINT('',#12410);
#3881=VERTEX_POINT('',#12412);
#3882=VERTEX_POINT('',#12416);
#3883=VERTEX_POINT('',#12418);
#3884=VERTEX_POINT('',#12420);
#3885=VERTEX_POINT('',#12422);
#3886=VERTEX_POINT('',#12425);
#3887=VERTEX_POINT('',#12427);
#3888=VERTEX_POINT('',#12431);
#3889=VERTEX_POINT('',#12433);
#3890=VERTEX_POINT('',#12437);
#3891=VERTEX_POINT('',#12439);
#3892=VERTEX_POINT('',#12443);
#3893=VERTEX_POINT('',#12444);
#3894=VERTEX_POINT('',#12449);
#3895=VERTEX_POINT('',#12450);
#3896=VERTEX_POINT('',#12455);
#3897=VERTEX_POINT('',#12457);
#3898=VERTEX_POINT('',#12461);
#3899=VERTEX_POINT('',#12464);
#3900=VERTEX_POINT('',#12468);
#3901=VERTEX_POINT('',#12469);
#3902=VERTEX_POINT('',#12471);
#3903=VERTEX_POINT('',#12473);
#3904=VERTEX_POINT('',#12477);
#3905=VERTEX_POINT('',#12479);
#3906=VERTEX_POINT('',#12484);
#3907=VERTEX_POINT('',#12486);
#3908=VERTEX_POINT('',#12489);
#3909=VERTEX_POINT('',#12491);
#3910=VERTEX_POINT('',#12495);
#3911=VERTEX_POINT('',#12497);
#3912=VERTEX_POINT('',#12501);
#3913=VERTEX_POINT('',#12503);
#3914=VERTEX_POINT('',#12507);
#3915=VERTEX_POINT('',#12509);
#3916=VERTEX_POINT('',#12514);
#3917=VERTEX_POINT('',#12518);
#3918=VERTEX_POINT('',#12522);
#3919=VERTEX_POINT('',#12529);
#3920=VERTEX_POINT('',#12536);
#3921=VERTEX_POINT('',#12540);
#3922=VERTEX_POINT('',#12547);
#3923=VERTEX_POINT('',#12556);
#3924=VERTEX_POINT('',#12558);
#3925=VERTEX_POINT('',#12562);
#3926=VERTEX_POINT('',#12564);
#3927=VERTEX_POINT('',#12568);
#3928=VERTEX_POINT('',#12570);
#3929=VERTEX_POINT('',#12574);
#3930=VERTEX_POINT('',#12576);
#3931=VERTEX_POINT('',#12580);
#3932=VERTEX_POINT('',#12582);
#3933=VERTEX_POINT('',#12586);
#3934=VERTEX_POINT('',#12588);
#3935=VERTEX_POINT('',#12592);
#3936=VERTEX_POINT('',#12594);
#3937=VERTEX_POINT('',#12598);
#3938=VERTEX_POINT('',#12600);
#3939=VERTEX_POINT('',#12608);
#3940=VERTEX_POINT('',#12609);
#3941=VERTEX_POINT('',#12612);
#3942=VERTEX_POINT('',#12616);
#3943=VERTEX_POINT('',#12618);
#3944=VERTEX_POINT('',#12620);
#3945=VERTEX_POINT('',#12624);
#3946=VERTEX_POINT('',#12629);
#3947=VERTEX_POINT('',#12631);
#3948=VERTEX_POINT('',#12633);
#3949=VERTEX_POINT('',#12640);
#3950=VERTEX_POINT('',#12642);
#3951=VERTEX_POINT('',#12646);
#3952=VERTEX_POINT('',#12650);
#3953=VERTEX_POINT('',#12654);
#3954=VERTEX_POINT('',#12664);
#3955=VERTEX_POINT('',#12665);
#3956=VERTEX_POINT('',#12667);
#3957=VERTEX_POINT('',#12669);
#3958=VERTEX_POINT('',#12671);
#3959=VERTEX_POINT('',#12673);
#3960=VERTEX_POINT('',#12675);
#3961=VERTEX_POINT('',#12677);
#3962=VERTEX_POINT('',#12679);
#3963=VERTEX_POINT('',#12681);
#3964=VERTEX_POINT('',#12683);
#3965=VERTEX_POINT('',#12686);
#3966=VERTEX_POINT('',#12687);
#3967=VERTEX_POINT('',#12689);
#3968=VERTEX_POINT('',#12694);
#3969=VERTEX_POINT('',#12695);
#3970=VERTEX_POINT('',#12707);
#3971=VERTEX_POINT('',#12709);
#3972=VERTEX_POINT('',#12721);
#3973=VERTEX_POINT('',#12729);
#3974=VERTEX_POINT('',#12737);
#3975=VERTEX_POINT('',#12749);
#3976=VERTEX_POINT('',#12761);
#3977=VERTEX_POINT('',#12772);
#3978=VERTEX_POINT('',#12784);
#3979=VERTEX_POINT('',#12786);
#3980=VERTEX_POINT('',#12788);
#3981=VERTEX_POINT('',#12790);
#3982=VERTEX_POINT('',#12792);
#3983=VERTEX_POINT('',#12798);
#3984=VERTEX_POINT('',#12800);
#3985=VERTEX_POINT('',#12806);
#3986=VERTEX_POINT('',#12818);
#3987=VERTEX_POINT('',#12830);
#3988=VERTEX_POINT('',#12854);
#3989=VERTEX_POINT('',#12855);
#3990=VERTEX_POINT('',#12867);
#3991=VERTEX_POINT('',#12879);
#3992=VERTEX_POINT('',#12891);
#3993=VERTEX_POINT('',#12903);
#3994=VERTEX_POINT('',#12909);
#3995=VERTEX_POINT('',#12921);
#3996=VERTEX_POINT('',#12929);
#3997=VERTEX_POINT('',#12937);
#3998=VERTEX_POINT('',#12949);
#3999=VERTEX_POINT('',#12951);
#4000=VERTEX_POINT('',#12963);
#4001=VERTEX_POINT('',#12975);
#4002=VERTEX_POINT('',#12987);
#4003=VERTEX_POINT('',#13007);
#4004=VERTEX_POINT('',#13027);
#4005=VERTEX_POINT('',#13050);
#4006=VERTEX_POINT('',#13051);
#4007=VERTEX_POINT('',#13059);
#4008=VERTEX_POINT('',#13067);
#4009=VERTEX_POINT('',#13079);
#4010=VERTEX_POINT('',#13091);
#4011=VERTEX_POINT('',#13099);
#4012=VERTEX_POINT('',#13107);
#4013=VERTEX_POINT('',#13132);
#4014=VERTEX_POINT('',#13133);
#4015=VERTEX_POINT('',#13145);
#4016=VERTEX_POINT('',#13147);
#4017=VERTEX_POINT('',#13159);
#4018=VERTEX_POINT('',#13171);
#4019=VERTEX_POINT('',#13183);
#4020=VERTEX_POINT('',#13195);
#4021=VERTEX_POINT('',#13197);
#4022=VERTEX_POINT('',#13209);
#4023=VERTEX_POINT('',#13232);
#4024=VERTEX_POINT('',#13233);
#4025=VERTEX_POINT('',#13241);
#4026=VERTEX_POINT('',#13249);
#4027=VERTEX_POINT('',#13261);
#4028=VERTEX_POINT('',#13263);
#4029=VERTEX_POINT('',#13275);
#4030=VERTEX_POINT('',#13283);
#4031=VERTEX_POINT('',#13291);
#4032=VERTEX_POINT('',#13303);
#4033=VERTEX_POINT('',#13318);
#4034=VERTEX_POINT('',#13319);
#4035=VERTEX_POINT('',#13331);
#4036=VERTEX_POINT('',#13333);
#4037=VERTEX_POINT('',#13345);
#4038=VERTEX_POINT('',#13353);
#4039=VERTEX_POINT('',#13361);
#4040=VERTEX_POINT('',#13373);
#4041=VERTEX_POINT('',#13385);
#4042=VERTEX_POINT('',#13393);
#4043=VERTEX_POINT('',#13395);
#4044=VERTEX_POINT('',#13397);
#4045=VERTEX_POINT('',#13399);
#4046=VERTEX_POINT('',#13407);
#4047=VERTEX_POINT('',#13419);
#4048=VERTEX_POINT('',#13431);
#4049=VERTEX_POINT('',#13443);
#4050=VERTEX_POINT('',#13451);
#4051=VERTEX_POINT('',#13463);
#4052=VERTEX_POINT('',#13465);
#4053=VERTEX_POINT('',#13467);
#4054=VERTEX_POINT('',#13469);
#4055=VERTEX_POINT('',#13481);
#4056=VERTEX_POINT('',#13493);
#4057=VERTEX_POINT('',#13505);
#4058=VERTEX_POINT('',#13517);
#4059=VERTEX_POINT('',#13529);
#4060=VERTEX_POINT('',#13537);
#4061=VERTEX_POINT('',#13545);
#4062=VERTEX_POINT('',#13557);
#4063=VERTEX_POINT('',#13569);
#4064=VERTEX_POINT('',#13593);
#4065=VERTEX_POINT('',#13594);
#4066=VERTEX_POINT('',#13596);
#4067=VERTEX_POINT('',#13598);
#4068=VERTEX_POINT('',#13602);
#4069=VERTEX_POINT('',#13603);
#4070=VERTEX_POINT('',#13615);
#4071=VERTEX_POINT('',#13617);
#4072=VERTEX_POINT('',#13629);
#4073=VERTEX_POINT('',#13637);
#4074=VERTEX_POINT('',#13645);
#4075=VERTEX_POINT('',#13657);
#4076=VERTEX_POINT('',#13669);
#4077=VERTEX_POINT('',#13677);
#4078=VERTEX_POINT('',#13679);
#4079=VERTEX_POINT('',#13681);
#4080=VERTEX_POINT('',#13683);
#4081=VERTEX_POINT('',#13691);
#4082=VERTEX_POINT('',#13703);
#4083=VERTEX_POINT('',#13715);
#4084=VERTEX_POINT('',#13727);
#4085=VERTEX_POINT('',#13735);
#4086=VERTEX_POINT('',#13747);
#4087=VERTEX_POINT('',#13749);
#4088=VERTEX_POINT('',#13751);
#4089=VERTEX_POINT('',#13753);
#4090=VERTEX_POINT('',#13765);
#4091=VERTEX_POINT('',#13777);
#4092=VERTEX_POINT('',#13789);
#4093=VERTEX_POINT('',#13801);
#4094=VERTEX_POINT('',#13813);
#4095=VERTEX_POINT('',#13821);
#4096=VERTEX_POINT('',#13829);
#4097=VERTEX_POINT('',#13841);
#4098=VERTEX_POINT('',#13853);
#4099=VERTEX_POINT('',#13877);
#4100=VERTEX_POINT('',#13878);
#4101=VERTEX_POINT('',#13880);
#4102=VERTEX_POINT('',#13882);
#4103=VERTEX_POINT('',#13884);
#4104=VERTEX_POINT('',#13886);
#4105=VERTEX_POINT('',#13888);
#4106=VERTEX_POINT('',#13892);
#4107=VERTEX_POINT('',#13893);
#4108=VERTEX_POINT('',#13901);
#4109=VERTEX_POINT('',#13913);
#4110=VERTEX_POINT('',#13915);
#4111=VERTEX_POINT('',#13917);
#4112=VERTEX_POINT('',#13919);
#4113=VERTEX_POINT('',#13921);
#4114=VERTEX_POINT('',#13923);
#4115=VERTEX_POINT('',#13927);
#4116=VERTEX_POINT('',#13928);
#4117=VERTEX_POINT('',#13936);
#4118=VERTEX_POINT('',#13948);
#4119=VERTEX_POINT('',#13950);
#4120=VERTEX_POINT('',#13952);
#4121=VERTEX_POINT('',#13954);
#4122=VERTEX_POINT('',#13956);
#4123=VERTEX_POINT('',#13958);
#4124=VERTEX_POINT('',#13962);
#4125=VERTEX_POINT('',#13963);
#4126=VERTEX_POINT('',#13971);
#4127=VERTEX_POINT('',#13983);
#4128=VERTEX_POINT('',#13985);
#4129=VERTEX_POINT('',#13987);
#4130=VERTEX_POINT('',#13989);
#4131=VERTEX_POINT('',#13991);
#4132=VERTEX_POINT('',#13993);
#4133=VERTEX_POINT('',#13997);
#4134=VERTEX_POINT('',#13998);
#4135=VERTEX_POINT('',#14010);
#4136=VERTEX_POINT('',#14022);
#4137=VERTEX_POINT('',#14030);
#4138=VERTEX_POINT('',#14041);
#4139=VERTEX_POINT('',#14052);
#4140=VERTEX_POINT('',#14060);
#4141=VERTEX_POINT('',#14068);
#4142=VERTEX_POINT('',#14076);
#4143=VERTEX_POINT('',#14088);
#4144=VERTEX_POINT('',#14100);
#4145=VERTEX_POINT('',#14112);
#4146=VERTEX_POINT('',#14114);
#4147=VERTEX_POINT('',#14126);
#4148=VERTEX_POINT('',#14138);
#4149=VERTEX_POINT('',#14150);
#4150=VERTEX_POINT('',#14162);
#4151=VERTEX_POINT('',#14174);
#4152=VERTEX_POINT('',#14182);
#4153=VERTEX_POINT('',#14193);
#4154=VERTEX_POINT('',#14201);
#4155=VERTEX_POINT('',#14209);
#4156=VERTEX_POINT('',#14217);
#4157=VERTEX_POINT('',#14229);
#4158=VERTEX_POINT('',#14241);
#4159=VERTEX_POINT('',#14253);
#4160=VERTEX_POINT('',#14255);
#4161=VERTEX_POINT('',#14267);
#4162=VERTEX_POINT('',#14291);
#4163=VERTEX_POINT('',#14292);
#4164=VERTEX_POINT('',#14294);
#4165=VERTEX_POINT('',#14296);
#4166=VERTEX_POINT('',#14298);
#4167=VERTEX_POINT('',#14300);
#4168=VERTEX_POINT('',#14302);
#4169=VERTEX_POINT('',#14304);
#4170=VERTEX_POINT('',#14306);
#4171=VERTEX_POINT('',#14308);
#4172=VERTEX_POINT('',#14310);
#4173=VERTEX_POINT('',#14312);
#4174=VERTEX_POINT('',#14314);
#4175=VERTEX_POINT('',#14318);
#4176=VERTEX_POINT('',#14319);
#4177=VERTEX_POINT('',#14321);
#4178=VERTEX_POINT('',#14323);
#4179=VERTEX_POINT('',#14325);
#4180=VERTEX_POINT('',#14327);
#4181=VERTEX_POINT('',#14329);
#4182=VERTEX_POINT('',#14331);
#4183=VERTEX_POINT('',#14334);
#4184=VERTEX_POINT('',#14335);
#4185=VERTEX_POINT('',#14337);
#4186=VERTEX_POINT('',#14342);
#4187=VERTEX_POINT('',#14343);
#4188=VERTEX_POINT('',#14345);
#4189=VERTEX_POINT('',#14347);
#4190=VERTEX_POINT('',#14349);
#4191=VERTEX_POINT('',#14351);
#4192=VERTEX_POINT('',#14353);
#4193=VERTEX_POINT('',#14355);
#4194=VERTEX_POINT('',#14357);
#4195=VERTEX_POINT('',#14359);
#4196=VERTEX_POINT('',#14361);
#4197=VERTEX_POINT('',#14363);
#4198=VERTEX_POINT('',#14365);
#4199=VERTEX_POINT('',#14367);
#4200=VERTEX_POINT('',#14369);
#4201=VERTEX_POINT('',#14371);
#4202=VERTEX_POINT('',#14375);
#4203=VERTEX_POINT('',#14376);
#4204=VERTEX_POINT('',#14378);
#4205=VERTEX_POINT('',#14380);
#4206=VERTEX_POINT('',#14382);
#4207=VERTEX_POINT('',#14384);
#4208=VERTEX_POINT('',#14386);
#4209=VERTEX_POINT('',#14388);
#4210=VERTEX_POINT('',#14398);
#4211=VERTEX_POINT('',#14399);
#4212=VERTEX_POINT('',#14401);
#4213=VERTEX_POINT('',#14403);
#4214=VERTEX_POINT('',#14407);
#4215=VERTEX_POINT('',#14409);
#4216=VERTEX_POINT('',#14413);
#4217=VERTEX_POINT('',#14420);
#4218=VERTEX_POINT('',#14427);
#4219=VERTEX_POINT('',#14428);
#4220=VERTEX_POINT('',#14430);
#4221=VERTEX_POINT('',#14432);
#4222=VERTEX_POINT('',#14436);
#4223=VERTEX_POINT('',#14437);
#4224=VERTEX_POINT('',#14439);
#4225=VERTEX_POINT('',#14441);
#4226=VERTEX_POINT('',#14445);
#4227=VERTEX_POINT('',#14446);
#4228=VERTEX_POINT('',#14448);
#4229=VERTEX_POINT('',#14450);
#4230=VERTEX_POINT('',#14454);
#4231=VERTEX_POINT('',#14456);
#4232=VERTEX_POINT('',#14460);
#4233=VERTEX_POINT('',#14462);
#4234=VERTEX_POINT('',#14466);
#4235=VERTEX_POINT('',#14467);
#4236=VERTEX_POINT('',#14469);
#4237=VERTEX_POINT('',#14471);
#4238=VERTEX_POINT('',#14475);
#4239=VERTEX_POINT('',#14477);
#4240=VERTEX_POINT('',#14481);
#4241=VERTEX_POINT('',#14483);
#4242=VERTEX_POINT('',#14497);
#4243=VERTEX_POINT('',#14498);
#4244=VERTEX_POINT('',#14500);
#4245=VERTEX_POINT('',#14502);
#4246=VERTEX_POINT('',#14509);
#4247=VERTEX_POINT('',#14511);
#4248=VERTEX_POINT('',#14515);
#4249=VERTEX_POINT('',#14516);
#4250=VERTEX_POINT('',#14518);
#4251=VERTEX_POINT('',#14520);
#4252=VERTEX_POINT('',#14524);
#4253=VERTEX_POINT('',#14525);
#4254=VERTEX_POINT('',#14527);
#4255=VERTEX_POINT('',#14529);
#4256=VERTEX_POINT('',#14533);
#4257=VERTEX_POINT('',#14535);
#4258=VERTEX_POINT('',#14548);
#4259=VERTEX_POINT('',#14549);
#4260=VERTEX_POINT('',#14551);
#4261=VERTEX_POINT('',#14553);
#4262=VERTEX_POINT('',#14557);
#4263=VERTEX_POINT('',#14559);
#4264=VERTEX_POINT('',#14563);
#4265=VERTEX_POINT('',#14565);
#4266=VERTEX_POINT('',#14569);
#4267=VERTEX_POINT('',#14570);
#4268=VERTEX_POINT('',#14572);
#4269=VERTEX_POINT('',#14574);
#4270=VERTEX_POINT('',#14578);
#4271=VERTEX_POINT('',#14580);
#4272=VERTEX_POINT('',#14584);
#4273=VERTEX_POINT('',#14586);
#4274=VERTEX_POINT('',#14590);
#4275=VERTEX_POINT('',#14591);
#4276=VERTEX_POINT('',#14593);
#4277=VERTEX_POINT('',#14595);
#4278=VERTEX_POINT('',#14609);
#4279=VERTEX_POINT('',#14610);
#4280=VERTEX_POINT('',#14612);
#4281=VERTEX_POINT('',#14614);
#4282=VERTEX_POINT('',#14618);
#4283=VERTEX_POINT('',#14619);
#4284=VERTEX_POINT('',#14621);
#4285=VERTEX_POINT('',#14623);
#4286=VERTEX_POINT('',#14627);
#4287=VERTEX_POINT('',#14629);
#4288=VERTEX_POINT('',#14633);
#4289=VERTEX_POINT('',#14635);
#4290=VERTEX_POINT('',#14639);
#4291=VERTEX_POINT('',#14640);
#4292=VERTEX_POINT('',#14642);
#4293=VERTEX_POINT('',#14644);
#4294=VERTEX_POINT('',#14648);
#4295=VERTEX_POINT('',#14649);
#4296=VERTEX_POINT('',#14651);
#4297=VERTEX_POINT('',#14653);
#4298=VERTEX_POINT('',#14701);
#4299=VERTEX_POINT('',#14702);
#4300=VERTEX_POINT('',#14704);
#4301=VERTEX_POINT('',#14706);
#4302=VERTEX_POINT('',#14708);
#4303=VERTEX_POINT('',#14710);
#4304=VERTEX_POINT('',#14712);
#4305=VERTEX_POINT('',#14714);
#4306=VERTEX_POINT('',#14716);
#4307=VERTEX_POINT('',#14718);
#4308=VERTEX_POINT('',#14720);
#4309=VERTEX_POINT('',#14722);
#4310=VERTEX_POINT('',#14724);
#4311=VERTEX_POINT('',#14726);
#4312=VERTEX_POINT('',#14729);
#4313=VERTEX_POINT('',#14730);
#4314=VERTEX_POINT('',#14732);
#4315=VERTEX_POINT('',#14734);
#4316=VERTEX_POINT('',#14737);
#4317=VERTEX_POINT('',#14738);
#4318=VERTEX_POINT('',#14740);
#4319=VERTEX_POINT('',#14742);
#4320=VERTEX_POINT('',#14745);
#4321=VERTEX_POINT('',#14746);
#4322=VERTEX_POINT('',#14748);
#4323=VERTEX_POINT('',#14750);
#4324=VERTEX_POINT('',#14753);
#4325=VERTEX_POINT('',#14754);
#4326=VERTEX_POINT('',#14756);
#4327=VERTEX_POINT('',#14758);
#4328=VERTEX_POINT('',#14761);
#4329=VERTEX_POINT('',#14762);
#4330=VERTEX_POINT('',#14764);
#4331=VERTEX_POINT('',#14766);
#4332=VERTEX_POINT('',#14769);
#4333=VERTEX_POINT('',#14770);
#4334=VERTEX_POINT('',#14772);
#4335=VERTEX_POINT('',#14774);
#4336=VERTEX_POINT('',#14777);
#4337=VERTEX_POINT('',#14778);
#4338=VERTEX_POINT('',#14780);
#4339=VERTEX_POINT('',#14782);
#4340=VERTEX_POINT('',#14785);
#4341=VERTEX_POINT('',#14786);
#4342=VERTEX_POINT('',#14788);
#4343=VERTEX_POINT('',#14790);
#4344=VERTEX_POINT('',#14794);
#4345=VERTEX_POINT('',#14795);
#4346=VERTEX_POINT('',#14797);
#4347=VERTEX_POINT('',#14799);
#4348=VERTEX_POINT('',#14801);
#4349=VERTEX_POINT('',#14803);
#4350=VERTEX_POINT('',#14805);
#4351=VERTEX_POINT('',#14807);
#4352=VERTEX_POINT('',#14809);
#4353=VERTEX_POINT('',#14811);
#4354=VERTEX_POINT('',#14813);
#4355=VERTEX_POINT('',#14815);
#4356=VERTEX_POINT('',#14819);
#4357=VERTEX_POINT('',#14824);
#4358=VERTEX_POINT('',#14831);
#4359=VERTEX_POINT('',#14832);
#4360=VERTEX_POINT('',#14840);
#4361=VERTEX_POINT('',#14844);
#4362=VERTEX_POINT('',#14848);
#4363=VERTEX_POINT('',#14852);
#4364=VERTEX_POINT('',#14874);
#4365=VERTEX_POINT('',#14876);
#4366=VERTEX_POINT('',#14880);
#4367=VERTEX_POINT('',#14884);
#4368=VERTEX_POINT('',#14891);
#4369=VERTEX_POINT('',#14893);
#4370=VERTEX_POINT('',#14897);
#4371=VERTEX_POINT('',#14901);
#4372=VERTEX_POINT('',#14908);
#4373=VERTEX_POINT('',#14910);
#4374=VERTEX_POINT('',#14914);
#4375=VERTEX_POINT('',#14918);
#4376=VERTEX_POINT('',#14925);
#4377=VERTEX_POINT('',#14927);
#4378=VERTEX_POINT('',#14931);
#4379=VERTEX_POINT('',#14935);
#4380=VERTEX_POINT('',#14942);
#4381=VERTEX_POINT('',#14944);
#4382=VERTEX_POINT('',#14948);
#4383=VERTEX_POINT('',#14952);
#4384=VERTEX_POINT('',#14959);
#4385=VERTEX_POINT('',#14961);
#4386=VERTEX_POINT('',#14965);
#4387=VERTEX_POINT('',#14969);
#4388=VERTEX_POINT('',#14976);
#4389=VERTEX_POINT('',#14978);
#4390=VERTEX_POINT('',#14982);
#4391=VERTEX_POINT('',#14986);
#4392=VERTEX_POINT('',#14993);
#4393=VERTEX_POINT('',#14995);
#4394=VERTEX_POINT('',#14999);
#4395=VERTEX_POINT('',#15003);
#4396=EDGE_CURVE('',#3507,#3507,#3434,.T.);
#4397=EDGE_CURVE('',#3507,#3508,#1566,.T.);
#4398=EDGE_CURVE('',#3508,#3508,#3435,.T.);
#4399=EDGE_CURVE('',#3509,#3509,#3436,.T.);
#4400=EDGE_CURVE('',#3509,#3510,#1567,.T.);
#4401=EDGE_CURVE('',#3510,#3510,#3437,.T.);
#4402=EDGE_CURVE('',#3511,#3511,#3438,.T.);
#4403=EDGE_CURVE('',#3511,#3512,#1568,.T.);
#4404=EDGE_CURVE('',#3512,#3512,#3439,.T.);
#4405=EDGE_CURVE('',#3513,#3513,#3440,.T.);
#4406=EDGE_CURVE('',#3513,#3514,#1569,.T.);
#4407=EDGE_CURVE('',#3514,#3514,#3441,.T.);
#4408=EDGE_CURVE('',#3515,#3515,#3442,.T.);
#4409=EDGE_CURVE('',#3515,#3516,#1570,.T.);
#4410=EDGE_CURVE('',#3516,#3516,#3443,.T.);
#4411=EDGE_CURVE('',#3517,#3517,#3444,.T.);
#4412=EDGE_CURVE('',#3517,#3518,#1571,.T.);
#4413=EDGE_CURVE('',#3518,#3518,#3445,.T.);
#4414=EDGE_CURVE('',#3519,#3519,#3446,.T.);
#4415=EDGE_CURVE('',#3519,#3520,#1572,.T.);
#4416=EDGE_CURVE('',#3520,#3520,#3447,.T.);
#4417=EDGE_CURVE('',#3521,#3521,#3448,.T.);
#4418=EDGE_CURVE('',#3521,#3522,#1573,.T.);
#4419=EDGE_CURVE('',#3522,#3522,#3449,.T.);
#4420=EDGE_CURVE('',#3523,#3523,#3450,.T.);
#4421=EDGE_CURVE('',#3523,#3524,#1574,.T.);
#4422=EDGE_CURVE('',#3524,#3524,#3451,.T.);
#4423=EDGE_CURVE('',#3525,#3525,#3452,.T.);
#4424=EDGE_CURVE('',#3525,#3526,#1575,.T.);
#4425=EDGE_CURVE('',#3526,#3526,#3453,.T.);
#4426=EDGE_CURVE('',#3527,#3528,#1576,.T.);
#4427=EDGE_CURVE('',#3529,#3527,#1577,.T.);
#4428=EDGE_CURVE('',#3529,#3530,#1578,.T.);
#4429=EDGE_CURVE('',#3530,#3528,#1579,.T.);
#4430=EDGE_CURVE('',#3528,#3531,#1580,.T.);
#4431=EDGE_CURVE('',#3530,#3532,#1581,.T.);
#4432=EDGE_CURVE('',#3532,#3531,#1582,.T.);
#4433=EDGE_CURVE('',#3531,#3533,#1583,.T.);
#4434=EDGE_CURVE('',#3532,#3534,#1584,.T.);
#4435=EDGE_CURVE('',#3534,#3533,#1585,.T.);
#4436=EDGE_CURVE('',#3535,#3533,#1586,.T.);
#4437=EDGE_CURVE('',#3536,#3534,#1587,.T.);
#4438=EDGE_CURVE('',#3536,#3535,#1588,.T.);
#4439=EDGE_CURVE('',#3537,#3535,#1589,.T.);
#4440=EDGE_CURVE('',#3538,#3536,#1590,.T.);
#4441=EDGE_CURVE('',#3538,#3537,#1591,.T.);
#4442=EDGE_CURVE('',#3539,#3540,#1592,.T.);
#4443=EDGE_CURVE('',#3540,#3537,#1593,.T.);
#4444=EDGE_CURVE('',#3539,#3538,#1594,.T.);
#4445=EDGE_CURVE('',#3541,#3542,#1595,.T.);
#4446=EDGE_CURVE('',#3543,#3541,#1596,.T.);
#4447=EDGE_CURVE('',#3543,#3544,#1597,.T.);
#4448=EDGE_CURVE('',#3544,#3542,#1598,.T.);
#4449=EDGE_CURVE('',#3542,#3545,#1599,.T.);
#4450=EDGE_CURVE('',#3544,#3546,#1600,.T.);
#4451=EDGE_CURVE('',#3546,#3545,#1601,.T.);
#4452=EDGE_CURVE('',#3545,#3547,#1602,.T.);
#4453=EDGE_CURVE('',#3546,#3548,#1603,.T.);
#4454=EDGE_CURVE('',#3548,#3547,#1604,.T.);
#4455=EDGE_CURVE('',#3547,#3527,#1605,.T.);
#4456=EDGE_CURVE('',#3548,#3529,#1606,.T.);
#4457=EDGE_CURVE('',#3540,#3549,#1607,.T.);
#4458=EDGE_CURVE('',#3541,#3549,#1608,.T.);
#4459=EDGE_CURVE('',#3549,#3550,#1609,.T.);
#4460=EDGE_CURVE('',#3543,#3550,#1610,.T.);
#4461=EDGE_CURVE('',#3550,#3539,#1611,.T.);
#4462=EDGE_CURVE('',#3551,#3552,#1612,.T.);
#4463=EDGE_CURVE('',#3552,#3553,#1613,.T.);
#4464=EDGE_CURVE('',#3553,#3554,#1614,.T.);
#4465=EDGE_CURVE('',#3554,#3555,#1615,.T.);
#4466=EDGE_CURVE('',#3555,#3556,#1616,.T.);
#4467=EDGE_CURVE('',#3556,#3557,#1617,.T.);
#4468=EDGE_CURVE('',#3557,#3558,#1618,.T.);
#4469=EDGE_CURVE('',#3558,#3559,#1619,.T.);
#4470=EDGE_CURVE('',#3559,#3560,#1620,.T.);
#4471=EDGE_CURVE('',#3560,#3561,#1621,.T.);
#4472=EDGE_CURVE('',#3561,#3562,#1622,.T.);
#4473=EDGE_CURVE('',#3562,#3563,#1623,.T.);
#4474=EDGE_CURVE('',#3563,#3564,#1624,.T.);
#4475=EDGE_CURVE('',#3564,#3565,#1625,.T.);
#4476=EDGE_CURVE('',#3565,#3566,#1626,.T.);
#4477=EDGE_CURVE('',#3566,#3567,#1627,.T.);
#4478=EDGE_CURVE('',#3567,#3568,#1628,.T.);
#4479=EDGE_CURVE('',#3568,#3569,#1629,.T.);
#4480=EDGE_CURVE('',#3569,#3570,#1630,.T.);
#4481=EDGE_CURVE('',#3570,#3571,#1631,.T.);
#4482=EDGE_CURVE('',#3571,#3572,#1632,.T.);
#4483=EDGE_CURVE('',#3572,#3573,#1633,.T.);
#4484=EDGE_CURVE('',#3573,#3574,#1634,.T.);
#4485=EDGE_CURVE('',#3574,#3575,#1635,.T.);
#4486=EDGE_CURVE('',#3575,#3576,#1636,.T.);
#4487=EDGE_CURVE('',#3576,#3577,#1637,.T.);
#4488=EDGE_CURVE('',#3577,#3578,#1638,.T.);
#4489=EDGE_CURVE('',#3578,#3579,#1639,.T.);
#4490=EDGE_CURVE('',#3579,#3580,#1640,.T.);
#4491=EDGE_CURVE('',#3580,#3581,#1641,.T.);
#4492=EDGE_CURVE('',#3581,#3582,#1642,.T.);
#4493=EDGE_CURVE('',#3582,#3583,#1643,.T.);
#4494=EDGE_CURVE('',#3583,#3584,#1644,.T.);
#4495=EDGE_CURVE('',#3584,#3585,#1645,.T.);
#4496=EDGE_CURVE('',#3585,#3586,#1646,.T.);
#4497=EDGE_CURVE('',#3586,#3587,#1647,.T.);
#4498=EDGE_CURVE('',#3587,#3588,#1648,.T.);
#4499=EDGE_CURVE('',#3588,#3589,#1649,.T.);
#4500=EDGE_CURVE('',#3589,#3590,#1650,.T.);
#4501=EDGE_CURVE('',#3590,#3591,#1651,.T.);
#4502=EDGE_CURVE('',#3591,#3592,#1652,.T.);
#4503=EDGE_CURVE('',#3592,#3593,#1653,.T.);
#4504=EDGE_CURVE('',#3593,#3594,#1654,.T.);
#4505=EDGE_CURVE('',#3594,#3595,#1655,.T.);
#4506=EDGE_CURVE('',#3595,#3596,#1656,.T.);
#4507=EDGE_CURVE('',#3596,#3597,#1657,.T.);
#4508=EDGE_CURVE('',#3597,#3598,#1658,.T.);
#4509=EDGE_CURVE('',#3598,#3599,#1659,.T.);
#4510=EDGE_CURVE('',#3599,#3600,#1660,.T.);
#4511=EDGE_CURVE('',#3600,#3601,#1661,.T.);
#4512=EDGE_CURVE('',#3601,#3602,#1662,.T.);
#4513=EDGE_CURVE('',#3602,#3603,#1663,.T.);
#4514=EDGE_CURVE('',#3603,#3604,#1664,.T.);
#4515=EDGE_CURVE('',#3604,#3605,#1665,.T.);
#4516=EDGE_CURVE('',#3605,#3606,#1666,.T.);
#4517=EDGE_CURVE('',#3606,#3607,#1667,.T.);
#4518=EDGE_CURVE('',#3607,#3608,#1668,.T.);
#4519=EDGE_CURVE('',#3608,#3609,#1669,.T.);
#4520=EDGE_CURVE('',#3609,#3610,#1670,.T.);
#4521=EDGE_CURVE('',#3610,#3551,#1671,.T.);
#4522=EDGE_CURVE('',#3611,#3612,#1672,.T.);
#4523=EDGE_CURVE('',#3611,#3613,#1673,.T.);
#4524=EDGE_CURVE('',#3613,#3614,#1674,.T.);
#4525=EDGE_CURVE('',#3612,#3614,#1675,.T.);
#4526=EDGE_CURVE('',#3612,#3615,#1676,.T.);
#4527=EDGE_CURVE('',#3614,#3616,#1677,.T.);
#4528=EDGE_CURVE('',#3615,#3616,#1678,.T.);
#4529=EDGE_CURVE('',#3615,#3611,#1679,.T.);
#4530=EDGE_CURVE('',#3616,#3613,#1680,.T.);
#4531=EDGE_CURVE('',#3617,#3618,#1681,.T.);
#4532=EDGE_CURVE('',#3617,#3619,#1682,.T.);
#4533=EDGE_CURVE('',#3619,#3620,#1683,.T.);
#4534=EDGE_CURVE('',#3618,#3620,#1684,.T.);
#4535=EDGE_CURVE('',#3621,#3617,#1685,.T.);
#4536=EDGE_CURVE('',#3621,#3622,#1686,.T.);
#4537=EDGE_CURVE('',#3622,#3619,#1687,.T.);
#4538=EDGE_CURVE('',#3623,#3621,#1688,.T.);
#4539=EDGE_CURVE('',#3623,#3624,#1689,.T.);
#4540=EDGE_CURVE('',#3624,#3622,#1690,.T.);
#4541=EDGE_CURVE('',#3625,#3623,#1691,.T.);
#4542=EDGE_CURVE('',#3625,#3626,#1692,.T.);
#4543=EDGE_CURVE('',#3626,#3624,#1693,.T.);
#4544=EDGE_CURVE('',#3627,#3625,#1694,.T.);
#4545=EDGE_CURVE('',#3627,#3628,#1695,.T.);
#4546=EDGE_CURVE('',#3628,#3626,#1696,.T.);
#4547=EDGE_CURVE('',#3629,#3627,#1697,.T.);
#4548=EDGE_CURVE('',#3629,#3630,#1698,.T.);
#4549=EDGE_CURVE('',#3630,#3628,#1699,.T.);
#4550=EDGE_CURVE('',#3631,#3629,#1700,.T.);
#4551=EDGE_CURVE('',#3631,#3632,#1701,.T.);
#4552=EDGE_CURVE('',#3632,#3630,#1702,.T.);
#4553=EDGE_CURVE('',#3618,#3631,#1703,.T.);
#4554=EDGE_CURVE('',#3620,#3632,#1704,.T.);
#4555=EDGE_CURVE('',#3633,#3634,#1705,.T.);
#4556=EDGE_CURVE('',#3633,#3635,#1706,.T.);
#4557=EDGE_CURVE('',#3635,#3636,#1707,.T.);
#4558=EDGE_CURVE('',#3634,#3636,#1708,.T.);
#4559=EDGE_CURVE('',#3637,#3633,#1709,.T.);
#4560=EDGE_CURVE('',#3637,#3638,#1710,.T.);
#4561=EDGE_CURVE('',#3638,#3635,#1711,.T.);
#4562=EDGE_CURVE('',#3639,#3637,#42,.T.);
#4563=EDGE_CURVE('',#3639,#3640,#1712,.T.);
#4564=EDGE_CURVE('',#3640,#3638,#43,.T.);
#4565=EDGE_CURVE('',#3641,#3639,#44,.T.);
#4566=EDGE_CURVE('',#3641,#3642,#1713,.T.);
#4567=EDGE_CURVE('',#3642,#3640,#45,.T.);
#4568=EDGE_CURVE('',#3643,#3641,#46,.T.);
#4569=EDGE_CURVE('',#3643,#3644,#1714,.T.);
#4570=EDGE_CURVE('',#3644,#3642,#47,.T.);
#4571=EDGE_CURVE('',#3645,#3643,#48,.T.);
#4572=EDGE_CURVE('',#3645,#3646,#1715,.T.);
#4573=EDGE_CURVE('',#3646,#3644,#49,.T.);
#4574=EDGE_CURVE('',#3647,#3645,#1716,.T.);
#4575=EDGE_CURVE('',#3647,#3648,#1717,.T.);
#4576=EDGE_CURVE('',#3648,#3646,#1718,.T.);
#4577=EDGE_CURVE('',#3649,#3647,#1719,.T.);
#4578=EDGE_CURVE('',#3649,#3650,#1720,.T.);
#4579=EDGE_CURVE('',#3650,#3648,#1721,.T.);
#4580=EDGE_CURVE('',#3651,#3649,#50,.T.);
#4581=EDGE_CURVE('',#3651,#3652,#1722,.T.);
#4582=EDGE_CURVE('',#3652,#3650,#51,.T.);
#4583=EDGE_CURVE('',#3653,#3651,#52,.T.);
#4584=EDGE_CURVE('',#3653,#3654,#1723,.T.);
#4585=EDGE_CURVE('',#3654,#3652,#53,.T.);
#4586=EDGE_CURVE('',#3655,#3653,#54,.T.);
#4587=EDGE_CURVE('',#3655,#3656,#1724,.T.);
#4588=EDGE_CURVE('',#3656,#3654,#55,.T.);
#4589=EDGE_CURVE('',#3657,#3655,#56,.T.);
#4590=EDGE_CURVE('',#3657,#3658,#1725,.T.);
#4591=EDGE_CURVE('',#3658,#3656,#57,.T.);
#4592=EDGE_CURVE('',#3659,#3657,#58,.T.);
#4593=EDGE_CURVE('',#3659,#3660,#1726,.T.);
#4594=EDGE_CURVE('',#3660,#3658,#59,.T.);
#4595=EDGE_CURVE('',#3661,#3659,#1727,.T.);
#4596=EDGE_CURVE('',#3661,#3662,#1728,.T.);
#4597=EDGE_CURVE('',#3662,#3660,#1729,.T.);
#4598=EDGE_CURVE('',#3634,#3661,#1730,.T.);
#4599=EDGE_CURVE('',#3636,#3662,#1731,.T.);
#4600=EDGE_CURVE('',#3663,#3664,#60,.T.);
#4601=EDGE_CURVE('',#3663,#3665,#1732,.T.);
#4602=EDGE_CURVE('',#3665,#3666,#61,.T.);
#4603=EDGE_CURVE('',#3664,#3666,#1733,.T.);
#4604=EDGE_CURVE('',#3667,#3663,#62,.T.);
#4605=EDGE_CURVE('',#3667,#3668,#1734,.T.);
#4606=EDGE_CURVE('',#3668,#3665,#63,.T.);
#4607=EDGE_CURVE('',#3669,#3667,#1735,.T.);
#4608=EDGE_CURVE('',#3669,#3670,#1736,.T.);
#4609=EDGE_CURVE('',#3670,#3668,#1737,.T.);
#4610=EDGE_CURVE('',#3671,#3669,#1738,.T.);
#4611=EDGE_CURVE('',#3671,#3672,#1739,.T.);
#4612=EDGE_CURVE('',#3672,#3670,#1740,.T.);
#4613=EDGE_CURVE('',#3673,#3671,#64,.T.);
#4614=EDGE_CURVE('',#3673,#3674,#1741,.T.);
#4615=EDGE_CURVE('',#3674,#3672,#65,.T.);
#4616=EDGE_CURVE('',#3675,#3673,#66,.T.);
#4617=EDGE_CURVE('',#3675,#3676,#1742,.T.);
#4618=EDGE_CURVE('',#3676,#3674,#67,.T.);
#4619=EDGE_CURVE('',#3677,#3675,#68,.T.);
#4620=EDGE_CURVE('',#3677,#3678,#1743,.T.);
#4621=EDGE_CURVE('',#3678,#3676,#69,.T.);
#4622=EDGE_CURVE('',#3679,#3677,#70,.T.);
#4623=EDGE_CURVE('',#3679,#3680,#1744,.T.);
#4624=EDGE_CURVE('',#3680,#3678,#71,.T.);
#4625=EDGE_CURVE('',#3681,#3679,#72,.T.);
#4626=EDGE_CURVE('',#3681,#3682,#1745,.T.);
#4627=EDGE_CURVE('',#3682,#3680,#73,.T.);
#4628=EDGE_CURVE('',#3683,#3681,#74,.T.);
#4629=EDGE_CURVE('',#3683,#3684,#1746,.T.);
#4630=EDGE_CURVE('',#3684,#3682,#75,.T.);
#4631=EDGE_CURVE('',#3685,#3683,#76,.T.);
#4632=EDGE_CURVE('',#3685,#3686,#1747,.T.);
#4633=EDGE_CURVE('',#3686,#3684,#77,.T.);
#4634=EDGE_CURVE('',#3687,#3685,#78,.T.);
#4635=EDGE_CURVE('',#3687,#3688,#1748,.T.);
#4636=EDGE_CURVE('',#3688,#3686,#79,.T.);
#4637=EDGE_CURVE('',#3689,#3687,#1749,.T.);
#4638=EDGE_CURVE('',#3689,#3690,#1750,.T.);
#4639=EDGE_CURVE('',#3690,#3688,#1751,.T.);
#4640=EDGE_CURVE('',#3691,#3689,#1752,.T.);
#4641=EDGE_CURVE('',#3691,#3692,#1753,.T.);
#4642=EDGE_CURVE('',#3692,#3690,#1754,.T.);
#4643=EDGE_CURVE('',#3693,#3691,#80,.T.);
#4644=EDGE_CURVE('',#3693,#3694,#1755,.T.);
#4645=EDGE_CURVE('',#3694,#3692,#81,.T.);
#4646=EDGE_CURVE('',#3695,#3693,#82,.T.);
#4647=EDGE_CURVE('',#3695,#3696,#1756,.T.);
#4648=EDGE_CURVE('',#3696,#3694,#83,.T.);
#4649=EDGE_CURVE('',#3697,#3695,#84,.T.);
#4650=EDGE_CURVE('',#3697,#3698,#1757,.T.);
#4651=EDGE_CURVE('',#3698,#3696,#85,.T.);
#4652=EDGE_CURVE('',#3664,#3697,#86,.T.);
#4653=EDGE_CURVE('',#3666,#3698,#87,.T.);
#4654=EDGE_CURVE('',#3699,#3700,#1758,.T.);
#4655=EDGE_CURVE('',#3699,#3701,#1759,.T.);
#4656=EDGE_CURVE('',#3701,#3702,#1760,.T.);
#4657=EDGE_CURVE('',#3700,#3702,#1761,.T.);
#4658=EDGE_CURVE('',#3703,#3699,#1762,.T.);
#4659=EDGE_CURVE('',#3703,#3704,#1763,.T.);
#4660=EDGE_CURVE('',#3704,#3701,#1764,.T.);
#4661=EDGE_CURVE('',#3705,#3703,#1765,.T.);
#4662=EDGE_CURVE('',#3705,#3706,#1766,.T.);
#4663=EDGE_CURVE('',#3706,#3704,#1767,.T.);
#4664=EDGE_CURVE('',#3707,#3705,#1768,.T.);
#4665=EDGE_CURVE('',#3707,#3708,#1769,.T.);
#4666=EDGE_CURVE('',#3708,#3706,#1770,.T.);
#4667=EDGE_CURVE('',#3709,#3707,#1771,.T.);
#4668=EDGE_CURVE('',#3709,#3710,#1772,.T.);
#4669=EDGE_CURVE('',#3710,#3708,#1773,.T.);
#4670=EDGE_CURVE('',#3700,#3709,#1774,.T.);
#4671=EDGE_CURVE('',#3702,#3710,#1775,.T.);
#4672=EDGE_CURVE('',#3711,#3711,#3454,.T.);
#4673=EDGE_CURVE('',#3711,#3712,#1776,.T.);
#4674=EDGE_CURVE('',#3712,#3712,#3455,.T.);
#4675=EDGE_CURVE('',#3713,#3714,#1777,.T.);
#4676=EDGE_CURVE('',#3713,#3715,#1778,.T.);
#4677=EDGE_CURVE('',#3715,#3716,#1779,.T.);
#4678=EDGE_CURVE('',#3714,#3716,#1780,.T.);
#4679=EDGE_CURVE('',#3717,#3713,#1781,.T.);
#4680=EDGE_CURVE('',#3717,#3718,#1782,.T.);
#4681=EDGE_CURVE('',#3718,#3715,#1783,.T.);
#4682=EDGE_CURVE('',#3719,#3717,#1784,.T.);
#4683=EDGE_CURVE('',#3719,#3720,#1785,.T.);
#4684=EDGE_CURVE('',#3720,#3718,#1786,.T.);
#4685=EDGE_CURVE('',#3721,#3719,#1787,.T.);
#4686=EDGE_CURVE('',#3721,#3722,#1788,.T.);
#4687=EDGE_CURVE('',#3722,#3720,#1789,.T.);
#4688=EDGE_CURVE('',#3723,#3721,#1790,.T.);
#4689=EDGE_CURVE('',#3723,#3724,#1791,.T.);
#4690=EDGE_CURVE('',#3724,#3722,#1792,.T.);
#4691=EDGE_CURVE('',#3725,#3723,#1793,.T.);
#4692=EDGE_CURVE('',#3725,#3726,#1794,.T.);
#4693=EDGE_CURVE('',#3726,#3724,#1795,.T.);
#4694=EDGE_CURVE('',#3714,#3725,#1796,.T.);
#4695=EDGE_CURVE('',#3716,#3726,#1797,.T.);
#4696=EDGE_CURVE('',#3727,#3728,#1798,.T.);
#4697=EDGE_CURVE('',#3727,#3729,#1799,.T.);
#4698=EDGE_CURVE('',#3729,#3730,#1800,.T.);
#4699=EDGE_CURVE('',#3728,#3730,#1801,.T.);
#4700=EDGE_CURVE('',#3731,#3727,#1802,.T.);
#4701=EDGE_CURVE('',#3731,#3732,#1803,.T.);
#4702=EDGE_CURVE('',#3732,#3729,#1804,.T.);
#4703=EDGE_CURVE('',#3733,#3731,#1805,.T.);
#4704=EDGE_CURVE('',#3733,#3734,#1806,.T.);
#4705=EDGE_CURVE('',#3734,#3732,#1807,.T.);
#4706=EDGE_CURVE('',#3735,#3733,#1808,.T.);
#4707=EDGE_CURVE('',#3735,#3736,#1809,.T.);
#4708=EDGE_CURVE('',#3736,#3734,#1810,.T.);
#4709=EDGE_CURVE('',#3737,#3735,#88,.T.);
#4710=EDGE_CURVE('',#3737,#3738,#1811,.T.);
#4711=EDGE_CURVE('',#3738,#3736,#89,.T.);
#4712=EDGE_CURVE('',#3739,#3737,#90,.T.);
#4713=EDGE_CURVE('',#3739,#3740,#1812,.T.);
#4714=EDGE_CURVE('',#3740,#3738,#91,.T.);
#4715=EDGE_CURVE('',#3741,#3739,#1813,.T.);
#4716=EDGE_CURVE('',#3741,#3742,#1814,.T.);
#4717=EDGE_CURVE('',#3742,#3740,#1815,.T.);
#4718=EDGE_CURVE('',#3743,#3741,#1816,.T.);
#4719=EDGE_CURVE('',#3743,#3744,#1817,.T.);
#4720=EDGE_CURVE('',#3744,#3742,#1818,.T.);
#4721=EDGE_CURVE('',#3745,#3743,#1819,.T.);
#4722=EDGE_CURVE('',#3745,#3746,#1820,.T.);
#4723=EDGE_CURVE('',#3746,#3744,#1821,.T.);
#4724=EDGE_CURVE('',#3747,#3745,#1822,.T.);
#4725=EDGE_CURVE('',#3747,#3748,#1823,.T.);
#4726=EDGE_CURVE('',#3748,#3746,#1824,.T.);
#4727=EDGE_CURVE('',#3749,#3747,#1825,.T.);
#4728=EDGE_CURVE('',#3749,#3750,#1826,.T.);
#4729=EDGE_CURVE('',#3750,#3748,#1827,.T.);
#4730=EDGE_CURVE('',#3728,#3749,#1828,.T.);
#4731=EDGE_CURVE('',#3730,#3750,#1829,.T.);
#4732=EDGE_CURVE('',#3751,#3752,#92,.T.);
#4733=EDGE_CURVE('',#3751,#3753,#1830,.T.);
#4734=EDGE_CURVE('',#3753,#3754,#93,.T.);
#4735=EDGE_CURVE('',#3752,#3754,#1831,.T.);
#4736=EDGE_CURVE('',#3755,#3751,#94,.T.);
#4737=EDGE_CURVE('',#3755,#3756,#1832,.T.);
#4738=EDGE_CURVE('',#3756,#3753,#95,.T.);
#4739=EDGE_CURVE('',#3757,#3755,#96,.T.);
#4740=EDGE_CURVE('',#3757,#3758,#1833,.T.);
#4741=EDGE_CURVE('',#3758,#3756,#97,.T.);
#4742=EDGE_CURVE('',#3759,#3757,#1834,.T.);
#4743=EDGE_CURVE('',#3759,#3760,#1835,.T.);
#4744=EDGE_CURVE('',#3760,#3758,#1836,.T.);
#4745=EDGE_CURVE('',#3761,#3759,#1837,.T.);
#4746=EDGE_CURVE('',#3761,#3762,#1838,.T.);
#4747=EDGE_CURVE('',#3762,#3760,#1839,.T.);
#4748=EDGE_CURVE('',#3763,#3761,#1840,.T.);
#4749=EDGE_CURVE('',#3763,#3764,#1841,.T.);
#4750=EDGE_CURVE('',#3764,#3762,#1842,.T.);
#4751=EDGE_CURVE('',#3765,#3763,#1843,.T.);
#4752=EDGE_CURVE('',#3765,#3766,#1844,.T.);
#4753=EDGE_CURVE('',#3766,#3764,#1845,.T.);
#4754=EDGE_CURVE('',#3767,#3765,#1846,.T.);
#4755=EDGE_CURVE('',#3767,#3768,#1847,.T.);
#4756=EDGE_CURVE('',#3768,#3766,#1848,.T.);
#4757=EDGE_CURVE('',#3769,#3767,#1849,.T.);
#4758=EDGE_CURVE('',#3769,#3770,#1850,.T.);
#4759=EDGE_CURVE('',#3770,#3768,#1851,.T.);
#4760=EDGE_CURVE('',#3771,#3769,#98,.T.);
#4761=EDGE_CURVE('',#3771,#3772,#1852,.T.);
#4762=EDGE_CURVE('',#3772,#3770,#99,.T.);
#4763=EDGE_CURVE('',#3773,#3771,#100,.T.);
#4764=EDGE_CURVE('',#3773,#3774,#1853,.T.);
#4765=EDGE_CURVE('',#3774,#3772,#101,.T.);
#4766=EDGE_CURVE('',#3775,#3773,#102,.T.);
#4767=EDGE_CURVE('',#3775,#3776,#1854,.T.);
#4768=EDGE_CURVE('',#3776,#3774,#103,.T.);
#4769=EDGE_CURVE('',#3777,#3775,#104,.T.);
#4770=EDGE_CURVE('',#3777,#3778,#1855,.T.);
#4771=EDGE_CURVE('',#3778,#3776,#105,.T.);
#4772=EDGE_CURVE('',#3779,#3777,#106,.T.);
#4773=EDGE_CURVE('',#3779,#3780,#1856,.T.);
#4774=EDGE_CURVE('',#3780,#3778,#107,.T.);
#4775=EDGE_CURVE('',#3781,#3779,#108,.T.);
#4776=EDGE_CURVE('',#3781,#3782,#1857,.T.);
#4777=EDGE_CURVE('',#3782,#3780,#109,.T.);
#4778=EDGE_CURVE('',#3783,#3781,#110,.T.);
#4779=EDGE_CURVE('',#3783,#3784,#1858,.T.);
#4780=EDGE_CURVE('',#3784,#3782,#111,.T.);
#4781=EDGE_CURVE('',#3785,#3783,#1859,.T.);
#4782=EDGE_CURVE('',#3785,#3786,#1860,.T.);
#4783=EDGE_CURVE('',#3786,#3784,#1861,.T.);
#4784=EDGE_CURVE('',#3787,#3785,#1862,.T.);
#4785=EDGE_CURVE('',#3787,#3788,#1863,.T.);
#4786=EDGE_CURVE('',#3788,#3786,#1864,.T.);
#4787=EDGE_CURVE('',#3789,#3787,#112,.T.);
#4788=EDGE_CURVE('',#3789,#3790,#1865,.T.);
#4789=EDGE_CURVE('',#3790,#3788,#113,.T.);
#4790=EDGE_CURVE('',#3791,#3789,#114,.T.);
#4791=EDGE_CURVE('',#3791,#3792,#1866,.T.);
#4792=EDGE_CURVE('',#3792,#3790,#115,.T.);
#4793=EDGE_CURVE('',#3752,#3791,#116,.T.);
#4794=EDGE_CURVE('',#3754,#3792,#117,.T.);
#4795=EDGE_CURVE('',#3793,#3794,#1867,.T.);
#4796=EDGE_CURVE('',#3794,#3795,#1868,.T.);
#4797=EDGE_CURVE('',#3795,#3796,#1869,.T.);
#4798=EDGE_CURVE('',#3796,#3793,#1870,.T.);
#4799=EDGE_CURVE('',#3797,#3607,#1871,.T.);
#4800=EDGE_CURVE('',#3798,#3797,#1872,.T.);
#4801=EDGE_CURVE('',#3608,#3798,#1873,.T.);
#4802=EDGE_CURVE('',#3799,#3798,#1874,.T.);
#4803=EDGE_CURVE('',#3609,#3799,#1875,.T.);
#4804=EDGE_CURVE('',#3610,#3800,#1876,.T.);
#4805=EDGE_CURVE('',#3800,#3799,#1877,.T.);
#4806=EDGE_CURVE('',#3800,#3797,#1878,.T.);
#4807=EDGE_CURVE('',#3801,#3599,#1879,.T.);
#4808=EDGE_CURVE('',#3802,#3801,#1880,.T.);
#4809=EDGE_CURVE('',#3600,#3802,#1881,.T.);
#4810=EDGE_CURVE('',#3803,#3802,#1882,.T.);
#4811=EDGE_CURVE('',#3601,#3803,#1883,.T.);
#4812=EDGE_CURVE('',#3602,#3804,#1884,.T.);
#4813=EDGE_CURVE('',#3804,#3803,#1885,.T.);
#4814=EDGE_CURVE('',#3804,#3801,#1886,.T.);
#4815=EDGE_CURVE('',#3805,#3591,#1887,.T.);
#4816=EDGE_CURVE('',#3806,#3805,#1888,.T.);
#4817=EDGE_CURVE('',#3592,#3806,#1889,.T.);
#4818=EDGE_CURVE('',#3807,#3806,#1890,.T.);
#4819=EDGE_CURVE('',#3593,#3807,#1891,.T.);
#4820=EDGE_CURVE('',#3594,#3808,#1892,.T.);
#4821=EDGE_CURVE('',#3808,#3807,#1893,.T.);
#4822=EDGE_CURVE('',#3808,#3805,#1894,.T.);
#4823=EDGE_CURVE('',#3809,#3557,#1895,.T.);
#4824=EDGE_CURVE('',#3810,#3809,#1896,.T.);
#4825=EDGE_CURVE('',#3558,#3810,#1897,.T.);
#4826=EDGE_CURVE('',#3811,#3810,#1898,.T.);
#4827=EDGE_CURVE('',#3559,#3811,#1899,.T.);
#4828=EDGE_CURVE('',#3812,#3811,#1900,.T.);
#4829=EDGE_CURVE('',#3560,#3812,#1901,.T.);
#4830=EDGE_CURVE('',#3812,#3809,#1902,.T.);
#4831=EDGE_CURVE('',#3813,#3565,#1903,.T.);
#4832=EDGE_CURVE('',#3814,#3813,#1904,.T.);
#4833=EDGE_CURVE('',#3566,#3814,#1905,.T.);
#4834=EDGE_CURVE('',#3815,#3814,#1906,.T.);
#4835=EDGE_CURVE('',#3567,#3815,#1907,.T.);
#4836=EDGE_CURVE('',#3816,#3815,#1908,.T.);
#4837=EDGE_CURVE('',#3568,#3816,#1909,.T.);
#4838=EDGE_CURVE('',#3816,#3813,#1910,.T.);
#4839=EDGE_CURVE('',#3817,#3573,#1911,.T.);
#4840=EDGE_CURVE('',#3818,#3817,#1912,.T.);
#4841=EDGE_CURVE('',#3574,#3818,#1913,.T.);
#4842=EDGE_CURVE('',#3819,#3818,#1914,.T.);
#4843=EDGE_CURVE('',#3575,#3819,#1915,.T.);
#4844=EDGE_CURVE('',#3820,#3819,#1916,.T.);
#4845=EDGE_CURVE('',#3576,#3820,#1917,.T.);
#4846=EDGE_CURVE('',#3820,#3817,#1918,.T.);
#4847=EDGE_CURVE('',#3821,#3581,#1919,.T.);
#4848=EDGE_CURVE('',#3822,#3821,#1920,.T.);
#4849=EDGE_CURVE('',#3582,#3822,#1921,.T.);
#4850=EDGE_CURVE('',#3823,#3822,#1922,.T.);
#4851=EDGE_CURVE('',#3583,#3823,#1923,.T.);
#4852=EDGE_CURVE('',#3824,#3823,#1924,.T.);
#4853=EDGE_CURVE('',#3584,#3824,#1925,.T.);
#4854=EDGE_CURVE('',#3824,#3821,#1926,.T.);
#4855=EDGE_CURVE('',#3825,#3577,#1927,.T.);
#4856=EDGE_CURVE('',#3826,#3825,#1928,.T.);
#4857=EDGE_CURVE('',#3578,#3826,#1929,.T.);
#4858=EDGE_CURVE('',#3827,#3826,#1930,.T.);
#4859=EDGE_CURVE('',#3579,#3827,#1931,.T.);
#4860=EDGE_CURVE('',#3828,#3827,#1932,.T.);
#4861=EDGE_CURVE('',#3580,#3828,#1933,.T.);
#4862=EDGE_CURVE('',#3828,#3825,#1934,.T.);
#4863=EDGE_CURVE('',#3829,#3569,#1935,.T.);
#4864=EDGE_CURVE('',#3830,#3829,#1936,.T.);
#4865=EDGE_CURVE('',#3570,#3830,#1937,.T.);
#4866=EDGE_CURVE('',#3831,#3830,#1938,.T.);
#4867=EDGE_CURVE('',#3571,#3831,#1939,.T.);
#4868=EDGE_CURVE('',#3832,#3831,#1940,.T.);
#4869=EDGE_CURVE('',#3572,#3832,#1941,.T.);
#4870=EDGE_CURVE('',#3832,#3829,#1942,.T.);
#4871=EDGE_CURVE('',#3833,#3561,#1943,.T.);
#4872=EDGE_CURVE('',#3834,#3833,#1944,.T.);
#4873=EDGE_CURVE('',#3562,#3834,#1945,.T.);
#4874=EDGE_CURVE('',#3835,#3834,#1946,.T.);
#4875=EDGE_CURVE('',#3563,#3835,#1947,.T.);
#4876=EDGE_CURVE('',#3836,#3835,#1948,.T.);
#4877=EDGE_CURVE('',#3564,#3836,#1949,.T.);
#4878=EDGE_CURVE('',#3836,#3833,#1950,.T.);
#4879=EDGE_CURVE('',#3837,#3587,#1951,.T.);
#4880=EDGE_CURVE('',#3838,#3837,#1952,.T.);
#4881=EDGE_CURVE('',#3588,#3838,#1953,.T.);
#4882=EDGE_CURVE('',#3839,#3838,#1954,.T.);
#4883=EDGE_CURVE('',#3589,#3839,#1955,.T.);
#4884=EDGE_CURVE('',#3590,#3840,#1956,.T.);
#4885=EDGE_CURVE('',#3840,#3839,#1957,.T.);
#4886=EDGE_CURVE('',#3840,#3837,#1958,.T.);
#4887=EDGE_CURVE('',#3841,#3595,#1959,.T.);
#4888=EDGE_CURVE('',#3842,#3841,#1960,.T.);
#4889=EDGE_CURVE('',#3596,#3842,#1961,.T.);
#4890=EDGE_CURVE('',#3843,#3842,#1962,.T.);
#4891=EDGE_CURVE('',#3597,#3843,#1963,.T.);
#4892=EDGE_CURVE('',#3598,#3844,#1964,.T.);
#4893=EDGE_CURVE('',#3844,#3843,#1965,.T.);
#4894=EDGE_CURVE('',#3844,#3841,#1966,.T.);
#4895=EDGE_CURVE('',#3845,#3603,#1967,.T.);
#4896=EDGE_CURVE('',#3846,#3845,#1968,.T.);
#4897=EDGE_CURVE('',#3604,#3846,#1969,.T.);
#4898=EDGE_CURVE('',#3847,#3846,#1970,.T.);
#4899=EDGE_CURVE('',#3605,#3847,#1971,.T.);
#4900=EDGE_CURVE('',#3606,#3848,#1972,.T.);
#4901=EDGE_CURVE('',#3848,#3847,#1973,.T.);
#4902=EDGE_CURVE('',#3848,#3845,#1974,.T.);
#4903=EDGE_CURVE('',#3849,#3551,#1975,.T.);
#4904=EDGE_CURVE('',#3850,#3849,#1976,.T.);
#4905=EDGE_CURVE('',#3552,#3850,#1977,.T.);
#4906=EDGE_CURVE('',#3851,#3850,#1978,.T.);
#4907=EDGE_CURVE('',#3553,#3851,#1979,.T.);
#4908=EDGE_CURVE('',#3554,#3852,#1980,.T.);
#4909=EDGE_CURVE('',#3852,#3851,#1981,.T.);
#4910=EDGE_CURVE('',#3852,#3849,#1982,.T.);
#4911=EDGE_CURVE('',#3586,#3793,#1983,.T.);
#4912=EDGE_CURVE('',#3555,#3796,#1984,.T.);
#4913=EDGE_CURVE('',#3556,#3795,#1985,.T.);
#4914=EDGE_CURVE('',#3585,#3794,#1986,.T.);
#4915=EDGE_CURVE('',#3853,#3854,#1987,.T.);
#4916=EDGE_CURVE('',#3854,#3855,#1988,.T.);
#4917=EDGE_CURVE('',#3856,#3855,#1989,.T.);
#4918=EDGE_CURVE('',#3856,#3857,#1990,.T.);
#4919=EDGE_CURVE('',#3857,#3858,#1991,.T.);
#4920=EDGE_CURVE('',#3858,#3859,#1992,.T.);
#4921=EDGE_CURVE('',#3860,#3859,#1993,.T.);
#4922=EDGE_CURVE('',#3861,#3860,#1994,.T.);
#4923=EDGE_CURVE('',#3862,#3861,#1995,.T.);
#4924=EDGE_CURVE('',#3863,#3862,#1996,.T.);
#4925=EDGE_CURVE('',#3864,#3863,#1997,.T.);
#4926=EDGE_CURVE('',#3864,#3865,#1998,.T.);
#4927=EDGE_CURVE('',#3865,#3866,#1999,.T.);
#4928=EDGE_CURVE('',#3866,#3867,#2000,.T.);
#4929=EDGE_CURVE('',#3868,#3867,#2001,.T.);
#4930=EDGE_CURVE('',#3868,#3869,#2002,.T.);
#4931=EDGE_CURVE('',#3869,#3870,#2003,.T.);
#4932=EDGE_CURVE('',#3870,#3871,#2004,.T.);
#4933=EDGE_CURVE('',#3871,#3872,#2005,.T.);
#4934=EDGE_CURVE('',#3872,#3853,#2006,.T.);
#4935=EDGE_CURVE('',#3873,#3874,#3456,.T.);
#4936=EDGE_CURVE('',#3874,#3875,#2007,.T.);
#4937=EDGE_CURVE('',#3875,#3876,#3457,.T.);
#4938=EDGE_CURVE('',#3876,#3873,#2008,.T.);
#4939=EDGE_CURVE('',#3873,#3863,#2009,.T.);
#4940=EDGE_CURVE('',#3877,#3862,#2010,.T.);
#4941=EDGE_CURVE('',#3877,#3878,#2011,.T.);
#4942=EDGE_CURVE('',#3878,#3879,#2012,.T.);
#4943=EDGE_CURVE('',#3879,#3880,#2013,.T.);
#4944=EDGE_CURVE('',#3881,#3880,#2014,.T.);
#4945=EDGE_CURVE('',#3874,#3881,#2015,.T.);
#4946=EDGE_CURVE('',#3876,#3882,#2016,.T.);
#4947=EDGE_CURVE('',#3883,#3882,#2017,.T.);
#4948=EDGE_CURVE('',#3883,#3884,#2018,.T.);
#4949=EDGE_CURVE('',#3884,#3885,#2019,.T.);
#4950=EDGE_CURVE('',#3885,#3868,#2020,.T.);
#4951=EDGE_CURVE('',#3867,#3886,#2021,.T.);
#4952=EDGE_CURVE('',#3886,#3887,#2022,.T.);
#4953=EDGE_CURVE('',#3887,#3864,#2023,.T.);
#4954=EDGE_CURVE('',#3882,#3888,#3458,.T.);
#4955=EDGE_CURVE('',#3888,#3889,#2024,.T.);
#4956=EDGE_CURVE('',#3889,#3883,#31,.T.);
#4957=EDGE_CURVE('',#3889,#3890,#2025,.T.);
#4958=EDGE_CURVE('',#3890,#3891,#3459,.T.);
#4959=EDGE_CURVE('',#3891,#3883,#2026,.T.);
#4960=EDGE_CURVE('',#3892,#3893,#3460,.T.);
#4961=EDGE_CURVE('',#3893,#3891,#3461,.T.);
#4962=EDGE_CURVE('',#3890,#3892,#3462,.T.);
#4963=EDGE_CURVE('',#3894,#3895,#3463,.F.);
#4964=EDGE_CURVE('',#3895,#3893,#2027,.T.);
#4965=EDGE_CURVE('',#3892,#3894,#2028,.T.);
#4966=EDGE_CURVE('',#3882,#3896,#2029,.T.);
#4967=EDGE_CURVE('',#3897,#3896,#2030,.T.);
#4968=EDGE_CURVE('',#3888,#3897,#2031,.T.);
#4969=EDGE_CURVE('',#3898,#3895,#2032,.T.);
#4970=EDGE_CURVE('',#3871,#3898,#2033,.T.);
#4971=EDGE_CURVE('',#3870,#3899,#2034,.T.);
#4972=EDGE_CURVE('',#3884,#3899,#2035,.T.);
#4973=EDGE_CURVE('',#3900,#3901,#3464,.T.);
#4974=EDGE_CURVE('',#3901,#3902,#2036,.T.);
#4975=EDGE_CURVE('',#3902,#3903,#3465,.T.);
#4976=EDGE_CURVE('',#3903,#3900,#2037,.T.);
#4977=EDGE_CURVE('',#3902,#3904,#2038,.T.);
#4978=EDGE_CURVE('',#3905,#3904,#2039,.T.);
#4979=EDGE_CURVE('',#3903,#3905,#2040,.T.);
#4980=EDGE_CURVE('',#3901,#3860,#2041,.T.);
#4981=EDGE_CURVE('',#3859,#3906,#2042,.T.);
#4982=EDGE_CURVE('',#3906,#3907,#2043,.T.);
#4983=EDGE_CURVE('',#3907,#3856,#2044,.T.);
#4984=EDGE_CURVE('',#3855,#3908,#2045,.T.);
#4985=EDGE_CURVE('',#3909,#3908,#2046,.T.);
#4986=EDGE_CURVE('',#3909,#3902,#2047,.T.);
#4987=EDGE_CURVE('',#3908,#3910,#3466,.T.);
#4988=EDGE_CURVE('',#3910,#3911,#2048,.T.);
#4989=EDGE_CURVE('',#3911,#3909,#3467,.T.);
#4990=EDGE_CURVE('',#3912,#3911,#2049,.T.);
#4991=EDGE_CURVE('',#3912,#3913,#2050,.T.);
#4992=EDGE_CURVE('',#3913,#3909,#2051,.T.);
#4993=EDGE_CURVE('',#3890,#3914,#2052,.T.);
#4994=EDGE_CURVE('',#3914,#3915,#3468,.F.);
#4995=EDGE_CURVE('',#3915,#3892,#2053,.T.);
#4996=EDGE_CURVE('',#3915,#3854,#2054,.T.);
#4997=EDGE_CURVE('',#3853,#3916,#2055,.T.);
#4998=EDGE_CURVE('',#3916,#3894,#2056,.T.);
#4999=EDGE_CURVE('',#3917,#3887,#2057,.T.);
#5000=EDGE_CURVE('',#3865,#3917,#2058,.T.);
#5001=EDGE_CURVE('',#3918,#3917,#2059,.T.);
#5002=EDGE_CURVE('',#3866,#3918,#2060,.T.);
#5003=EDGE_CURVE('',#3886,#3918,#2061,.T.);
#5004=EDGE_CURVE('',#3919,#3885,#2062,.T.);
#5005=EDGE_CURVE('',#3869,#3919,#2063,.T.);
#5006=EDGE_CURVE('',#3899,#3919,#2064,.T.);
#5007=EDGE_CURVE('',#3920,#3907,#2065,.T.);
#5008=EDGE_CURVE('',#3857,#3920,#2066,.T.);
#5009=EDGE_CURVE('',#3921,#3920,#2067,.T.);
#5010=EDGE_CURVE('',#3858,#3921,#2068,.T.);
#5011=EDGE_CURVE('',#3906,#3921,#2069,.T.);
#5012=EDGE_CURVE('',#3922,#3898,#2070,.T.);
#5013=EDGE_CURVE('',#3872,#3922,#2071,.T.);
#5014=EDGE_CURVE('',#3916,#3922,#2072,.T.);
#5015=EDGE_CURVE('',#3910,#3914,#2073,.T.);
#5016=EDGE_CURVE('',#3923,#3912,#2074,.T.);
#5017=EDGE_CURVE('',#3923,#3924,#2075,.T.);
#5018=EDGE_CURVE('',#3924,#3913,#2076,.T.);
#5019=EDGE_CURVE('',#3925,#3923,#2077,.T.);
#5020=EDGE_CURVE('',#3925,#3926,#2078,.T.);
#5021=EDGE_CURVE('',#3926,#3924,#2079,.T.);
#5022=EDGE_CURVE('',#3927,#3925,#2080,.T.);
#5023=EDGE_CURVE('',#3927,#3928,#2081,.T.);
#5024=EDGE_CURVE('',#3928,#3926,#2082,.T.);
#5025=EDGE_CURVE('',#3929,#3927,#2083,.T.);
#5026=EDGE_CURVE('',#3929,#3930,#2084,.T.);
#5027=EDGE_CURVE('',#3930,#3928,#2085,.T.);
#5028=EDGE_CURVE('',#3931,#3929,#2086,.T.);
#5029=EDGE_CURVE('',#3931,#3932,#2087,.T.);
#5030=EDGE_CURVE('',#3932,#3930,#2088,.T.);
#5031=EDGE_CURVE('',#3933,#3931,#2089,.T.);
#5032=EDGE_CURVE('',#3933,#3934,#2090,.T.);
#5033=EDGE_CURVE('',#3934,#3932,#2091,.T.);
#5034=EDGE_CURVE('',#3935,#3933,#2092,.T.);
#5035=EDGE_CURVE('',#3935,#3936,#2093,.T.);
#5036=EDGE_CURVE('',#3936,#3934,#2094,.T.);
#5037=EDGE_CURVE('',#3937,#3935,#2095,.T.);
#5038=EDGE_CURVE('',#3937,#3938,#2096,.T.);
#5039=EDGE_CURVE('',#3938,#3936,#2097,.T.);
#5040=EDGE_CURVE('',#3905,#3937,#2098,.T.);
#5041=EDGE_CURVE('',#3904,#3938,#2099,.T.);
#5042=EDGE_CURVE('',#3939,#3940,#2100,.T.);
#5043=EDGE_CURVE('',#3896,#3939,#2101,.T.);
#5044=EDGE_CURVE('',#3941,#3876,#2102,.T.);
#5045=EDGE_CURVE('',#3940,#3941,#2103,.T.);
#5046=EDGE_CURVE('',#3942,#3875,#2104,.T.);
#5047=EDGE_CURVE('',#3942,#3943,#2105,.T.);
#5048=EDGE_CURVE('',#3944,#3943,#2106,.T.);
#5049=EDGE_CURVE('',#3941,#3944,#2107,.T.);
#5050=EDGE_CURVE('',#3945,#3939,#2108,.T.);
#5051=EDGE_CURVE('',#3943,#3945,#2109,.T.);
#5052=EDGE_CURVE('',#3897,#3942,#2110,.T.);
#5053=EDGE_CURVE('',#3946,#3940,#2111,.T.);
#5054=EDGE_CURVE('',#3947,#3946,#2112,.T.);
#5055=EDGE_CURVE('',#3948,#3947,#2113,.T.);
#5056=EDGE_CURVE('',#3945,#3948,#2114,.T.);
#5057=EDGE_CURVE('',#3879,#3944,#2115,.T.);
#5058=EDGE_CURVE('',#3878,#3946,#2116,.T.);
#5059=EDGE_CURVE('',#3949,#3877,#2117,.T.);
#5060=EDGE_CURVE('',#3950,#3949,#2118,.T.);
#5061=EDGE_CURVE('',#3950,#3947,#2119,.T.);
#5062=EDGE_CURVE('',#3951,#3950,#2120,.T.);
#5063=EDGE_CURVE('',#3951,#3948,#2121,.T.);
#5064=EDGE_CURVE('',#3952,#3951,#2122,.T.);
#5065=EDGE_CURVE('',#3880,#3952,#2123,.T.);
#5066=EDGE_CURVE('',#3953,#3952,#2124,.T.);
#5067=EDGE_CURVE('',#3881,#3953,#2125,.T.);
#5068=EDGE_CURVE('',#3949,#3861,#2126,.T.);
#5069=EDGE_CURVE('',#3953,#3900,#2127,.T.);
#5070=EDGE_CURVE('',#3954,#3955,#2128,.T.);
#5071=EDGE_CURVE('',#3955,#3956,#2129,.T.);
#5072=EDGE_CURVE('',#3956,#3957,#2130,.T.);
#5073=EDGE_CURVE('',#3957,#3958,#2131,.T.);
#5074=EDGE_CURVE('',#3958,#3959,#2132,.T.);
#5075=EDGE_CURVE('',#3959,#3960,#2133,.T.);
#5076=EDGE_CURVE('',#3960,#3961,#2134,.T.);
#5077=EDGE_CURVE('',#3961,#3962,#2135,.T.);
#5078=EDGE_CURVE('',#3962,#3963,#2136,.T.);
#5079=EDGE_CURVE('',#3963,#3964,#2137,.T.);
#5080=EDGE_CURVE('',#3964,#3954,#2138,.T.);
#5081=EDGE_CURVE('',#3965,#3966,#2139,.T.);
#5082=EDGE_CURVE('',#3966,#3967,#2140,.T.);
#5083=EDGE_CURVE('',#3967,#3965,#2141,.T.);
#5084=EDGE_CURVE('',#3968,#3969,#118,.F.);
#5085=EDGE_CURVE('',#3969,#3970,#2142,.T.);
#5086=EDGE_CURVE('',#3970,#3971,#119,.F.);
#5087=EDGE_CURVE('',#3971,#3972,#120,.F.);
#5088=EDGE_CURVE('',#3972,#3973,#121,.F.);
#5089=EDGE_CURVE('',#3973,#3974,#122,.F.);
#5090=EDGE_CURVE('',#3974,#3975,#123,.F.);
#5091=EDGE_CURVE('',#3975,#3976,#124,.T.);
#5092=EDGE_CURVE('',#3976,#3977,#125,.F.);
#5093=EDGE_CURVE('',#3977,#3978,#2143,.T.);
#5094=EDGE_CURVE('',#3978,#3979,#2144,.T.);
#5095=EDGE_CURVE('',#3979,#3980,#2145,.T.);
#5096=EDGE_CURVE('',#3980,#3981,#2146,.T.);
#5097=EDGE_CURVE('',#3981,#3982,#126,.F.);
#5098=EDGE_CURVE('',#3982,#3983,#2147,.T.);
#5099=EDGE_CURVE('',#3983,#3984,#127,.F.);
#5100=EDGE_CURVE('',#3984,#3985,#128,.F.);
#5101=EDGE_CURVE('',#3985,#3986,#129,.F.);
#5102=EDGE_CURVE('',#3986,#3987,#130,.F.);
#5103=EDGE_CURVE('',#3987,#3968,#131,.F.);
#5104=EDGE_CURVE('',#3988,#3989,#132,.F.);
#5105=EDGE_CURVE('',#3989,#3990,#133,.F.);
#5106=EDGE_CURVE('',#3990,#3991,#134,.F.);
#5107=EDGE_CURVE('',#3991,#3992,#135,.F.);
#5108=EDGE_CURVE('',#3992,#3993,#136,.F.);
#5109=EDGE_CURVE('',#3993,#3994,#137,.F.);
#5110=EDGE_CURVE('',#3994,#3995,#138,.F.);
#5111=EDGE_CURVE('',#3995,#3996,#139,.F.);
#5112=EDGE_CURVE('',#3996,#3997,#140,.F.);
#5113=EDGE_CURVE('',#3997,#3998,#2148,.T.);
#5114=EDGE_CURVE('',#3998,#3999,#141,.F.);
#5115=EDGE_CURVE('',#3999,#4000,#142,.F.);
#5116=EDGE_CURVE('',#4000,#4001,#143,.F.);
#5117=EDGE_CURVE('',#4001,#4002,#144,.F.);
#5118=EDGE_CURVE('',#4002,#4003,#145,.F.);
#5119=EDGE_CURVE('',#4003,#4004,#146,.F.);
#5120=EDGE_CURVE('',#4004,#3988,#147,.F.);
#5121=EDGE_CURVE('',#4005,#4006,#148,.F.);
#5122=EDGE_CURVE('',#4006,#4007,#149,.F.);
#5123=EDGE_CURVE('',#4007,#4008,#150,.F.);
#5124=EDGE_CURVE('',#4008,#4009,#151,.F.);
#5125=EDGE_CURVE('',#4009,#4010,#152,.F.);
#5126=EDGE_CURVE('',#4010,#4011,#153,.F.);
#5127=EDGE_CURVE('',#4011,#4012,#154,.F.);
#5128=EDGE_CURVE('',#4012,#4005,#155,.F.);
#5129=EDGE_CURVE('',#4013,#4014,#156,.F.);
#5130=EDGE_CURVE('',#4014,#4015,#2149,.T.);
#5131=EDGE_CURVE('',#4015,#4016,#157,.F.);
#5132=EDGE_CURVE('',#4016,#4017,#158,.F.);
#5133=EDGE_CURVE('',#4017,#4018,#159,.F.);
#5134=EDGE_CURVE('',#4018,#4019,#160,.F.);
#5135=EDGE_CURVE('',#4019,#4020,#2150,.T.);
#5136=EDGE_CURVE('',#4020,#4021,#161,.F.);
#5137=EDGE_CURVE('',#4021,#4022,#162,.F.);
#5138=EDGE_CURVE('',#4022,#4013,#163,.F.);
#5139=EDGE_CURVE('',#4023,#4024,#164,.F.);
#5140=EDGE_CURVE('',#4024,#4025,#165,.F.);
#5141=EDGE_CURVE('',#4025,#4026,#166,.F.);
#5142=EDGE_CURVE('',#4026,#4027,#2151,.T.);
#5143=EDGE_CURVE('',#4027,#4028,#167,.F.);
#5144=EDGE_CURVE('',#4028,#4029,#168,.F.);
#5145=EDGE_CURVE('',#4029,#4030,#169,.F.);
#5146=EDGE_CURVE('',#4030,#4031,#170,.F.);
#5147=EDGE_CURVE('',#4031,#4032,#2152,.T.);
#5148=EDGE_CURVE('',#4032,#4023,#171,.F.);
#5149=EDGE_CURVE('',#4033,#4034,#172,.F.);
#5150=EDGE_CURVE('',#4034,#4035,#2153,.T.);
#5151=EDGE_CURVE('',#4035,#4036,#173,.F.);
#5152=EDGE_CURVE('',#4036,#4037,#174,.F.);
#5153=EDGE_CURVE('',#4037,#4038,#175,.F.);
#5154=EDGE_CURVE('',#4038,#4039,#176,.F.);
#5155=EDGE_CURVE('',#4039,#4040,#177,.F.);
#5156=EDGE_CURVE('',#4040,#4041,#178,.F.);
#5157=EDGE_CURVE('',#4041,#4042,#2154,.T.);
#5158=EDGE_CURVE('',#4042,#4043,#2155,.T.);
#5159=EDGE_CURVE('',#4043,#4044,#2156,.T.);
#5160=EDGE_CURVE('',#4044,#4045,#179,.F.);
#5161=EDGE_CURVE('',#4045,#4046,#180,.F.);
#5162=EDGE_CURVE('',#4046,#4047,#181,.F.);
#5163=EDGE_CURVE('',#4047,#4048,#182,.F.);
#5164=EDGE_CURVE('',#4048,#4049,#183,.F.);
#5165=EDGE_CURVE('',#4049,#4050,#184,.F.);
#5166=EDGE_CURVE('',#4050,#4051,#2157,.T.);
#5167=EDGE_CURVE('',#4051,#4052,#2158,.T.);
#5168=EDGE_CURVE('',#4052,#4053,#2159,.T.);
#5169=EDGE_CURVE('',#4053,#4054,#185,.F.);
#5170=EDGE_CURVE('',#4054,#4055,#186,.F.);
#5171=EDGE_CURVE('',#4055,#4056,#187,.F.);
#5172=EDGE_CURVE('',#4056,#4057,#188,.F.);
#5173=EDGE_CURVE('',#4057,#4058,#189,.F.);
#5174=EDGE_CURVE('',#4058,#4059,#190,.F.);
#5175=EDGE_CURVE('',#4059,#4060,#191,.F.);
#5176=EDGE_CURVE('',#4060,#4061,#192,.F.);
#5177=EDGE_CURVE('',#4061,#4062,#193,.F.);
#5178=EDGE_CURVE('',#4062,#4063,#194,.F.);
#5179=EDGE_CURVE('',#4063,#4033,#195,.F.);
#5180=EDGE_CURVE('',#4064,#4065,#2160,.T.);
#5181=EDGE_CURVE('',#4065,#4066,#2161,.T.);
#5182=EDGE_CURVE('',#4066,#4067,#2162,.T.);
#5183=EDGE_CURVE('',#4067,#4064,#2163,.T.);
#5184=EDGE_CURVE('',#4068,#4069,#196,.F.);
#5185=EDGE_CURVE('',#4069,#4070,#2164,.T.);
#5186=EDGE_CURVE('',#4070,#4071,#197,.F.);
#5187=EDGE_CURVE('',#4071,#4072,#198,.F.);
#5188=EDGE_CURVE('',#4072,#4073,#199,.F.);
#5189=EDGE_CURVE('',#4073,#4074,#200,.F.);
#5190=EDGE_CURVE('',#4074,#4075,#201,.F.);
#5191=EDGE_CURVE('',#4075,#4076,#202,.F.);
#5192=EDGE_CURVE('',#4076,#4077,#2165,.T.);
#5193=EDGE_CURVE('',#4077,#4078,#2166,.T.);
#5194=EDGE_CURVE('',#4078,#4079,#2167,.T.);
#5195=EDGE_CURVE('',#4079,#4080,#203,.F.);
#5196=EDGE_CURVE('',#4080,#4081,#204,.F.);
#5197=EDGE_CURVE('',#4081,#4082,#205,.F.);
#5198=EDGE_CURVE('',#4082,#4083,#206,.F.);
#5199=EDGE_CURVE('',#4083,#4084,#207,.F.);
#5200=EDGE_CURVE('',#4084,#4085,#208,.F.);
#5201=EDGE_CURVE('',#4085,#4086,#2168,.T.);
#5202=EDGE_CURVE('',#4086,#4087,#2169,.T.);
#5203=EDGE_CURVE('',#4087,#4088,#2170,.T.);
#5204=EDGE_CURVE('',#4088,#4089,#209,.F.);
#5205=EDGE_CURVE('',#4089,#4090,#210,.F.);
#5206=EDGE_CURVE('',#4090,#4091,#211,.F.);
#5207=EDGE_CURVE('',#4091,#4092,#212,.F.);
#5208=EDGE_CURVE('',#4092,#4093,#213,.F.);
#5209=EDGE_CURVE('',#4093,#4094,#214,.F.);
#5210=EDGE_CURVE('',#4094,#4095,#215,.F.);
#5211=EDGE_CURVE('',#4095,#4096,#216,.F.);
#5212=EDGE_CURVE('',#4096,#4097,#217,.F.);
#5213=EDGE_CURVE('',#4097,#4098,#218,.F.);
#5214=EDGE_CURVE('',#4098,#4068,#219,.F.);
#5215=EDGE_CURVE('',#4099,#4100,#2171,.T.);
#5216=EDGE_CURVE('',#4100,#4101,#2172,.T.);
#5217=EDGE_CURVE('',#4101,#4102,#2173,.T.);
#5218=EDGE_CURVE('',#4102,#4103,#2174,.T.);
#5219=EDGE_CURVE('',#4103,#4104,#2175,.T.);
#5220=EDGE_CURVE('',#4104,#4105,#2176,.T.);
#5221=EDGE_CURVE('',#4105,#4099,#2177,.T.);
#5222=EDGE_CURVE('',#4106,#4107,#220,.F.);
#5223=EDGE_CURVE('',#4107,#4108,#221,.F.);
#5224=EDGE_CURVE('',#4108,#4109,#2178,.T.);
#5225=EDGE_CURVE('',#4109,#4110,#2179,.T.);
#5226=EDGE_CURVE('',#4110,#4111,#2180,.T.);
#5227=EDGE_CURVE('',#4111,#4112,#2181,.T.);
#5228=EDGE_CURVE('',#4112,#4113,#2182,.T.);
#5229=EDGE_CURVE('',#4113,#4114,#2183,.T.);
#5230=EDGE_CURVE('',#4114,#4106,#2184,.T.);
#5231=EDGE_CURVE('',#4115,#4116,#222,.F.);
#5232=EDGE_CURVE('',#4116,#4117,#223,.F.);
#5233=EDGE_CURVE('',#4117,#4118,#2185,.T.);
#5234=EDGE_CURVE('',#4118,#4119,#2186,.T.);
#5235=EDGE_CURVE('',#4119,#4120,#2187,.T.);
#5236=EDGE_CURVE('',#4120,#4121,#2188,.T.);
#5237=EDGE_CURVE('',#4121,#4122,#2189,.T.);
#5238=EDGE_CURVE('',#4122,#4123,#2190,.T.);
#5239=EDGE_CURVE('',#4123,#4115,#2191,.T.);
#5240=EDGE_CURVE('',#4124,#4125,#224,.F.);
#5241=EDGE_CURVE('',#4125,#4126,#225,.F.);
#5242=EDGE_CURVE('',#4126,#4127,#2192,.T.);
#5243=EDGE_CURVE('',#4127,#4128,#2193,.T.);
#5244=EDGE_CURVE('',#4128,#4129,#2194,.T.);
#5245=EDGE_CURVE('',#4129,#4130,#2195,.T.);
#5246=EDGE_CURVE('',#4130,#4131,#2196,.T.);
#5247=EDGE_CURVE('',#4131,#4132,#2197,.T.);
#5248=EDGE_CURVE('',#4132,#4124,#2198,.T.);
#5249=EDGE_CURVE('',#4133,#4134,#226,.F.);
#5250=EDGE_CURVE('',#4134,#4135,#227,.F.);
#5251=EDGE_CURVE('',#4135,#4136,#228,.F.);
#5252=EDGE_CURVE('',#4136,#4137,#229,.T.);
#5253=EDGE_CURVE('',#4137,#4138,#230,.T.);
#5254=EDGE_CURVE('',#4138,#4139,#231,.F.);
#5255=EDGE_CURVE('',#4139,#4140,#232,.F.);
#5256=EDGE_CURVE('',#4140,#4141,#233,.F.);
#5257=EDGE_CURVE('',#4141,#4142,#234,.F.);
#5258=EDGE_CURVE('',#4142,#4143,#235,.F.);
#5259=EDGE_CURVE('',#4143,#4144,#236,.F.);
#5260=EDGE_CURVE('',#4144,#4145,#2199,.T.);
#5261=EDGE_CURVE('',#4145,#4146,#237,.F.);
#5262=EDGE_CURVE('',#4146,#4147,#238,.F.);
#5263=EDGE_CURVE('',#4147,#4148,#239,.F.);
#5264=EDGE_CURVE('',#4148,#4149,#240,.F.);
#5265=EDGE_CURVE('',#4149,#4150,#241,.F.);
#5266=EDGE_CURVE('',#4150,#4151,#242,.F.);
#5267=EDGE_CURVE('',#4151,#4152,#243,.T.);
#5268=EDGE_CURVE('',#4152,#4153,#244,.F.);
#5269=EDGE_CURVE('',#4153,#4154,#245,.F.);
#5270=EDGE_CURVE('',#4154,#4155,#246,.F.);
#5271=EDGE_CURVE('',#4155,#4156,#247,.F.);
#5272=EDGE_CURVE('',#4156,#4157,#248,.F.);
#5273=EDGE_CURVE('',#4157,#4158,#249,.F.);
#5274=EDGE_CURVE('',#4158,#4159,#2200,.T.);
#5275=EDGE_CURVE('',#4159,#4160,#250,.F.);
#5276=EDGE_CURVE('',#4160,#4161,#251,.F.);
#5277=EDGE_CURVE('',#4161,#4133,#252,.F.);
#5278=EDGE_CURVE('',#4162,#4163,#2201,.T.);
#5279=EDGE_CURVE('',#4163,#4164,#2202,.T.);
#5280=EDGE_CURVE('',#4164,#4165,#2203,.T.);
#5281=EDGE_CURVE('',#4165,#4166,#2204,.T.);
#5282=EDGE_CURVE('',#4166,#4167,#2205,.T.);
#5283=EDGE_CURVE('',#4167,#4168,#2206,.T.);
#5284=EDGE_CURVE('',#4168,#4169,#2207,.T.);
#5285=EDGE_CURVE('',#4169,#4170,#2208,.T.);
#5286=EDGE_CURVE('',#4170,#4171,#2209,.T.);
#5287=EDGE_CURVE('',#4171,#4172,#2210,.T.);
#5288=EDGE_CURVE('',#4172,#4173,#2211,.T.);
#5289=EDGE_CURVE('',#4173,#4174,#2212,.T.);
#5290=EDGE_CURVE('',#4174,#4162,#2213,.T.);
#5291=EDGE_CURVE('',#4175,#4176,#2214,.T.);
#5292=EDGE_CURVE('',#4176,#4177,#2215,.T.);
#5293=EDGE_CURVE('',#4177,#4178,#2216,.T.);
#5294=EDGE_CURVE('',#4178,#4179,#2217,.T.);
#5295=EDGE_CURVE('',#4179,#4180,#2218,.T.);
#5296=EDGE_CURVE('',#4180,#4181,#2219,.T.);
#5297=EDGE_CURVE('',#4181,#4182,#2220,.T.);
#5298=EDGE_CURVE('',#4182,#4175,#2221,.T.);
#5299=EDGE_CURVE('',#4183,#4184,#2222,.T.);
#5300=EDGE_CURVE('',#4184,#4185,#2223,.T.);
#5301=EDGE_CURVE('',#4185,#4183,#2224,.T.);
#5302=EDGE_CURVE('',#4186,#4187,#2225,.T.);
#5303=EDGE_CURVE('',#4186,#4188,#2226,.F.);
#5304=EDGE_CURVE('',#4188,#4189,#2227,.T.);
#5305=EDGE_CURVE('',#4189,#4190,#2228,.T.);
#5306=EDGE_CURVE('',#4191,#4190,#2229,.T.);
#5307=EDGE_CURVE('',#4191,#4192,#2230,.T.);
#5308=EDGE_CURVE('',#4192,#4193,#2231,.T.);
#5309=EDGE_CURVE('',#4193,#4194,#2232,.T.);
#5310=EDGE_CURVE('',#4194,#4195,#2233,.T.);
#5311=EDGE_CURVE('',#4196,#4195,#2234,.T.);
#5312=EDGE_CURVE('',#4197,#4196,#2235,.T.);
#5313=EDGE_CURVE('',#4197,#4198,#2236,.T.);
#5314=EDGE_CURVE('',#4198,#4199,#2237,.T.);
#5315=EDGE_CURVE('',#4200,#4199,#2238,.T.);
#5316=EDGE_CURVE('',#4201,#4200,#2239,.T.);
#5317=EDGE_CURVE('',#4201,#4187,#2240,.T.);
#5318=EDGE_CURVE('',#4202,#4203,#2241,.T.);
#5319=EDGE_CURVE('',#4202,#4204,#2242,.F.);
#5320=EDGE_CURVE('',#4204,#4205,#2243,.T.);
#5321=EDGE_CURVE('',#4205,#4206,#2244,.T.);
#5322=EDGE_CURVE('',#4207,#4206,#2245,.T.);
#5323=EDGE_CURVE('',#4207,#4208,#2246,.T.);
#5324=EDGE_CURVE('',#4208,#4209,#2247,.T.);
#5325=EDGE_CURVE('',#4209,#4203,#2248,.T.);
#5326=EDGE_CURVE('',#4204,#4186,#2249,.F.);
#5327=EDGE_CURVE('',#4187,#4205,#2250,.T.);
#5328=EDGE_CURVE('',#4188,#4202,#2251,.F.);
#5329=EDGE_CURVE('',#4203,#4189,#2252,.T.);
#5330=EDGE_CURVE('',#4210,#4211,#2253,.F.);
#5331=EDGE_CURVE('',#4211,#4212,#2254,.F.);
#5332=EDGE_CURVE('',#4212,#4213,#2255,.F.);
#5333=EDGE_CURVE('',#4213,#4210,#2256,.F.);
#5334=EDGE_CURVE('',#4214,#4187,#2257,.T.);
#5335=EDGE_CURVE('',#4214,#4215,#2258,.T.);
#5336=EDGE_CURVE('',#4215,#4205,#2259,.T.);
#5337=EDGE_CURVE('',#4216,#4189,#2260,.T.);
#5338=EDGE_CURVE('',#4216,#4214,#2261,.T.);
#5339=EDGE_CURVE('',#4201,#4198,#2262,.T.);
#5340=EDGE_CURVE('',#4197,#4194,#2263,.T.);
#5341=EDGE_CURVE('',#4190,#4193,#2264,.T.);
#5342=EDGE_CURVE('',#4217,#4203,#2265,.T.);
#5343=EDGE_CURVE('',#4217,#4216,#2266,.T.);
#5344=EDGE_CURVE('',#4215,#4217,#2267,.T.);
#5345=EDGE_CURVE('',#4206,#4209,#2268,.T.);
#5346=EDGE_CURVE('',#4218,#4219,#2269,.F.);
#5347=EDGE_CURVE('',#4219,#4220,#2270,.F.);
#5348=EDGE_CURVE('',#4220,#4221,#2271,.F.);
#5349=EDGE_CURVE('',#4221,#4218,#2272,.F.);
#5350=EDGE_CURVE('',#4222,#4223,#2273,.T.);
#5351=EDGE_CURVE('',#4222,#4224,#2274,.T.);
#5352=EDGE_CURVE('',#4224,#4225,#2275,.T.);
#5353=EDGE_CURVE('',#4225,#4223,#2276,.F.);
#5354=EDGE_CURVE('',#4226,#4227,#2277,.T.);
#5355=EDGE_CURVE('',#4226,#4228,#2278,.T.);
#5356=EDGE_CURVE('',#4228,#4229,#2279,.T.);
#5357=EDGE_CURVE('',#4227,#4229,#2280,.T.);
#5358=EDGE_CURVE('',#4229,#4230,#2281,.T.);
#5359=EDGE_CURVE('',#4231,#4230,#2282,.T.);
#5360=EDGE_CURVE('',#4227,#4231,#2283,.T.);
#5361=EDGE_CURVE('',#4230,#4232,#2284,.T.);
#5362=EDGE_CURVE('',#4232,#4233,#2285,.F.);
#5363=EDGE_CURVE('',#4231,#4233,#2286,.T.);
#5364=EDGE_CURVE('',#4234,#4235,#2287,.T.);
#5365=EDGE_CURVE('',#4234,#4236,#2288,.T.);
#5366=EDGE_CURVE('',#4236,#4237,#2289,.T.);
#5367=EDGE_CURVE('',#4237,#4235,#2290,.F.);
#5368=EDGE_CURVE('',#4238,#4197,#2291,.T.);
#5369=EDGE_CURVE('',#4238,#4239,#2292,.T.);
#5370=EDGE_CURVE('',#4239,#4194,#2293,.T.);
#5371=EDGE_CURVE('',#4195,#4240,#2294,.T.);
#5372=EDGE_CURVE('',#4240,#4241,#2295,.F.);
#5373=EDGE_CURVE('',#4196,#4241,#2296,.T.);
#5374=EDGE_CURVE('',#4233,#4234,#3469,.T.);
#5375=EDGE_CURVE('',#4235,#4238,#3470,.F.);
#5376=EDGE_CURVE('',#4241,#4222,#3471,.T.);
#5377=EDGE_CURVE('',#4223,#4226,#3472,.F.);
#5378=EDGE_CURVE('',#4236,#4232,#3473,.F.);
#5379=EDGE_CURVE('',#4228,#4225,#3474,.T.);
#5380=EDGE_CURVE('',#4224,#4240,#3475,.F.);
#5381=EDGE_CURVE('',#4239,#4237,#3476,.T.);
#5382=EDGE_CURVE('',#4242,#4243,#2297,.T.);
#5383=EDGE_CURVE('',#4243,#4244,#2298,.T.);
#5384=EDGE_CURVE('',#4245,#4244,#2299,.T.);
#5385=EDGE_CURVE('',#4242,#4245,#2300,.T.);
#5386=EDGE_CURVE('',#4244,#4208,#2301,.T.);
#5387=EDGE_CURVE('',#4245,#4207,#2302,.T.);
#5388=EDGE_CURVE('',#4209,#4246,#2303,.T.);
#5389=EDGE_CURVE('',#4246,#4247,#2304,.F.);
#5390=EDGE_CURVE('',#4206,#4247,#2305,.T.);
#5391=EDGE_CURVE('',#4248,#4249,#2306,.T.);
#5392=EDGE_CURVE('',#4249,#4250,#2307,.F.);
#5393=EDGE_CURVE('',#4251,#4250,#2308,.T.);
#5394=EDGE_CURVE('',#4251,#4248,#2309,.T.);
#5395=EDGE_CURVE('',#4252,#4253,#2310,.T.);
#5396=EDGE_CURVE('',#4252,#4254,#2311,.T.);
#5397=EDGE_CURVE('',#4254,#4255,#2312,.T.);
#5398=EDGE_CURVE('',#4253,#4255,#2313,.T.);
#5399=EDGE_CURVE('',#4255,#4256,#2314,.T.);
#5400=EDGE_CURVE('',#4257,#4256,#2315,.T.);
#5401=EDGE_CURVE('',#4253,#4257,#2316,.T.);
#5402=EDGE_CURVE('',#4256,#4243,#2317,.T.);
#5403=EDGE_CURVE('',#4257,#4242,#2318,.T.);
#5404=EDGE_CURVE('',#4254,#4249,#3477,.T.);
#5405=EDGE_CURVE('',#4248,#4246,#3478,.F.);
#5406=EDGE_CURVE('',#4250,#4252,#3479,.F.);
#5407=EDGE_CURVE('',#4247,#4251,#3480,.T.);
#5408=EDGE_CURVE('',#4258,#4259,#2319,.T.);
#5409=EDGE_CURVE('',#4258,#4260,#2320,.T.);
#5410=EDGE_CURVE('',#4260,#4261,#2321,.T.);
#5411=EDGE_CURVE('',#4259,#4261,#2322,.T.);
#5412=EDGE_CURVE('',#4261,#4262,#2323,.T.);
#5413=EDGE_CURVE('',#4263,#4262,#2324,.T.);
#5414=EDGE_CURVE('',#4259,#4263,#2325,.T.);
#5415=EDGE_CURVE('',#4262,#4264,#2326,.T.);
#5416=EDGE_CURVE('',#4264,#4265,#2327,.F.);
#5417=EDGE_CURVE('',#4263,#4265,#2328,.T.);
#5418=EDGE_CURVE('',#4266,#4267,#2329,.T.);
#5419=EDGE_CURVE('',#4267,#4268,#2330,.F.);
#5420=EDGE_CURVE('',#4269,#4268,#2331,.T.);
#5421=EDGE_CURVE('',#4269,#4266,#2332,.T.);
#5422=EDGE_CURVE('',#4270,#4191,#2333,.T.);
#5423=EDGE_CURVE('',#4270,#4271,#2334,.T.);
#5424=EDGE_CURVE('',#4271,#4192,#2335,.T.);
#5425=EDGE_CURVE('',#4193,#4272,#2336,.T.);
#5426=EDGE_CURVE('',#4272,#4273,#2337,.F.);
#5427=EDGE_CURVE('',#4190,#4273,#2338,.T.);
#5428=EDGE_CURVE('',#4274,#4275,#2339,.T.);
#5429=EDGE_CURVE('',#4275,#4276,#2340,.F.);
#5430=EDGE_CURVE('',#4277,#4276,#2341,.T.);
#5431=EDGE_CURVE('',#4277,#4274,#2342,.T.);
#5432=EDGE_CURVE('',#4276,#4258,#3481,.T.);
#5433=EDGE_CURVE('',#4265,#4269,#3482,.F.);
#5434=EDGE_CURVE('',#4268,#4270,#3483,.T.);
#5435=EDGE_CURVE('',#4273,#4277,#3484,.F.);
#5436=EDGE_CURVE('',#4260,#4275,#3485,.F.);
#5437=EDGE_CURVE('',#4274,#4272,#3486,.T.);
#5438=EDGE_CURVE('',#4271,#4267,#3487,.F.);
#5439=EDGE_CURVE('',#4266,#4264,#3488,.T.);
#5440=EDGE_CURVE('',#4278,#4279,#2343,.T.);
#5441=EDGE_CURVE('',#4279,#4280,#2344,.F.);
#5442=EDGE_CURVE('',#4281,#4280,#2345,.T.);
#5443=EDGE_CURVE('',#4281,#4278,#2346,.T.);
#5444=EDGE_CURVE('',#4282,#4283,#2347,.T.);
#5445=EDGE_CURVE('',#4282,#4284,#2348,.T.);
#5446=EDGE_CURVE('',#4284,#4285,#2349,.T.);
#5447=EDGE_CURVE('',#4285,#4283,#2350,.F.);
#5448=EDGE_CURVE('',#4286,#4201,#2351,.T.);
#5449=EDGE_CURVE('',#4286,#4287,#2352,.T.);
#5450=EDGE_CURVE('',#4287,#4198,#2353,.T.);
#5451=EDGE_CURVE('',#4199,#4288,#2354,.T.);
#5452=EDGE_CURVE('',#4288,#4289,#2355,.F.);
#5453=EDGE_CURVE('',#4200,#4289,#2356,.T.);
#5454=EDGE_CURVE('',#4290,#4291,#2357,.T.);
#5455=EDGE_CURVE('',#4291,#4292,#2358,.F.);
#5456=EDGE_CURVE('',#4293,#4292,#2359,.T.);
#5457=EDGE_CURVE('',#4293,#4290,#2360,.T.);
#5458=EDGE_CURVE('',#4294,#4295,#2361,.T.);
#5459=EDGE_CURVE('',#4294,#4296,#2362,.T.);
#5460=EDGE_CURVE('',#4296,#4297,#2363,.T.);
#5461=EDGE_CURVE('',#4295,#4297,#2364,.T.);
#5462=EDGE_CURVE('',#4297,#4278,#2365,.T.);
#5463=EDGE_CURVE('',#4295,#4281,#2366,.T.);
#5464=EDGE_CURVE('',#4280,#4282,#3489,.F.);
#5465=EDGE_CURVE('',#4283,#4286,#3490,.T.);
#5466=EDGE_CURVE('',#4289,#4293,#3491,.F.);
#5467=EDGE_CURVE('',#4292,#4294,#3492,.T.);
#5468=EDGE_CURVE('',#4284,#4279,#3493,.T.);
#5469=EDGE_CURVE('',#4296,#4291,#3494,.F.);
#5470=EDGE_CURVE('',#4290,#4288,#3495,.T.);
#5471=EDGE_CURVE('',#4287,#4285,#3496,.F.);
#5472=EDGE_CURVE('',#4218,#4214,#32,.T.);
#5473=EDGE_CURVE('',#4215,#4221,#33,.F.);
#5474=EDGE_CURVE('',#4217,#4220,#34,.F.);
#5475=EDGE_CURVE('',#4219,#4216,#35,.T.);
#5476=EDGE_CURVE('',#4186,#4213,#36,.F.);
#5477=EDGE_CURVE('',#4210,#4204,#37,.T.);
#5478=EDGE_CURVE('',#4211,#4202,#38,.T.);
#5479=EDGE_CURVE('',#4188,#4212,#39,.F.);
#5480=EDGE_CURVE('',#4298,#4299,#2367,.T.);
#5481=EDGE_CURVE('',#4300,#4298,#3497,.T.);
#5482=EDGE_CURVE('',#4301,#4300,#2368,.T.);
#5483=EDGE_CURVE('',#4302,#4301,#2369,.T.);
#5484=EDGE_CURVE('',#4303,#4302,#2370,.T.);
#5485=EDGE_CURVE('',#4304,#4303,#2371,.T.);
#5486=EDGE_CURVE('',#4305,#4304,#2372,.T.);
#5487=EDGE_CURVE('',#4306,#4305,#2373,.T.);
#5488=EDGE_CURVE('',#4307,#4306,#2374,.T.);
#5489=EDGE_CURVE('',#4308,#4307,#3498,.T.);
#5490=EDGE_CURVE('',#4309,#4308,#2375,.T.);
#5491=EDGE_CURVE('',#4310,#4309,#3499,.T.);
#5492=EDGE_CURVE('',#4311,#4310,#2376,.T.);
#5493=EDGE_CURVE('',#4299,#4311,#3500,.T.);
#5494=EDGE_CURVE('',#4312,#4313,#2377,.T.);
#5495=EDGE_CURVE('',#4314,#4312,#2378,.T.);
#5496=EDGE_CURVE('',#4315,#4314,#2379,.T.);
#5497=EDGE_CURVE('',#4313,#4315,#2380,.T.);
#5498=EDGE_CURVE('',#4316,#4317,#2381,.T.);
#5499=EDGE_CURVE('',#4318,#4316,#2382,.T.);
#5500=EDGE_CURVE('',#4319,#4318,#2383,.T.);
#5501=EDGE_CURVE('',#4317,#4319,#2384,.T.);
#5502=EDGE_CURVE('',#4320,#4321,#2385,.T.);
#5503=EDGE_CURVE('',#4322,#4320,#2386,.T.);
#5504=EDGE_CURVE('',#4323,#4322,#2387,.T.);
#5505=EDGE_CURVE('',#4321,#4323,#2388,.T.);
#5506=EDGE_CURVE('',#4324,#4325,#2389,.T.);
#5507=EDGE_CURVE('',#4326,#4324,#2390,.T.);
#5508=EDGE_CURVE('',#4327,#4326,#2391,.T.);
#5509=EDGE_CURVE('',#4325,#4327,#2392,.T.);
#5510=EDGE_CURVE('',#4328,#4329,#2393,.T.);
#5511=EDGE_CURVE('',#4330,#4328,#2394,.T.);
#5512=EDGE_CURVE('',#4331,#4330,#2395,.T.);
#5513=EDGE_CURVE('',#4329,#4331,#2396,.T.);
#5514=EDGE_CURVE('',#4332,#4333,#2397,.T.);
#5515=EDGE_CURVE('',#4334,#4332,#2398,.T.);
#5516=EDGE_CURVE('',#4335,#4334,#2399,.T.);
#5517=EDGE_CURVE('',#4333,#4335,#2400,.T.);
#5518=EDGE_CURVE('',#4336,#4337,#2401,.T.);
#5519=EDGE_CURVE('',#4338,#4336,#2402,.T.);
#5520=EDGE_CURVE('',#4339,#4338,#2403,.T.);
#5521=EDGE_CURVE('',#4337,#4339,#2404,.T.);
#5522=EDGE_CURVE('',#4340,#4341,#2405,.T.);
#5523=EDGE_CURVE('',#4342,#4340,#2406,.T.);
#5524=EDGE_CURVE('',#4343,#4342,#2407,.T.);
#5525=EDGE_CURVE('',#4341,#4343,#2408,.T.);
#5526=EDGE_CURVE('',#4344,#4345,#3501,.T.);
#5527=EDGE_CURVE('',#4344,#4346,#2409,.T.);
#5528=EDGE_CURVE('',#4346,#4347,#2410,.T.);
#5529=EDGE_CURVE('',#4347,#4348,#2411,.T.);
#5530=EDGE_CURVE('',#4348,#4349,#2412,.T.);
#5531=EDGE_CURVE('',#4349,#4350,#2413,.T.);
#5532=EDGE_CURVE('',#4350,#4351,#2414,.T.);
#5533=EDGE_CURVE('',#4351,#4352,#2415,.T.);
#5534=EDGE_CURVE('',#4352,#4353,#3502,.T.);
#5535=EDGE_CURVE('',#4353,#4354,#2416,.T.);
#5536=EDGE_CURVE('',#4354,#4355,#3503,.T.);
#5537=EDGE_CURVE('',#4355,#4345,#2417,.T.);
#5538=EDGE_CURVE('',#4298,#4356,#40,.T.);
#5539=EDGE_CURVE('',#4353,#4356,#2418,.T.);
#5540=EDGE_CURVE('',#4352,#4300,#2419,.T.);
#5541=EDGE_CURVE('',#4357,#4356,#2420,.T.);
#5542=EDGE_CURVE('',#4354,#4357,#2421,.T.);
#5543=EDGE_CURVE('',#4357,#4299,#41,.T.);
#5544=EDGE_CURVE('',#4355,#4311,#2422,.T.);
#5545=EDGE_CURVE('',#4358,#4359,#2423,.T.);
#5546=EDGE_CURVE('',#4358,#4345,#253,.T.);
#5547=EDGE_CURVE('',#4359,#4310,#2424,.T.);
#5548=EDGE_CURVE('',#4360,#4309,#2425,.T.);
#5549=EDGE_CURVE('',#4359,#4360,#3504,.T.);
#5550=EDGE_CURVE('',#4361,#4308,#2426,.T.);
#5551=EDGE_CURVE('',#4360,#4361,#2427,.T.);
#5552=EDGE_CURVE('',#4362,#4307,#2428,.T.);
#5553=EDGE_CURVE('',#4361,#4362,#3505,.T.);
#5554=EDGE_CURVE('',#4344,#4363,#254,.T.);
#5555=EDGE_CURVE('',#4362,#4363,#2429,.T.);
#5556=EDGE_CURVE('',#4346,#4306,#2430,.T.);
#5557=EDGE_CURVE('',#4347,#4305,#2431,.T.);
#5558=EDGE_CURVE('',#4348,#4304,#2432,.T.);
#5559=EDGE_CURVE('',#4349,#4303,#2433,.T.);
#5560=EDGE_CURVE('',#4350,#4302,#2434,.T.);
#5561=EDGE_CURVE('',#4351,#4301,#2435,.T.);
#5562=EDGE_CURVE('',#4363,#4358,#3506,.T.);
#5563=EDGE_CURVE('',#4364,#4340,#2436,.T.);
#5564=EDGE_CURVE('',#4365,#4364,#2437,.T.);
#5565=EDGE_CURVE('',#4365,#4342,#2438,.T.);
#5566=EDGE_CURVE('',#4366,#4341,#2439,.T.);
#5567=EDGE_CURVE('',#4364,#4366,#2440,.T.);
#5568=EDGE_CURVE('',#4367,#4343,#2441,.T.);
#5569=EDGE_CURVE('',#4366,#4367,#2442,.T.);
#5570=EDGE_CURVE('',#4367,#4365,#2443,.T.);
#5571=EDGE_CURVE('',#4368,#4312,#2444,.T.);
#5572=EDGE_CURVE('',#4369,#4368,#2445,.T.);
#5573=EDGE_CURVE('',#4369,#4314,#2446,.T.);
#5574=EDGE_CURVE('',#4370,#4313,#2447,.T.);
#5575=EDGE_CURVE('',#4368,#4370,#2448,.T.);
#5576=EDGE_CURVE('',#4371,#4315,#2449,.T.);
#5577=EDGE_CURVE('',#4370,#4371,#2450,.T.);
#5578=EDGE_CURVE('',#4371,#4369,#2451,.T.);
#5579=EDGE_CURVE('',#4372,#4336,#2452,.T.);
#5580=EDGE_CURVE('',#4373,#4372,#2453,.T.);
#5581=EDGE_CURVE('',#4373,#4338,#2454,.T.);
#5582=EDGE_CURVE('',#4374,#4337,#2455,.T.);
#5583=EDGE_CURVE('',#4372,#4374,#2456,.T.);
#5584=EDGE_CURVE('',#4375,#4339,#2457,.T.);
#5585=EDGE_CURVE('',#4374,#4375,#2458,.T.);
#5586=EDGE_CURVE('',#4375,#4373,#2459,.T.);
#5587=EDGE_CURVE('',#4376,#4316,#2460,.T.);
#5588=EDGE_CURVE('',#4377,#4376,#2461,.T.);
#5589=EDGE_CURVE('',#4377,#4318,#2462,.T.);
#5590=EDGE_CURVE('',#4378,#4317,#2463,.T.);
#5591=EDGE_CURVE('',#4376,#4378,#2464,.T.);
#5592=EDGE_CURVE('',#4379,#4319,#2465,.T.);
#5593=EDGE_CURVE('',#4378,#4379,#2466,.T.);
#5594=EDGE_CURVE('',#4379,#4377,#2467,.T.);
#5595=EDGE_CURVE('',#4380,#4332,#2468,.T.);
#5596=EDGE_CURVE('',#4381,#4380,#2469,.T.);
#5597=EDGE_CURVE('',#4381,#4334,#2470,.T.);
#5598=EDGE_CURVE('',#4382,#4333,#2471,.T.);
#5599=EDGE_CURVE('',#4380,#4382,#2472,.T.);
#5600=EDGE_CURVE('',#4383,#4335,#2473,.T.);
#5601=EDGE_CURVE('',#4382,#4383,#2474,.T.);
#5602=EDGE_CURVE('',#4383,#4381,#2475,.T.);
#5603=EDGE_CURVE('',#4384,#4320,#2476,.T.);
#5604=EDGE_CURVE('',#4385,#4384,#2477,.T.);
#5605=EDGE_CURVE('',#4385,#4322,#2478,.T.);
#5606=EDGE_CURVE('',#4386,#4321,#2479,.T.);
#5607=EDGE_CURVE('',#4384,#4386,#2480,.T.);
#5608=EDGE_CURVE('',#4387,#4323,#2481,.T.);
#5609=EDGE_CURVE('',#4386,#4387,#2482,.T.);
#5610=EDGE_CURVE('',#4387,#4385,#2483,.T.);
#5611=EDGE_CURVE('',#4388,#4328,#2484,.T.);
#5612=EDGE_CURVE('',#4389,#4388,#2485,.T.);
#5613=EDGE_CURVE('',#4389,#4330,#2486,.T.);
#5614=EDGE_CURVE('',#4390,#4329,#2487,.T.);
#5615=EDGE_CURVE('',#4388,#4390,#2488,.T.);
#5616=EDGE_CURVE('',#4391,#4331,#2489,.T.);
#5617=EDGE_CURVE('',#4390,#4391,#2490,.T.);
#5618=EDGE_CURVE('',#4391,#4389,#2491,.T.);
#5619=EDGE_CURVE('',#4392,#4324,#2492,.T.);
#5620=EDGE_CURVE('',#4393,#4392,#2493,.T.);
#5621=EDGE_CURVE('',#4393,#4326,#2494,.T.);
#5622=EDGE_CURVE('',#4394,#4325,#2495,.T.);
#5623=EDGE_CURVE('',#4392,#4394,#2496,.T.);
#5624=EDGE_CURVE('',#4395,#4327,#2497,.T.);
#5625=EDGE_CURVE('',#4394,#4395,#2498,.T.);
#5626=EDGE_CURVE('',#4395,#4393,#2499,.T.);
#5627=ORIENTED_EDGE('',*,*,#4396,.F.);
#5628=ORIENTED_EDGE('',*,*,#4397,.T.);
#5629=ORIENTED_EDGE('',*,*,#4398,.F.);
#5630=ORIENTED_EDGE('',*,*,#4397,.F.);
#5631=ORIENTED_EDGE('',*,*,#4399,.F.);
#5632=ORIENTED_EDGE('',*,*,#4400,.T.);
#5633=ORIENTED_EDGE('',*,*,#4401,.F.);
#5634=ORIENTED_EDGE('',*,*,#4400,.F.);
#5635=ORIENTED_EDGE('',*,*,#4402,.F.);
#5636=ORIENTED_EDGE('',*,*,#4403,.T.);
#5637=ORIENTED_EDGE('',*,*,#4404,.F.);
#5638=ORIENTED_EDGE('',*,*,#4403,.F.);
#5639=ORIENTED_EDGE('',*,*,#4405,.F.);
#5640=ORIENTED_EDGE('',*,*,#4406,.T.);
#5641=ORIENTED_EDGE('',*,*,#4407,.F.);
#5642=ORIENTED_EDGE('',*,*,#4406,.F.);
#5643=ORIENTED_EDGE('',*,*,#4408,.F.);
#5644=ORIENTED_EDGE('',*,*,#4409,.T.);
#5645=ORIENTED_EDGE('',*,*,#4410,.F.);
#5646=ORIENTED_EDGE('',*,*,#4409,.F.);
#5647=ORIENTED_EDGE('',*,*,#4411,.F.);
#5648=ORIENTED_EDGE('',*,*,#4412,.T.);
#5649=ORIENTED_EDGE('',*,*,#4413,.F.);
#5650=ORIENTED_EDGE('',*,*,#4412,.F.);
#5651=ORIENTED_EDGE('',*,*,#4414,.F.);
#5652=ORIENTED_EDGE('',*,*,#4415,.T.);
#5653=ORIENTED_EDGE('',*,*,#4416,.T.);
#5654=ORIENTED_EDGE('',*,*,#4415,.F.);
#5655=ORIENTED_EDGE('',*,*,#4417,.F.);
#5656=ORIENTED_EDGE('',*,*,#4418,.T.);
#5657=ORIENTED_EDGE('',*,*,#4419,.T.);
#5658=ORIENTED_EDGE('',*,*,#4418,.F.);
#5659=ORIENTED_EDGE('',*,*,#4420,.F.);
#5660=ORIENTED_EDGE('',*,*,#4421,.T.);
#5661=ORIENTED_EDGE('',*,*,#4422,.T.);
#5662=ORIENTED_EDGE('',*,*,#4421,.F.);
#5663=ORIENTED_EDGE('',*,*,#4423,.F.);
#5664=ORIENTED_EDGE('',*,*,#4424,.T.);
#5665=ORIENTED_EDGE('',*,*,#4425,.T.);
#5666=ORIENTED_EDGE('',*,*,#4424,.F.);
#5667=ORIENTED_EDGE('',*,*,#4426,.F.);
#5668=ORIENTED_EDGE('',*,*,#4427,.F.);
#5669=ORIENTED_EDGE('',*,*,#4428,.T.);
#5670=ORIENTED_EDGE('',*,*,#4429,.T.);
#5671=ORIENTED_EDGE('',*,*,#4430,.F.);
#5672=ORIENTED_EDGE('',*,*,#4429,.F.);
#5673=ORIENTED_EDGE('',*,*,#4431,.T.);
#5674=ORIENTED_EDGE('',*,*,#4432,.T.);
#5675=ORIENTED_EDGE('',*,*,#4433,.F.);
#5676=ORIENTED_EDGE('',*,*,#4432,.F.);
#5677=ORIENTED_EDGE('',*,*,#4434,.T.);
#5678=ORIENTED_EDGE('',*,*,#4435,.T.);
#5679=ORIENTED_EDGE('',*,*,#4436,.T.);
#5680=ORIENTED_EDGE('',*,*,#4435,.F.);
#5681=ORIENTED_EDGE('',*,*,#4437,.F.);
#5682=ORIENTED_EDGE('',*,*,#4438,.T.);
#5683=ORIENTED_EDGE('',*,*,#4439,.T.);
#5684=ORIENTED_EDGE('',*,*,#4438,.F.);
#5685=ORIENTED_EDGE('',*,*,#4440,.F.);
#5686=ORIENTED_EDGE('',*,*,#4441,.T.);
#5687=ORIENTED_EDGE('',*,*,#4442,.T.);
#5688=ORIENTED_EDGE('',*,*,#4443,.T.);
#5689=ORIENTED_EDGE('',*,*,#4441,.F.);
#5690=ORIENTED_EDGE('',*,*,#4444,.F.);
#5691=ORIENTED_EDGE('',*,*,#4445,.F.);
#5692=ORIENTED_EDGE('',*,*,#4446,.F.);
#5693=ORIENTED_EDGE('',*,*,#4447,.T.);
#5694=ORIENTED_EDGE('',*,*,#4448,.T.);
#5695=ORIENTED_EDGE('',*,*,#4449,.F.);
#5696=ORIENTED_EDGE('',*,*,#4448,.F.);
#5697=ORIENTED_EDGE('',*,*,#4450,.T.);
#5698=ORIENTED_EDGE('',*,*,#4451,.T.);
#5699=ORIENTED_EDGE('',*,*,#4452,.F.);
#5700=ORIENTED_EDGE('',*,*,#4451,.F.);
#5701=ORIENTED_EDGE('',*,*,#4453,.T.);
#5702=ORIENTED_EDGE('',*,*,#4454,.T.);
#5703=ORIENTED_EDGE('',*,*,#4455,.F.);
#5704=ORIENTED_EDGE('',*,*,#4454,.F.);
#5705=ORIENTED_EDGE('',*,*,#4456,.T.);
#5706=ORIENTED_EDGE('',*,*,#4427,.T.);
#5707=ORIENTED_EDGE('',*,*,#4457,.T.);
#5708=ORIENTED_EDGE('',*,*,#4458,.F.);
#5709=ORIENTED_EDGE('',*,*,#4445,.T.);
#5710=ORIENTED_EDGE('',*,*,#4449,.T.);
#5711=ORIENTED_EDGE('',*,*,#4452,.T.);
#5712=ORIENTED_EDGE('',*,*,#4455,.T.);
#5713=ORIENTED_EDGE('',*,*,#4426,.T.);
#5714=ORIENTED_EDGE('',*,*,#4430,.T.);
#5715=ORIENTED_EDGE('',*,*,#4433,.T.);
#5716=ORIENTED_EDGE('',*,*,#4436,.F.);
#5717=ORIENTED_EDGE('',*,*,#4439,.F.);
#5718=ORIENTED_EDGE('',*,*,#4443,.F.);
#5719=ORIENTED_EDGE('',*,*,#4405,.T.);
#5720=ORIENTED_EDGE('',*,*,#4408,.T.);
#5721=ORIENTED_EDGE('',*,*,#4411,.T.);
#5722=ORIENTED_EDGE('',*,*,#4396,.T.);
#5723=ORIENTED_EDGE('',*,*,#4399,.T.);
#5724=ORIENTED_EDGE('',*,*,#4402,.T.);
#5725=ORIENTED_EDGE('',*,*,#4423,.T.);
#5726=ORIENTED_EDGE('',*,*,#4414,.T.);
#5727=ORIENTED_EDGE('',*,*,#4417,.T.);
#5728=ORIENTED_EDGE('',*,*,#4420,.T.);
#5729=ORIENTED_EDGE('',*,*,#4459,.T.);
#5730=ORIENTED_EDGE('',*,*,#4460,.F.);
#5731=ORIENTED_EDGE('',*,*,#4446,.T.);
#5732=ORIENTED_EDGE('',*,*,#4458,.T.);
#5733=ORIENTED_EDGE('',*,*,#4457,.F.);
#5734=ORIENTED_EDGE('',*,*,#4442,.F.);
#5735=ORIENTED_EDGE('',*,*,#4461,.F.);
#5736=ORIENTED_EDGE('',*,*,#4459,.F.);
#5737=ORIENTED_EDGE('',*,*,#4461,.T.);
#5738=ORIENTED_EDGE('',*,*,#4444,.T.);
#5739=ORIENTED_EDGE('',*,*,#4440,.T.);
#5740=ORIENTED_EDGE('',*,*,#4437,.T.);
#5741=ORIENTED_EDGE('',*,*,#4434,.F.);
#5742=ORIENTED_EDGE('',*,*,#4431,.F.);
#5743=ORIENTED_EDGE('',*,*,#4428,.F.);
#5744=ORIENTED_EDGE('',*,*,#4456,.F.);
#5745=ORIENTED_EDGE('',*,*,#4453,.F.);
#5746=ORIENTED_EDGE('',*,*,#4450,.F.);
#5747=ORIENTED_EDGE('',*,*,#4447,.F.);
#5748=ORIENTED_EDGE('',*,*,#4460,.T.);
#5749=ORIENTED_EDGE('',*,*,#4398,.T.);
#5750=ORIENTED_EDGE('',*,*,#4401,.T.);
#5751=ORIENTED_EDGE('',*,*,#4404,.T.);
#5752=ORIENTED_EDGE('',*,*,#4407,.T.);
#5753=ORIENTED_EDGE('',*,*,#4410,.T.);
#5754=ORIENTED_EDGE('',*,*,#4413,.T.);
#5755=ORIENTED_EDGE('',*,*,#4425,.F.);
#5756=ORIENTED_EDGE('',*,*,#4422,.F.);
#5757=ORIENTED_EDGE('',*,*,#4419,.F.);
#5758=ORIENTED_EDGE('',*,*,#4416,.F.);
#5759=ORIENTED_EDGE('',*,*,#4462,.T.);
#5760=ORIENTED_EDGE('',*,*,#4463,.T.);
#5761=ORIENTED_EDGE('',*,*,#4464,.T.);
#5762=ORIENTED_EDGE('',*,*,#4465,.T.);
#5763=ORIENTED_EDGE('',*,*,#4466,.T.);
#5764=ORIENTED_EDGE('',*,*,#4467,.T.);
#5765=ORIENTED_EDGE('',*,*,#4468,.T.);
#5766=ORIENTED_EDGE('',*,*,#4469,.T.);
#5767=ORIENTED_EDGE('',*,*,#4470,.T.);
#5768=ORIENTED_EDGE('',*,*,#4471,.T.);
#5769=ORIENTED_EDGE('',*,*,#4472,.T.);
#5770=ORIENTED_EDGE('',*,*,#4473,.T.);
#5771=ORIENTED_EDGE('',*,*,#4474,.T.);
#5772=ORIENTED_EDGE('',*,*,#4475,.T.);
#5773=ORIENTED_EDGE('',*,*,#4476,.T.);
#5774=ORIENTED_EDGE('',*,*,#4477,.T.);
#5775=ORIENTED_EDGE('',*,*,#4478,.T.);
#5776=ORIENTED_EDGE('',*,*,#4479,.T.);
#5777=ORIENTED_EDGE('',*,*,#4480,.T.);
#5778=ORIENTED_EDGE('',*,*,#4481,.T.);
#5779=ORIENTED_EDGE('',*,*,#4482,.T.);
#5780=ORIENTED_EDGE('',*,*,#4483,.T.);
#5781=ORIENTED_EDGE('',*,*,#4484,.T.);
#5782=ORIENTED_EDGE('',*,*,#4485,.T.);
#5783=ORIENTED_EDGE('',*,*,#4486,.T.);
#5784=ORIENTED_EDGE('',*,*,#4487,.T.);
#5785=ORIENTED_EDGE('',*,*,#4488,.T.);
#5786=ORIENTED_EDGE('',*,*,#4489,.T.);
#5787=ORIENTED_EDGE('',*,*,#4490,.T.);
#5788=ORIENTED_EDGE('',*,*,#4491,.T.);
#5789=ORIENTED_EDGE('',*,*,#4492,.T.);
#5790=ORIENTED_EDGE('',*,*,#4493,.T.);
#5791=ORIENTED_EDGE('',*,*,#4494,.T.);
#5792=ORIENTED_EDGE('',*,*,#4495,.T.);
#5793=ORIENTED_EDGE('',*,*,#4496,.T.);
#5794=ORIENTED_EDGE('',*,*,#4497,.T.);
#5795=ORIENTED_EDGE('',*,*,#4498,.T.);
#5796=ORIENTED_EDGE('',*,*,#4499,.T.);
#5797=ORIENTED_EDGE('',*,*,#4500,.T.);
#5798=ORIENTED_EDGE('',*,*,#4501,.T.);
#5799=ORIENTED_EDGE('',*,*,#4502,.T.);
#5800=ORIENTED_EDGE('',*,*,#4503,.T.);
#5801=ORIENTED_EDGE('',*,*,#4504,.T.);
#5802=ORIENTED_EDGE('',*,*,#4505,.T.);
#5803=ORIENTED_EDGE('',*,*,#4506,.T.);
#5804=ORIENTED_EDGE('',*,*,#4507,.T.);
#5805=ORIENTED_EDGE('',*,*,#4508,.T.);
#5806=ORIENTED_EDGE('',*,*,#4509,.T.);
#5807=ORIENTED_EDGE('',*,*,#4510,.T.);
#5808=ORIENTED_EDGE('',*,*,#4511,.T.);
#5809=ORIENTED_EDGE('',*,*,#4512,.T.);
#5810=ORIENTED_EDGE('',*,*,#4513,.T.);
#5811=ORIENTED_EDGE('',*,*,#4514,.T.);
#5812=ORIENTED_EDGE('',*,*,#4515,.T.);
#5813=ORIENTED_EDGE('',*,*,#4516,.T.);
#5814=ORIENTED_EDGE('',*,*,#4517,.T.);
#5815=ORIENTED_EDGE('',*,*,#4518,.T.);
#5816=ORIENTED_EDGE('',*,*,#4519,.T.);
#5817=ORIENTED_EDGE('',*,*,#4520,.T.);
#5818=ORIENTED_EDGE('',*,*,#4521,.T.);
#5819=ORIENTED_EDGE('',*,*,#4522,.F.);
#5820=ORIENTED_EDGE('',*,*,#4523,.T.);
#5821=ORIENTED_EDGE('',*,*,#4524,.T.);
#5822=ORIENTED_EDGE('',*,*,#4525,.F.);
#5823=ORIENTED_EDGE('',*,*,#4526,.F.);
#5824=ORIENTED_EDGE('',*,*,#4525,.T.);
#5825=ORIENTED_EDGE('',*,*,#4527,.T.);
#5826=ORIENTED_EDGE('',*,*,#4528,.F.);
#5827=ORIENTED_EDGE('',*,*,#4529,.F.);
#5828=ORIENTED_EDGE('',*,*,#4528,.T.);
#5829=ORIENTED_EDGE('',*,*,#4530,.T.);
#5830=ORIENTED_EDGE('',*,*,#4523,.F.);
#5831=ORIENTED_EDGE('',*,*,#4531,.F.);
#5832=ORIENTED_EDGE('',*,*,#4532,.T.);
#5833=ORIENTED_EDGE('',*,*,#4533,.T.);
#5834=ORIENTED_EDGE('',*,*,#4534,.F.);
#5835=ORIENTED_EDGE('',*,*,#4535,.F.);
#5836=ORIENTED_EDGE('',*,*,#4536,.T.);
#5837=ORIENTED_EDGE('',*,*,#4537,.T.);
#5838=ORIENTED_EDGE('',*,*,#4532,.F.);
#5839=ORIENTED_EDGE('',*,*,#4538,.F.);
#5840=ORIENTED_EDGE('',*,*,#4539,.T.);
#5841=ORIENTED_EDGE('',*,*,#4540,.T.);
#5842=ORIENTED_EDGE('',*,*,#4536,.F.);
#5843=ORIENTED_EDGE('',*,*,#4541,.F.);
#5844=ORIENTED_EDGE('',*,*,#4542,.T.);
#5845=ORIENTED_EDGE('',*,*,#4543,.T.);
#5846=ORIENTED_EDGE('',*,*,#4539,.F.);
#5847=ORIENTED_EDGE('',*,*,#4544,.F.);
#5848=ORIENTED_EDGE('',*,*,#4545,.T.);
#5849=ORIENTED_EDGE('',*,*,#4546,.T.);
#5850=ORIENTED_EDGE('',*,*,#4542,.F.);
#5851=ORIENTED_EDGE('',*,*,#4547,.F.);
#5852=ORIENTED_EDGE('',*,*,#4548,.T.);
#5853=ORIENTED_EDGE('',*,*,#4549,.T.);
#5854=ORIENTED_EDGE('',*,*,#4545,.F.);
#5855=ORIENTED_EDGE('',*,*,#4550,.F.);
#5856=ORIENTED_EDGE('',*,*,#4551,.T.);
#5857=ORIENTED_EDGE('',*,*,#4552,.T.);
#5858=ORIENTED_EDGE('',*,*,#4548,.F.);
#5859=ORIENTED_EDGE('',*,*,#4553,.F.);
#5860=ORIENTED_EDGE('',*,*,#4534,.T.);
#5861=ORIENTED_EDGE('',*,*,#4554,.T.);
#5862=ORIENTED_EDGE('',*,*,#4551,.F.);
#5863=ORIENTED_EDGE('',*,*,#4554,.F.);
#5864=ORIENTED_EDGE('',*,*,#4533,.F.);
#5865=ORIENTED_EDGE('',*,*,#4537,.F.);
#5866=ORIENTED_EDGE('',*,*,#4540,.F.);
#5867=ORIENTED_EDGE('',*,*,#4543,.F.);
#5868=ORIENTED_EDGE('',*,*,#4546,.F.);
#5869=ORIENTED_EDGE('',*,*,#4549,.F.);
#5870=ORIENTED_EDGE('',*,*,#4552,.F.);
#5871=ORIENTED_EDGE('',*,*,#4524,.F.);
#5872=ORIENTED_EDGE('',*,*,#4530,.F.);
#5873=ORIENTED_EDGE('',*,*,#4527,.F.);
#5874=ORIENTED_EDGE('',*,*,#4555,.F.);
#5875=ORIENTED_EDGE('',*,*,#4556,.T.);
#5876=ORIENTED_EDGE('',*,*,#4557,.T.);
#5877=ORIENTED_EDGE('',*,*,#4558,.F.);
#5878=ORIENTED_EDGE('',*,*,#4559,.F.);
#5879=ORIENTED_EDGE('',*,*,#4560,.T.);
#5880=ORIENTED_EDGE('',*,*,#4561,.T.);
#5881=ORIENTED_EDGE('',*,*,#4556,.F.);
#5882=ORIENTED_EDGE('',*,*,#4562,.F.);
#5883=ORIENTED_EDGE('',*,*,#4563,.T.);
#5884=ORIENTED_EDGE('',*,*,#4564,.T.);
#5885=ORIENTED_EDGE('',*,*,#4560,.F.);
#5886=ORIENTED_EDGE('',*,*,#4565,.F.);
#5887=ORIENTED_EDGE('',*,*,#4566,.T.);
#5888=ORIENTED_EDGE('',*,*,#4567,.T.);
#5889=ORIENTED_EDGE('',*,*,#4563,.F.);
#5890=ORIENTED_EDGE('',*,*,#4568,.F.);
#5891=ORIENTED_EDGE('',*,*,#4569,.T.);
#5892=ORIENTED_EDGE('',*,*,#4570,.T.);
#5893=ORIENTED_EDGE('',*,*,#4566,.F.);
#5894=ORIENTED_EDGE('',*,*,#4571,.F.);
#5895=ORIENTED_EDGE('',*,*,#4572,.T.);
#5896=ORIENTED_EDGE('',*,*,#4573,.T.);
#5897=ORIENTED_EDGE('',*,*,#4569,.F.);
#5898=ORIENTED_EDGE('',*,*,#4574,.F.);
#5899=ORIENTED_EDGE('',*,*,#4575,.T.);
#5900=ORIENTED_EDGE('',*,*,#4576,.T.);
#5901=ORIENTED_EDGE('',*,*,#4572,.F.);
#5902=ORIENTED_EDGE('',*,*,#4577,.F.);
#5903=ORIENTED_EDGE('',*,*,#4578,.T.);
#5904=ORIENTED_EDGE('',*,*,#4579,.T.);
#5905=ORIENTED_EDGE('',*,*,#4575,.F.);
#5906=ORIENTED_EDGE('',*,*,#4580,.F.);
#5907=ORIENTED_EDGE('',*,*,#4581,.T.);
#5908=ORIENTED_EDGE('',*,*,#4582,.T.);
#5909=ORIENTED_EDGE('',*,*,#4578,.F.);
#5910=ORIENTED_EDGE('',*,*,#4583,.F.);
#5911=ORIENTED_EDGE('',*,*,#4584,.T.);
#5912=ORIENTED_EDGE('',*,*,#4585,.T.);
#5913=ORIENTED_EDGE('',*,*,#4581,.F.);
#5914=ORIENTED_EDGE('',*,*,#4586,.F.);
#5915=ORIENTED_EDGE('',*,*,#4587,.T.);
#5916=ORIENTED_EDGE('',*,*,#4588,.T.);
#5917=ORIENTED_EDGE('',*,*,#4584,.F.);
#5918=ORIENTED_EDGE('',*,*,#4589,.F.);
#5919=ORIENTED_EDGE('',*,*,#4590,.T.);
#5920=ORIENTED_EDGE('',*,*,#4591,.T.);
#5921=ORIENTED_EDGE('',*,*,#4587,.F.);
#5922=ORIENTED_EDGE('',*,*,#4592,.F.);
#5923=ORIENTED_EDGE('',*,*,#4593,.T.);
#5924=ORIENTED_EDGE('',*,*,#4594,.T.);
#5925=ORIENTED_EDGE('',*,*,#4590,.F.);
#5926=ORIENTED_EDGE('',*,*,#4595,.F.);
#5927=ORIENTED_EDGE('',*,*,#4596,.T.);
#5928=ORIENTED_EDGE('',*,*,#4597,.T.);
#5929=ORIENTED_EDGE('',*,*,#4593,.F.);
#5930=ORIENTED_EDGE('',*,*,#4598,.F.);
#5931=ORIENTED_EDGE('',*,*,#4558,.T.);
#5932=ORIENTED_EDGE('',*,*,#4599,.T.);
#5933=ORIENTED_EDGE('',*,*,#4596,.F.);
#5934=ORIENTED_EDGE('',*,*,#4599,.F.);
#5935=ORIENTED_EDGE('',*,*,#4557,.F.);
#5936=ORIENTED_EDGE('',*,*,#4561,.F.);
#5937=ORIENTED_EDGE('',*,*,#4564,.F.);
#5938=ORIENTED_EDGE('',*,*,#4567,.F.);
#5939=ORIENTED_EDGE('',*,*,#4570,.F.);
#5940=ORIENTED_EDGE('',*,*,#4573,.F.);
#5941=ORIENTED_EDGE('',*,*,#4576,.F.);
#5942=ORIENTED_EDGE('',*,*,#4579,.F.);
#5943=ORIENTED_EDGE('',*,*,#4582,.F.);
#5944=ORIENTED_EDGE('',*,*,#4585,.F.);
#5945=ORIENTED_EDGE('',*,*,#4588,.F.);
#5946=ORIENTED_EDGE('',*,*,#4591,.F.);
#5947=ORIENTED_EDGE('',*,*,#4594,.F.);
#5948=ORIENTED_EDGE('',*,*,#4597,.F.);
#5949=ORIENTED_EDGE('',*,*,#4600,.F.);
#5950=ORIENTED_EDGE('',*,*,#4601,.T.);
#5951=ORIENTED_EDGE('',*,*,#4602,.T.);
#5952=ORIENTED_EDGE('',*,*,#4603,.F.);
#5953=ORIENTED_EDGE('',*,*,#4604,.F.);
#5954=ORIENTED_EDGE('',*,*,#4605,.T.);
#5955=ORIENTED_EDGE('',*,*,#4606,.T.);
#5956=ORIENTED_EDGE('',*,*,#4601,.F.);
#5957=ORIENTED_EDGE('',*,*,#4607,.F.);
#5958=ORIENTED_EDGE('',*,*,#4608,.T.);
#5959=ORIENTED_EDGE('',*,*,#4609,.T.);
#5960=ORIENTED_EDGE('',*,*,#4605,.F.);
#5961=ORIENTED_EDGE('',*,*,#4610,.F.);
#5962=ORIENTED_EDGE('',*,*,#4611,.T.);
#5963=ORIENTED_EDGE('',*,*,#4612,.T.);
#5964=ORIENTED_EDGE('',*,*,#4608,.F.);
#5965=ORIENTED_EDGE('',*,*,#4613,.F.);
#5966=ORIENTED_EDGE('',*,*,#4614,.T.);
#5967=ORIENTED_EDGE('',*,*,#4615,.T.);
#5968=ORIENTED_EDGE('',*,*,#4611,.F.);
#5969=ORIENTED_EDGE('',*,*,#4616,.F.);
#5970=ORIENTED_EDGE('',*,*,#4617,.T.);
#5971=ORIENTED_EDGE('',*,*,#4618,.T.);
#5972=ORIENTED_EDGE('',*,*,#4614,.F.);
#5973=ORIENTED_EDGE('',*,*,#4619,.F.);
#5974=ORIENTED_EDGE('',*,*,#4620,.T.);
#5975=ORIENTED_EDGE('',*,*,#4621,.T.);
#5976=ORIENTED_EDGE('',*,*,#4617,.F.);
#5977=ORIENTED_EDGE('',*,*,#4622,.F.);
#5978=ORIENTED_EDGE('',*,*,#4623,.T.);
#5979=ORIENTED_EDGE('',*,*,#4624,.T.);
#5980=ORIENTED_EDGE('',*,*,#4620,.F.);
#5981=ORIENTED_EDGE('',*,*,#4625,.F.);
#5982=ORIENTED_EDGE('',*,*,#4626,.T.);
#5983=ORIENTED_EDGE('',*,*,#4627,.T.);
#5984=ORIENTED_EDGE('',*,*,#4623,.F.);
#5985=ORIENTED_EDGE('',*,*,#4628,.F.);
#5986=ORIENTED_EDGE('',*,*,#4629,.T.);
#5987=ORIENTED_EDGE('',*,*,#4630,.T.);
#5988=ORIENTED_EDGE('',*,*,#4626,.F.);
#5989=ORIENTED_EDGE('',*,*,#4631,.F.);
#5990=ORIENTED_EDGE('',*,*,#4632,.T.);
#5991=ORIENTED_EDGE('',*,*,#4633,.T.);
#5992=ORIENTED_EDGE('',*,*,#4629,.F.);
#5993=ORIENTED_EDGE('',*,*,#4634,.F.);
#5994=ORIENTED_EDGE('',*,*,#4635,.T.);
#5995=ORIENTED_EDGE('',*,*,#4636,.T.);
#5996=ORIENTED_EDGE('',*,*,#4632,.F.);
#5997=ORIENTED_EDGE('',*,*,#4637,.F.);
#5998=ORIENTED_EDGE('',*,*,#4638,.T.);
#5999=ORIENTED_EDGE('',*,*,#4639,.T.);
#6000=ORIENTED_EDGE('',*,*,#4635,.F.);
#6001=ORIENTED_EDGE('',*,*,#4640,.F.);
#6002=ORIENTED_EDGE('',*,*,#4641,.T.);
#6003=ORIENTED_EDGE('',*,*,#4642,.T.);
#6004=ORIENTED_EDGE('',*,*,#4638,.F.);
#6005=ORIENTED_EDGE('',*,*,#4643,.F.);
#6006=ORIENTED_EDGE('',*,*,#4644,.T.);
#6007=ORIENTED_EDGE('',*,*,#4645,.T.);
#6008=ORIENTED_EDGE('',*,*,#4641,.F.);
#6009=ORIENTED_EDGE('',*,*,#4646,.F.);
#6010=ORIENTED_EDGE('',*,*,#4647,.T.);
#6011=ORIENTED_EDGE('',*,*,#4648,.T.);
#6012=ORIENTED_EDGE('',*,*,#4644,.F.);
#6013=ORIENTED_EDGE('',*,*,#4649,.F.);
#6014=ORIENTED_EDGE('',*,*,#4650,.T.);
#6015=ORIENTED_EDGE('',*,*,#4651,.T.);
#6016=ORIENTED_EDGE('',*,*,#4647,.F.);
#6017=ORIENTED_EDGE('',*,*,#4652,.F.);
#6018=ORIENTED_EDGE('',*,*,#4603,.T.);
#6019=ORIENTED_EDGE('',*,*,#4653,.T.);
#6020=ORIENTED_EDGE('',*,*,#4650,.F.);
#6021=ORIENTED_EDGE('',*,*,#4653,.F.);
#6022=ORIENTED_EDGE('',*,*,#4602,.F.);
#6023=ORIENTED_EDGE('',*,*,#4606,.F.);
#6024=ORIENTED_EDGE('',*,*,#4609,.F.);
#6025=ORIENTED_EDGE('',*,*,#4612,.F.);
#6026=ORIENTED_EDGE('',*,*,#4615,.F.);
#6027=ORIENTED_EDGE('',*,*,#4618,.F.);
#6028=ORIENTED_EDGE('',*,*,#4621,.F.);
#6029=ORIENTED_EDGE('',*,*,#4624,.F.);
#6030=ORIENTED_EDGE('',*,*,#4627,.F.);
#6031=ORIENTED_EDGE('',*,*,#4630,.F.);
#6032=ORIENTED_EDGE('',*,*,#4633,.F.);
#6033=ORIENTED_EDGE('',*,*,#4636,.F.);
#6034=ORIENTED_EDGE('',*,*,#4639,.F.);
#6035=ORIENTED_EDGE('',*,*,#4642,.F.);
#6036=ORIENTED_EDGE('',*,*,#4645,.F.);
#6037=ORIENTED_EDGE('',*,*,#4648,.F.);
#6038=ORIENTED_EDGE('',*,*,#4651,.F.);
#6039=ORIENTED_EDGE('',*,*,#4654,.F.);
#6040=ORIENTED_EDGE('',*,*,#4655,.T.);
#6041=ORIENTED_EDGE('',*,*,#4656,.T.);
#6042=ORIENTED_EDGE('',*,*,#4657,.F.);
#6043=ORIENTED_EDGE('',*,*,#4658,.F.);
#6044=ORIENTED_EDGE('',*,*,#4659,.T.);
#6045=ORIENTED_EDGE('',*,*,#4660,.T.);
#6046=ORIENTED_EDGE('',*,*,#4655,.F.);
#6047=ORIENTED_EDGE('',*,*,#4661,.F.);
#6048=ORIENTED_EDGE('',*,*,#4662,.T.);
#6049=ORIENTED_EDGE('',*,*,#4663,.T.);
#6050=ORIENTED_EDGE('',*,*,#4659,.F.);
#6051=ORIENTED_EDGE('',*,*,#4664,.F.);
#6052=ORIENTED_EDGE('',*,*,#4665,.T.);
#6053=ORIENTED_EDGE('',*,*,#4666,.T.);
#6054=ORIENTED_EDGE('',*,*,#4662,.F.);
#6055=ORIENTED_EDGE('',*,*,#4667,.F.);
#6056=ORIENTED_EDGE('',*,*,#4668,.T.);
#6057=ORIENTED_EDGE('',*,*,#4669,.T.);
#6058=ORIENTED_EDGE('',*,*,#4665,.F.);
#6059=ORIENTED_EDGE('',*,*,#4670,.F.);
#6060=ORIENTED_EDGE('',*,*,#4657,.T.);
#6061=ORIENTED_EDGE('',*,*,#4671,.T.);
#6062=ORIENTED_EDGE('',*,*,#4668,.F.);
#6063=ORIENTED_EDGE('',*,*,#4671,.F.);
#6064=ORIENTED_EDGE('',*,*,#4656,.F.);
#6065=ORIENTED_EDGE('',*,*,#4660,.F.);
#6066=ORIENTED_EDGE('',*,*,#4663,.F.);
#6067=ORIENTED_EDGE('',*,*,#4666,.F.);
#6068=ORIENTED_EDGE('',*,*,#4669,.F.);
#6069=ORIENTED_EDGE('',*,*,#4672,.F.);
#6070=ORIENTED_EDGE('',*,*,#4673,.T.);
#6071=ORIENTED_EDGE('',*,*,#4674,.T.);
#6072=ORIENTED_EDGE('',*,*,#4673,.F.);
#6073=ORIENTED_EDGE('',*,*,#4674,.F.);
#6074=ORIENTED_EDGE('',*,*,#4675,.F.);
#6075=ORIENTED_EDGE('',*,*,#4676,.T.);
#6076=ORIENTED_EDGE('',*,*,#4677,.T.);
#6077=ORIENTED_EDGE('',*,*,#4678,.F.);
#6078=ORIENTED_EDGE('',*,*,#4679,.F.);
#6079=ORIENTED_EDGE('',*,*,#4680,.T.);
#6080=ORIENTED_EDGE('',*,*,#4681,.T.);
#6081=ORIENTED_EDGE('',*,*,#4676,.F.);
#6082=ORIENTED_EDGE('',*,*,#4682,.F.);
#6083=ORIENTED_EDGE('',*,*,#4683,.T.);
#6084=ORIENTED_EDGE('',*,*,#4684,.T.);
#6085=ORIENTED_EDGE('',*,*,#4680,.F.);
#6086=ORIENTED_EDGE('',*,*,#4685,.F.);
#6087=ORIENTED_EDGE('',*,*,#4686,.T.);
#6088=ORIENTED_EDGE('',*,*,#4687,.T.);
#6089=ORIENTED_EDGE('',*,*,#4683,.F.);
#6090=ORIENTED_EDGE('',*,*,#4688,.F.);
#6091=ORIENTED_EDGE('',*,*,#4689,.T.);
#6092=ORIENTED_EDGE('',*,*,#4690,.T.);
#6093=ORIENTED_EDGE('',*,*,#4686,.F.);
#6094=ORIENTED_EDGE('',*,*,#4691,.F.);
#6095=ORIENTED_EDGE('',*,*,#4692,.T.);
#6096=ORIENTED_EDGE('',*,*,#4693,.T.);
#6097=ORIENTED_EDGE('',*,*,#4689,.F.);
#6098=ORIENTED_EDGE('',*,*,#4694,.F.);
#6099=ORIENTED_EDGE('',*,*,#4678,.T.);
#6100=ORIENTED_EDGE('',*,*,#4695,.T.);
#6101=ORIENTED_EDGE('',*,*,#4692,.F.);
#6102=ORIENTED_EDGE('',*,*,#4695,.F.);
#6103=ORIENTED_EDGE('',*,*,#4677,.F.);
#6104=ORIENTED_EDGE('',*,*,#4681,.F.);
#6105=ORIENTED_EDGE('',*,*,#4684,.F.);
#6106=ORIENTED_EDGE('',*,*,#4687,.F.);
#6107=ORIENTED_EDGE('',*,*,#4690,.F.);
#6108=ORIENTED_EDGE('',*,*,#4693,.F.);
#6109=ORIENTED_EDGE('',*,*,#4696,.F.);
#6110=ORIENTED_EDGE('',*,*,#4697,.T.);
#6111=ORIENTED_EDGE('',*,*,#4698,.T.);
#6112=ORIENTED_EDGE('',*,*,#4699,.F.);
#6113=ORIENTED_EDGE('',*,*,#4700,.F.);
#6114=ORIENTED_EDGE('',*,*,#4701,.T.);
#6115=ORIENTED_EDGE('',*,*,#4702,.T.);
#6116=ORIENTED_EDGE('',*,*,#4697,.F.);
#6117=ORIENTED_EDGE('',*,*,#4703,.F.);
#6118=ORIENTED_EDGE('',*,*,#4704,.T.);
#6119=ORIENTED_EDGE('',*,*,#4705,.T.);
#6120=ORIENTED_EDGE('',*,*,#4701,.F.);
#6121=ORIENTED_EDGE('',*,*,#4706,.F.);
#6122=ORIENTED_EDGE('',*,*,#4707,.T.);
#6123=ORIENTED_EDGE('',*,*,#4708,.T.);
#6124=ORIENTED_EDGE('',*,*,#4704,.F.);
#6125=ORIENTED_EDGE('',*,*,#4709,.F.);
#6126=ORIENTED_EDGE('',*,*,#4710,.T.);
#6127=ORIENTED_EDGE('',*,*,#4711,.T.);
#6128=ORIENTED_EDGE('',*,*,#4707,.F.);
#6129=ORIENTED_EDGE('',*,*,#4712,.F.);
#6130=ORIENTED_EDGE('',*,*,#4713,.T.);
#6131=ORIENTED_EDGE('',*,*,#4714,.T.);
#6132=ORIENTED_EDGE('',*,*,#4710,.F.);
#6133=ORIENTED_EDGE('',*,*,#4715,.F.);
#6134=ORIENTED_EDGE('',*,*,#4716,.T.);
#6135=ORIENTED_EDGE('',*,*,#4717,.T.);
#6136=ORIENTED_EDGE('',*,*,#4713,.F.);
#6137=ORIENTED_EDGE('',*,*,#4718,.F.);
#6138=ORIENTED_EDGE('',*,*,#4719,.T.);
#6139=ORIENTED_EDGE('',*,*,#4720,.T.);
#6140=ORIENTED_EDGE('',*,*,#4716,.F.);
#6141=ORIENTED_EDGE('',*,*,#4721,.F.);
#6142=ORIENTED_EDGE('',*,*,#4722,.T.);
#6143=ORIENTED_EDGE('',*,*,#4723,.T.);
#6144=ORIENTED_EDGE('',*,*,#4719,.F.);
#6145=ORIENTED_EDGE('',*,*,#4724,.F.);
#6146=ORIENTED_EDGE('',*,*,#4725,.T.);
#6147=ORIENTED_EDGE('',*,*,#4726,.T.);
#6148=ORIENTED_EDGE('',*,*,#4722,.F.);
#6149=ORIENTED_EDGE('',*,*,#4727,.F.);
#6150=ORIENTED_EDGE('',*,*,#4728,.T.);
#6151=ORIENTED_EDGE('',*,*,#4729,.T.);
#6152=ORIENTED_EDGE('',*,*,#4725,.F.);
#6153=ORIENTED_EDGE('',*,*,#4730,.F.);
#6154=ORIENTED_EDGE('',*,*,#4699,.T.);
#6155=ORIENTED_EDGE('',*,*,#4731,.T.);
#6156=ORIENTED_EDGE('',*,*,#4728,.F.);
#6157=ORIENTED_EDGE('',*,*,#4731,.F.);
#6158=ORIENTED_EDGE('',*,*,#4698,.F.);
#6159=ORIENTED_EDGE('',*,*,#4702,.F.);
#6160=ORIENTED_EDGE('',*,*,#4705,.F.);
#6161=ORIENTED_EDGE('',*,*,#4708,.F.);
#6162=ORIENTED_EDGE('',*,*,#4711,.F.);
#6163=ORIENTED_EDGE('',*,*,#4714,.F.);
#6164=ORIENTED_EDGE('',*,*,#4717,.F.);
#6165=ORIENTED_EDGE('',*,*,#4720,.F.);
#6166=ORIENTED_EDGE('',*,*,#4723,.F.);
#6167=ORIENTED_EDGE('',*,*,#4726,.F.);
#6168=ORIENTED_EDGE('',*,*,#4729,.F.);
#6169=ORIENTED_EDGE('',*,*,#4732,.F.);
#6170=ORIENTED_EDGE('',*,*,#4733,.T.);
#6171=ORIENTED_EDGE('',*,*,#4734,.T.);
#6172=ORIENTED_EDGE('',*,*,#4735,.F.);
#6173=ORIENTED_EDGE('',*,*,#4736,.F.);
#6174=ORIENTED_EDGE('',*,*,#4737,.T.);
#6175=ORIENTED_EDGE('',*,*,#4738,.T.);
#6176=ORIENTED_EDGE('',*,*,#4733,.F.);
#6177=ORIENTED_EDGE('',*,*,#4739,.F.);
#6178=ORIENTED_EDGE('',*,*,#4740,.T.);
#6179=ORIENTED_EDGE('',*,*,#4741,.T.);
#6180=ORIENTED_EDGE('',*,*,#4737,.F.);
#6181=ORIENTED_EDGE('',*,*,#4742,.F.);
#6182=ORIENTED_EDGE('',*,*,#4743,.T.);
#6183=ORIENTED_EDGE('',*,*,#4744,.T.);
#6184=ORIENTED_EDGE('',*,*,#4740,.F.);
#6185=ORIENTED_EDGE('',*,*,#4745,.F.);
#6186=ORIENTED_EDGE('',*,*,#4746,.T.);
#6187=ORIENTED_EDGE('',*,*,#4747,.T.);
#6188=ORIENTED_EDGE('',*,*,#4743,.F.);
#6189=ORIENTED_EDGE('',*,*,#4748,.F.);
#6190=ORIENTED_EDGE('',*,*,#4749,.T.);
#6191=ORIENTED_EDGE('',*,*,#4750,.T.);
#6192=ORIENTED_EDGE('',*,*,#4746,.F.);
#6193=ORIENTED_EDGE('',*,*,#4751,.F.);
#6194=ORIENTED_EDGE('',*,*,#4752,.T.);
#6195=ORIENTED_EDGE('',*,*,#4753,.T.);
#6196=ORIENTED_EDGE('',*,*,#4749,.F.);
#6197=ORIENTED_EDGE('',*,*,#4754,.F.);
#6198=ORIENTED_EDGE('',*,*,#4755,.T.);
#6199=ORIENTED_EDGE('',*,*,#4756,.T.);
#6200=ORIENTED_EDGE('',*,*,#4752,.F.);
#6201=ORIENTED_EDGE('',*,*,#4757,.F.);
#6202=ORIENTED_EDGE('',*,*,#4758,.T.);
#6203=ORIENTED_EDGE('',*,*,#4759,.T.);
#6204=ORIENTED_EDGE('',*,*,#4755,.F.);
#6205=ORIENTED_EDGE('',*,*,#4760,.F.);
#6206=ORIENTED_EDGE('',*,*,#4761,.T.);
#6207=ORIENTED_EDGE('',*,*,#4762,.T.);
#6208=ORIENTED_EDGE('',*,*,#4758,.F.);
#6209=ORIENTED_EDGE('',*,*,#4763,.F.);
#6210=ORIENTED_EDGE('',*,*,#4764,.T.);
#6211=ORIENTED_EDGE('',*,*,#4765,.T.);
#6212=ORIENTED_EDGE('',*,*,#4761,.F.);
#6213=ORIENTED_EDGE('',*,*,#4766,.F.);
#6214=ORIENTED_EDGE('',*,*,#4767,.T.);
#6215=ORIENTED_EDGE('',*,*,#4768,.T.);
#6216=ORIENTED_EDGE('',*,*,#4764,.F.);
#6217=ORIENTED_EDGE('',*,*,#4769,.F.);
#6218=ORIENTED_EDGE('',*,*,#4770,.T.);
#6219=ORIENTED_EDGE('',*,*,#4771,.T.);
#6220=ORIENTED_EDGE('',*,*,#4767,.F.);
#6221=ORIENTED_EDGE('',*,*,#4772,.F.);
#6222=ORIENTED_EDGE('',*,*,#4773,.T.);
#6223=ORIENTED_EDGE('',*,*,#4774,.T.);
#6224=ORIENTED_EDGE('',*,*,#4770,.F.);
#6225=ORIENTED_EDGE('',*,*,#4775,.F.);
#6226=ORIENTED_EDGE('',*,*,#4776,.T.);
#6227=ORIENTED_EDGE('',*,*,#4777,.T.);
#6228=ORIENTED_EDGE('',*,*,#4773,.F.);
#6229=ORIENTED_EDGE('',*,*,#4778,.F.);
#6230=ORIENTED_EDGE('',*,*,#4779,.T.);
#6231=ORIENTED_EDGE('',*,*,#4780,.T.);
#6232=ORIENTED_EDGE('',*,*,#4776,.F.);
#6233=ORIENTED_EDGE('',*,*,#4781,.F.);
#6234=ORIENTED_EDGE('',*,*,#4782,.T.);
#6235=ORIENTED_EDGE('',*,*,#4783,.T.);
#6236=ORIENTED_EDGE('',*,*,#4779,.F.);
#6237=ORIENTED_EDGE('',*,*,#4784,.F.);
#6238=ORIENTED_EDGE('',*,*,#4785,.T.);
#6239=ORIENTED_EDGE('',*,*,#4786,.T.);
#6240=ORIENTED_EDGE('',*,*,#4782,.F.);
#6241=ORIENTED_EDGE('',*,*,#4787,.F.);
#6242=ORIENTED_EDGE('',*,*,#4788,.T.);
#6243=ORIENTED_EDGE('',*,*,#4789,.T.);
#6244=ORIENTED_EDGE('',*,*,#4785,.F.);
#6245=ORIENTED_EDGE('',*,*,#4790,.F.);
#6246=ORIENTED_EDGE('',*,*,#4791,.T.);
#6247=ORIENTED_EDGE('',*,*,#4792,.T.);
#6248=ORIENTED_EDGE('',*,*,#4788,.F.);
#6249=ORIENTED_EDGE('',*,*,#4793,.F.);
#6250=ORIENTED_EDGE('',*,*,#4735,.T.);
#6251=ORIENTED_EDGE('',*,*,#4794,.T.);
#6252=ORIENTED_EDGE('',*,*,#4791,.F.);
#6253=ORIENTED_EDGE('',*,*,#4794,.F.);
#6254=ORIENTED_EDGE('',*,*,#4734,.F.);
#6255=ORIENTED_EDGE('',*,*,#4738,.F.);
#6256=ORIENTED_EDGE('',*,*,#4741,.F.);
#6257=ORIENTED_EDGE('',*,*,#4744,.F.);
#6258=ORIENTED_EDGE('',*,*,#4747,.F.);
#6259=ORIENTED_EDGE('',*,*,#4750,.F.);
#6260=ORIENTED_EDGE('',*,*,#4753,.F.);
#6261=ORIENTED_EDGE('',*,*,#4756,.F.);
#6262=ORIENTED_EDGE('',*,*,#4759,.F.);
#6263=ORIENTED_EDGE('',*,*,#4762,.F.);
#6264=ORIENTED_EDGE('',*,*,#4765,.F.);
#6265=ORIENTED_EDGE('',*,*,#4768,.F.);
#6266=ORIENTED_EDGE('',*,*,#4771,.F.);
#6267=ORIENTED_EDGE('',*,*,#4774,.F.);
#6268=ORIENTED_EDGE('',*,*,#4777,.F.);
#6269=ORIENTED_EDGE('',*,*,#4780,.F.);
#6270=ORIENTED_EDGE('',*,*,#4783,.F.);
#6271=ORIENTED_EDGE('',*,*,#4786,.F.);
#6272=ORIENTED_EDGE('',*,*,#4789,.F.);
#6273=ORIENTED_EDGE('',*,*,#4792,.F.);
#6274=ORIENTED_EDGE('',*,*,#4795,.T.);
#6275=ORIENTED_EDGE('',*,*,#4796,.T.);
#6276=ORIENTED_EDGE('',*,*,#4797,.T.);
#6277=ORIENTED_EDGE('',*,*,#4798,.T.);
#6278=ORIENTED_EDGE('',*,*,#4732,.T.);
#6279=ORIENTED_EDGE('',*,*,#4793,.T.);
#6280=ORIENTED_EDGE('',*,*,#4790,.T.);
#6281=ORIENTED_EDGE('',*,*,#4787,.T.);
#6282=ORIENTED_EDGE('',*,*,#4784,.T.);
#6283=ORIENTED_EDGE('',*,*,#4781,.T.);
#6284=ORIENTED_EDGE('',*,*,#4778,.T.);
#6285=ORIENTED_EDGE('',*,*,#4775,.T.);
#6286=ORIENTED_EDGE('',*,*,#4772,.T.);
#6287=ORIENTED_EDGE('',*,*,#4769,.T.);
#6288=ORIENTED_EDGE('',*,*,#4766,.T.);
#6289=ORIENTED_EDGE('',*,*,#4763,.T.);
#6290=ORIENTED_EDGE('',*,*,#4760,.T.);
#6291=ORIENTED_EDGE('',*,*,#4757,.T.);
#6292=ORIENTED_EDGE('',*,*,#4754,.T.);
#6293=ORIENTED_EDGE('',*,*,#4751,.T.);
#6294=ORIENTED_EDGE('',*,*,#4748,.T.);
#6295=ORIENTED_EDGE('',*,*,#4745,.T.);
#6296=ORIENTED_EDGE('',*,*,#4742,.T.);
#6297=ORIENTED_EDGE('',*,*,#4739,.T.);
#6298=ORIENTED_EDGE('',*,*,#4736,.T.);
#6299=ORIENTED_EDGE('',*,*,#4696,.T.);
#6300=ORIENTED_EDGE('',*,*,#4730,.T.);
#6301=ORIENTED_EDGE('',*,*,#4727,.T.);
#6302=ORIENTED_EDGE('',*,*,#4724,.T.);
#6303=ORIENTED_EDGE('',*,*,#4721,.T.);
#6304=ORIENTED_EDGE('',*,*,#4718,.T.);
#6305=ORIENTED_EDGE('',*,*,#4715,.T.);
#6306=ORIENTED_EDGE('',*,*,#4712,.T.);
#6307=ORIENTED_EDGE('',*,*,#4709,.T.);
#6308=ORIENTED_EDGE('',*,*,#4706,.T.);
#6309=ORIENTED_EDGE('',*,*,#4703,.T.);
#6310=ORIENTED_EDGE('',*,*,#4700,.T.);
#6311=ORIENTED_EDGE('',*,*,#4675,.T.);
#6312=ORIENTED_EDGE('',*,*,#4694,.T.);
#6313=ORIENTED_EDGE('',*,*,#4691,.T.);
#6314=ORIENTED_EDGE('',*,*,#4688,.T.);
#6315=ORIENTED_EDGE('',*,*,#4685,.T.);
#6316=ORIENTED_EDGE('',*,*,#4682,.T.);
#6317=ORIENTED_EDGE('',*,*,#4679,.T.);
#6318=ORIENTED_EDGE('',*,*,#4672,.T.);
#6319=ORIENTED_EDGE('',*,*,#4654,.T.);
#6320=ORIENTED_EDGE('',*,*,#4670,.T.);
#6321=ORIENTED_EDGE('',*,*,#4667,.T.);
#6322=ORIENTED_EDGE('',*,*,#4664,.T.);
#6323=ORIENTED_EDGE('',*,*,#4661,.T.);
#6324=ORIENTED_EDGE('',*,*,#4658,.T.);
#6325=ORIENTED_EDGE('',*,*,#4600,.T.);
#6326=ORIENTED_EDGE('',*,*,#4652,.T.);
#6327=ORIENTED_EDGE('',*,*,#4649,.T.);
#6328=ORIENTED_EDGE('',*,*,#4646,.T.);
#6329=ORIENTED_EDGE('',*,*,#4643,.T.);
#6330=ORIENTED_EDGE('',*,*,#4640,.T.);
#6331=ORIENTED_EDGE('',*,*,#4637,.T.);
#6332=ORIENTED_EDGE('',*,*,#4634,.T.);
#6333=ORIENTED_EDGE('',*,*,#4631,.T.);
#6334=ORIENTED_EDGE('',*,*,#4628,.T.);
#6335=ORIENTED_EDGE('',*,*,#4625,.T.);
#6336=ORIENTED_EDGE('',*,*,#4622,.T.);
#6337=ORIENTED_EDGE('',*,*,#4619,.T.);
#6338=ORIENTED_EDGE('',*,*,#4616,.T.);
#6339=ORIENTED_EDGE('',*,*,#4613,.T.);
#6340=ORIENTED_EDGE('',*,*,#4610,.T.);
#6341=ORIENTED_EDGE('',*,*,#4607,.T.);
#6342=ORIENTED_EDGE('',*,*,#4604,.T.);
#6343=ORIENTED_EDGE('',*,*,#4555,.T.);
#6344=ORIENTED_EDGE('',*,*,#4598,.T.);
#6345=ORIENTED_EDGE('',*,*,#4595,.T.);
#6346=ORIENTED_EDGE('',*,*,#4592,.T.);
#6347=ORIENTED_EDGE('',*,*,#4589,.T.);
#6348=ORIENTED_EDGE('',*,*,#4586,.T.);
#6349=ORIENTED_EDGE('',*,*,#4583,.T.);
#6350=ORIENTED_EDGE('',*,*,#4580,.T.);
#6351=ORIENTED_EDGE('',*,*,#4577,.T.);
#6352=ORIENTED_EDGE('',*,*,#4574,.T.);
#6353=ORIENTED_EDGE('',*,*,#4571,.T.);
#6354=ORIENTED_EDGE('',*,*,#4568,.T.);
#6355=ORIENTED_EDGE('',*,*,#4565,.T.);
#6356=ORIENTED_EDGE('',*,*,#4562,.T.);
#6357=ORIENTED_EDGE('',*,*,#4559,.T.);
#6358=ORIENTED_EDGE('',*,*,#4531,.T.);
#6359=ORIENTED_EDGE('',*,*,#4553,.T.);
#6360=ORIENTED_EDGE('',*,*,#4550,.T.);
#6361=ORIENTED_EDGE('',*,*,#4547,.T.);
#6362=ORIENTED_EDGE('',*,*,#4544,.T.);
#6363=ORIENTED_EDGE('',*,*,#4541,.T.);
#6364=ORIENTED_EDGE('',*,*,#4538,.T.);
#6365=ORIENTED_EDGE('',*,*,#4535,.T.);
#6366=ORIENTED_EDGE('',*,*,#4799,.F.);
#6367=ORIENTED_EDGE('',*,*,#4800,.F.);
#6368=ORIENTED_EDGE('',*,*,#4801,.F.);
#6369=ORIENTED_EDGE('',*,*,#4518,.F.);
#6370=ORIENTED_EDGE('',*,*,#4519,.F.);
#6371=ORIENTED_EDGE('',*,*,#4801,.T.);
#6372=ORIENTED_EDGE('',*,*,#4802,.F.);
#6373=ORIENTED_EDGE('',*,*,#4803,.F.);
#6374=ORIENTED_EDGE('',*,*,#4804,.F.);
#6375=ORIENTED_EDGE('',*,*,#4520,.F.);
#6376=ORIENTED_EDGE('',*,*,#4803,.T.);
#6377=ORIENTED_EDGE('',*,*,#4805,.F.);
#6378=ORIENTED_EDGE('',*,*,#4806,.F.);
#6379=ORIENTED_EDGE('',*,*,#4805,.T.);
#6380=ORIENTED_EDGE('',*,*,#4802,.T.);
#6381=ORIENTED_EDGE('',*,*,#4800,.T.);
#6382=ORIENTED_EDGE('',*,*,#4807,.F.);
#6383=ORIENTED_EDGE('',*,*,#4808,.F.);
#6384=ORIENTED_EDGE('',*,*,#4809,.F.);
#6385=ORIENTED_EDGE('',*,*,#4510,.F.);
#6386=ORIENTED_EDGE('',*,*,#4511,.F.);
#6387=ORIENTED_EDGE('',*,*,#4809,.T.);
#6388=ORIENTED_EDGE('',*,*,#4810,.F.);
#6389=ORIENTED_EDGE('',*,*,#4811,.F.);
#6390=ORIENTED_EDGE('',*,*,#4812,.F.);
#6391=ORIENTED_EDGE('',*,*,#4512,.F.);
#6392=ORIENTED_EDGE('',*,*,#4811,.T.);
#6393=ORIENTED_EDGE('',*,*,#4813,.F.);
#6394=ORIENTED_EDGE('',*,*,#4814,.F.);
#6395=ORIENTED_EDGE('',*,*,#4813,.T.);
#6396=ORIENTED_EDGE('',*,*,#4810,.T.);
#6397=ORIENTED_EDGE('',*,*,#4808,.T.);
#6398=ORIENTED_EDGE('',*,*,#4815,.F.);
#6399=ORIENTED_EDGE('',*,*,#4816,.F.);
#6400=ORIENTED_EDGE('',*,*,#4817,.F.);
#6401=ORIENTED_EDGE('',*,*,#4502,.F.);
#6402=ORIENTED_EDGE('',*,*,#4503,.F.);
#6403=ORIENTED_EDGE('',*,*,#4817,.T.);
#6404=ORIENTED_EDGE('',*,*,#4818,.F.);
#6405=ORIENTED_EDGE('',*,*,#4819,.F.);
#6406=ORIENTED_EDGE('',*,*,#4820,.F.);
#6407=ORIENTED_EDGE('',*,*,#4504,.F.);
#6408=ORIENTED_EDGE('',*,*,#4819,.T.);
#6409=ORIENTED_EDGE('',*,*,#4821,.F.);
#6410=ORIENTED_EDGE('',*,*,#4822,.F.);
#6411=ORIENTED_EDGE('',*,*,#4821,.T.);
#6412=ORIENTED_EDGE('',*,*,#4818,.T.);
#6413=ORIENTED_EDGE('',*,*,#4816,.T.);
#6414=ORIENTED_EDGE('',*,*,#4468,.F.);
#6415=ORIENTED_EDGE('',*,*,#4823,.F.);
#6416=ORIENTED_EDGE('',*,*,#4824,.F.);
#6417=ORIENTED_EDGE('',*,*,#4825,.F.);
#6418=ORIENTED_EDGE('',*,*,#4469,.F.);
#6419=ORIENTED_EDGE('',*,*,#4825,.T.);
#6420=ORIENTED_EDGE('',*,*,#4826,.F.);
#6421=ORIENTED_EDGE('',*,*,#4827,.F.);
#6422=ORIENTED_EDGE('',*,*,#4470,.F.);
#6423=ORIENTED_EDGE('',*,*,#4827,.T.);
#6424=ORIENTED_EDGE('',*,*,#4828,.F.);
#6425=ORIENTED_EDGE('',*,*,#4829,.F.);
#6426=ORIENTED_EDGE('',*,*,#4828,.T.);
#6427=ORIENTED_EDGE('',*,*,#4826,.T.);
#6428=ORIENTED_EDGE('',*,*,#4824,.T.);
#6429=ORIENTED_EDGE('',*,*,#4830,.F.);
#6430=ORIENTED_EDGE('',*,*,#4476,.F.);
#6431=ORIENTED_EDGE('',*,*,#4831,.F.);
#6432=ORIENTED_EDGE('',*,*,#4832,.F.);
#6433=ORIENTED_EDGE('',*,*,#4833,.F.);
#6434=ORIENTED_EDGE('',*,*,#4477,.F.);
#6435=ORIENTED_EDGE('',*,*,#4833,.T.);
#6436=ORIENTED_EDGE('',*,*,#4834,.F.);
#6437=ORIENTED_EDGE('',*,*,#4835,.F.);
#6438=ORIENTED_EDGE('',*,*,#4478,.F.);
#6439=ORIENTED_EDGE('',*,*,#4835,.T.);
#6440=ORIENTED_EDGE('',*,*,#4836,.F.);
#6441=ORIENTED_EDGE('',*,*,#4837,.F.);
#6442=ORIENTED_EDGE('',*,*,#4836,.T.);
#6443=ORIENTED_EDGE('',*,*,#4834,.T.);
#6444=ORIENTED_EDGE('',*,*,#4832,.T.);
#6445=ORIENTED_EDGE('',*,*,#4838,.F.);
#6446=ORIENTED_EDGE('',*,*,#4484,.F.);
#6447=ORIENTED_EDGE('',*,*,#4839,.F.);
#6448=ORIENTED_EDGE('',*,*,#4840,.F.);
#6449=ORIENTED_EDGE('',*,*,#4841,.F.);
#6450=ORIENTED_EDGE('',*,*,#4485,.F.);
#6451=ORIENTED_EDGE('',*,*,#4841,.T.);
#6452=ORIENTED_EDGE('',*,*,#4842,.F.);
#6453=ORIENTED_EDGE('',*,*,#4843,.F.);
#6454=ORIENTED_EDGE('',*,*,#4486,.F.);
#6455=ORIENTED_EDGE('',*,*,#4843,.T.);
#6456=ORIENTED_EDGE('',*,*,#4844,.F.);
#6457=ORIENTED_EDGE('',*,*,#4845,.F.);
#6458=ORIENTED_EDGE('',*,*,#4844,.T.);
#6459=ORIENTED_EDGE('',*,*,#4842,.T.);
#6460=ORIENTED_EDGE('',*,*,#4840,.T.);
#6461=ORIENTED_EDGE('',*,*,#4846,.F.);
#6462=ORIENTED_EDGE('',*,*,#4492,.F.);
#6463=ORIENTED_EDGE('',*,*,#4847,.F.);
#6464=ORIENTED_EDGE('',*,*,#4848,.F.);
#6465=ORIENTED_EDGE('',*,*,#4849,.F.);
#6466=ORIENTED_EDGE('',*,*,#4493,.F.);
#6467=ORIENTED_EDGE('',*,*,#4849,.T.);
#6468=ORIENTED_EDGE('',*,*,#4850,.F.);
#6469=ORIENTED_EDGE('',*,*,#4851,.F.);
#6470=ORIENTED_EDGE('',*,*,#4494,.F.);
#6471=ORIENTED_EDGE('',*,*,#4851,.T.);
#6472=ORIENTED_EDGE('',*,*,#4852,.F.);
#6473=ORIENTED_EDGE('',*,*,#4853,.F.);
#6474=ORIENTED_EDGE('',*,*,#4852,.T.);
#6475=ORIENTED_EDGE('',*,*,#4850,.T.);
#6476=ORIENTED_EDGE('',*,*,#4848,.T.);
#6477=ORIENTED_EDGE('',*,*,#4854,.F.);
#6478=ORIENTED_EDGE('',*,*,#4488,.F.);
#6479=ORIENTED_EDGE('',*,*,#4855,.F.);
#6480=ORIENTED_EDGE('',*,*,#4856,.F.);
#6481=ORIENTED_EDGE('',*,*,#4857,.F.);
#6482=ORIENTED_EDGE('',*,*,#4489,.F.);
#6483=ORIENTED_EDGE('',*,*,#4857,.T.);
#6484=ORIENTED_EDGE('',*,*,#4858,.F.);
#6485=ORIENTED_EDGE('',*,*,#4859,.F.);
#6486=ORIENTED_EDGE('',*,*,#4490,.F.);
#6487=ORIENTED_EDGE('',*,*,#4859,.T.);
#6488=ORIENTED_EDGE('',*,*,#4860,.F.);
#6489=ORIENTED_EDGE('',*,*,#4861,.F.);
#6490=ORIENTED_EDGE('',*,*,#4860,.T.);
#6491=ORIENTED_EDGE('',*,*,#4858,.T.);
#6492=ORIENTED_EDGE('',*,*,#4856,.T.);
#6493=ORIENTED_EDGE('',*,*,#4862,.F.);
#6494=ORIENTED_EDGE('',*,*,#4480,.F.);
#6495=ORIENTED_EDGE('',*,*,#4863,.F.);
#6496=ORIENTED_EDGE('',*,*,#4864,.F.);
#6497=ORIENTED_EDGE('',*,*,#4865,.F.);
#6498=ORIENTED_EDGE('',*,*,#4481,.F.);
#6499=ORIENTED_EDGE('',*,*,#4865,.T.);
#6500=ORIENTED_EDGE('',*,*,#4866,.F.);
#6501=ORIENTED_EDGE('',*,*,#4867,.F.);
#6502=ORIENTED_EDGE('',*,*,#4482,.F.);
#6503=ORIENTED_EDGE('',*,*,#4867,.T.);
#6504=ORIENTED_EDGE('',*,*,#4868,.F.);
#6505=ORIENTED_EDGE('',*,*,#4869,.F.);
#6506=ORIENTED_EDGE('',*,*,#4868,.T.);
#6507=ORIENTED_EDGE('',*,*,#4866,.T.);
#6508=ORIENTED_EDGE('',*,*,#4864,.T.);
#6509=ORIENTED_EDGE('',*,*,#4870,.F.);
#6510=ORIENTED_EDGE('',*,*,#4472,.F.);
#6511=ORIENTED_EDGE('',*,*,#4871,.F.);
#6512=ORIENTED_EDGE('',*,*,#4872,.F.);
#6513=ORIENTED_EDGE('',*,*,#4873,.F.);
#6514=ORIENTED_EDGE('',*,*,#4473,.F.);
#6515=ORIENTED_EDGE('',*,*,#4873,.T.);
#6516=ORIENTED_EDGE('',*,*,#4874,.F.);
#6517=ORIENTED_EDGE('',*,*,#4875,.F.);
#6518=ORIENTED_EDGE('',*,*,#4474,.F.);
#6519=ORIENTED_EDGE('',*,*,#4875,.T.);
#6520=ORIENTED_EDGE('',*,*,#4876,.F.);
#6521=ORIENTED_EDGE('',*,*,#4877,.F.);
#6522=ORIENTED_EDGE('',*,*,#4876,.T.);
#6523=ORIENTED_EDGE('',*,*,#4874,.T.);
#6524=ORIENTED_EDGE('',*,*,#4872,.T.);
#6525=ORIENTED_EDGE('',*,*,#4878,.F.);
#6526=ORIENTED_EDGE('',*,*,#4879,.F.);
#6527=ORIENTED_EDGE('',*,*,#4880,.F.);
#6528=ORIENTED_EDGE('',*,*,#4881,.F.);
#6529=ORIENTED_EDGE('',*,*,#4498,.F.);
#6530=ORIENTED_EDGE('',*,*,#4499,.F.);
#6531=ORIENTED_EDGE('',*,*,#4881,.T.);
#6532=ORIENTED_EDGE('',*,*,#4882,.F.);
#6533=ORIENTED_EDGE('',*,*,#4883,.F.);
#6534=ORIENTED_EDGE('',*,*,#4884,.F.);
#6535=ORIENTED_EDGE('',*,*,#4500,.F.);
#6536=ORIENTED_EDGE('',*,*,#4883,.T.);
#6537=ORIENTED_EDGE('',*,*,#4885,.F.);
#6538=ORIENTED_EDGE('',*,*,#4886,.F.);
#6539=ORIENTED_EDGE('',*,*,#4885,.T.);
#6540=ORIENTED_EDGE('',*,*,#4882,.T.);
#6541=ORIENTED_EDGE('',*,*,#4880,.T.);
#6542=ORIENTED_EDGE('',*,*,#4887,.F.);
#6543=ORIENTED_EDGE('',*,*,#4888,.F.);
#6544=ORIENTED_EDGE('',*,*,#4889,.F.);
#6545=ORIENTED_EDGE('',*,*,#4506,.F.);
#6546=ORIENTED_EDGE('',*,*,#4507,.F.);
#6547=ORIENTED_EDGE('',*,*,#4889,.T.);
#6548=ORIENTED_EDGE('',*,*,#4890,.F.);
#6549=ORIENTED_EDGE('',*,*,#4891,.F.);
#6550=ORIENTED_EDGE('',*,*,#4892,.F.);
#6551=ORIENTED_EDGE('',*,*,#4508,.F.);
#6552=ORIENTED_EDGE('',*,*,#4891,.T.);
#6553=ORIENTED_EDGE('',*,*,#4893,.F.);
#6554=ORIENTED_EDGE('',*,*,#4894,.F.);
#6555=ORIENTED_EDGE('',*,*,#4893,.T.);
#6556=ORIENTED_EDGE('',*,*,#4890,.T.);
#6557=ORIENTED_EDGE('',*,*,#4888,.T.);
#6558=ORIENTED_EDGE('',*,*,#4895,.F.);
#6559=ORIENTED_EDGE('',*,*,#4896,.F.);
#6560=ORIENTED_EDGE('',*,*,#4897,.F.);
#6561=ORIENTED_EDGE('',*,*,#4514,.F.);
#6562=ORIENTED_EDGE('',*,*,#4515,.F.);
#6563=ORIENTED_EDGE('',*,*,#4897,.T.);
#6564=ORIENTED_EDGE('',*,*,#4898,.F.);
#6565=ORIENTED_EDGE('',*,*,#4899,.F.);
#6566=ORIENTED_EDGE('',*,*,#4900,.F.);
#6567=ORIENTED_EDGE('',*,*,#4516,.F.);
#6568=ORIENTED_EDGE('',*,*,#4899,.T.);
#6569=ORIENTED_EDGE('',*,*,#4901,.F.);
#6570=ORIENTED_EDGE('',*,*,#4902,.F.);
#6571=ORIENTED_EDGE('',*,*,#4901,.T.);
#6572=ORIENTED_EDGE('',*,*,#4898,.T.);
#6573=ORIENTED_EDGE('',*,*,#4896,.T.);
#6574=ORIENTED_EDGE('',*,*,#4903,.F.);
#6575=ORIENTED_EDGE('',*,*,#4904,.F.);
#6576=ORIENTED_EDGE('',*,*,#4905,.F.);
#6577=ORIENTED_EDGE('',*,*,#4462,.F.);
#6578=ORIENTED_EDGE('',*,*,#4463,.F.);
#6579=ORIENTED_EDGE('',*,*,#4905,.T.);
#6580=ORIENTED_EDGE('',*,*,#4906,.F.);
#6581=ORIENTED_EDGE('',*,*,#4907,.F.);
#6582=ORIENTED_EDGE('',*,*,#4908,.F.);
#6583=ORIENTED_EDGE('',*,*,#4464,.F.);
#6584=ORIENTED_EDGE('',*,*,#4907,.T.);
#6585=ORIENTED_EDGE('',*,*,#4909,.F.);
#6586=ORIENTED_EDGE('',*,*,#4910,.F.);
#6587=ORIENTED_EDGE('',*,*,#4909,.T.);
#6588=ORIENTED_EDGE('',*,*,#4906,.T.);
#6589=ORIENTED_EDGE('',*,*,#4904,.T.);
#6590=ORIENTED_EDGE('',*,*,#4804,.T.);
#6591=ORIENTED_EDGE('',*,*,#4806,.T.);
#6592=ORIENTED_EDGE('',*,*,#4799,.T.);
#6593=ORIENTED_EDGE('',*,*,#4517,.F.);
#6594=ORIENTED_EDGE('',*,*,#4900,.T.);
#6595=ORIENTED_EDGE('',*,*,#4902,.T.);
#6596=ORIENTED_EDGE('',*,*,#4895,.T.);
#6597=ORIENTED_EDGE('',*,*,#4513,.F.);
#6598=ORIENTED_EDGE('',*,*,#4812,.T.);
#6599=ORIENTED_EDGE('',*,*,#4814,.T.);
#6600=ORIENTED_EDGE('',*,*,#4807,.T.);
#6601=ORIENTED_EDGE('',*,*,#4509,.F.);
#6602=ORIENTED_EDGE('',*,*,#4892,.T.);
#6603=ORIENTED_EDGE('',*,*,#4894,.T.);
#6604=ORIENTED_EDGE('',*,*,#4887,.T.);
#6605=ORIENTED_EDGE('',*,*,#4505,.F.);
#6606=ORIENTED_EDGE('',*,*,#4820,.T.);
#6607=ORIENTED_EDGE('',*,*,#4822,.T.);
#6608=ORIENTED_EDGE('',*,*,#4815,.T.);
#6609=ORIENTED_EDGE('',*,*,#4501,.F.);
#6610=ORIENTED_EDGE('',*,*,#4884,.T.);
#6611=ORIENTED_EDGE('',*,*,#4886,.T.);
#6612=ORIENTED_EDGE('',*,*,#4879,.T.);
#6613=ORIENTED_EDGE('',*,*,#4497,.F.);
#6614=ORIENTED_EDGE('',*,*,#4911,.T.);
#6615=ORIENTED_EDGE('',*,*,#4798,.F.);
#6616=ORIENTED_EDGE('',*,*,#4912,.F.);
#6617=ORIENTED_EDGE('',*,*,#4465,.F.);
#6618=ORIENTED_EDGE('',*,*,#4908,.T.);
#6619=ORIENTED_EDGE('',*,*,#4910,.T.);
#6620=ORIENTED_EDGE('',*,*,#4903,.T.);
#6621=ORIENTED_EDGE('',*,*,#4521,.F.);
#6622=ORIENTED_EDGE('',*,*,#4466,.F.);
#6623=ORIENTED_EDGE('',*,*,#4912,.T.);
#6624=ORIENTED_EDGE('',*,*,#4797,.F.);
#6625=ORIENTED_EDGE('',*,*,#4913,.F.);
#6626=ORIENTED_EDGE('',*,*,#4823,.T.);
#6627=ORIENTED_EDGE('',*,*,#4467,.F.);
#6628=ORIENTED_EDGE('',*,*,#4913,.T.);
#6629=ORIENTED_EDGE('',*,*,#4796,.F.);
#6630=ORIENTED_EDGE('',*,*,#4914,.F.);
#6631=ORIENTED_EDGE('',*,*,#4495,.F.);
#6632=ORIENTED_EDGE('',*,*,#4853,.T.);
#6633=ORIENTED_EDGE('',*,*,#4854,.T.);
#6634=ORIENTED_EDGE('',*,*,#4847,.T.);
#6635=ORIENTED_EDGE('',*,*,#4491,.F.);
#6636=ORIENTED_EDGE('',*,*,#4861,.T.);
#6637=ORIENTED_EDGE('',*,*,#4862,.T.);
#6638=ORIENTED_EDGE('',*,*,#4855,.T.);
#6639=ORIENTED_EDGE('',*,*,#4487,.F.);
#6640=ORIENTED_EDGE('',*,*,#4845,.T.);
#6641=ORIENTED_EDGE('',*,*,#4846,.T.);
#6642=ORIENTED_EDGE('',*,*,#4839,.T.);
#6643=ORIENTED_EDGE('',*,*,#4483,.F.);
#6644=ORIENTED_EDGE('',*,*,#4869,.T.);
#6645=ORIENTED_EDGE('',*,*,#4870,.T.);
#6646=ORIENTED_EDGE('',*,*,#4863,.T.);
#6647=ORIENTED_EDGE('',*,*,#4479,.F.);
#6648=ORIENTED_EDGE('',*,*,#4837,.T.);
#6649=ORIENTED_EDGE('',*,*,#4838,.T.);
#6650=ORIENTED_EDGE('',*,*,#4831,.T.);
#6651=ORIENTED_EDGE('',*,*,#4475,.F.);
#6652=ORIENTED_EDGE('',*,*,#4877,.T.);
#6653=ORIENTED_EDGE('',*,*,#4878,.T.);
#6654=ORIENTED_EDGE('',*,*,#4871,.T.);
#6655=ORIENTED_EDGE('',*,*,#4471,.F.);
#6656=ORIENTED_EDGE('',*,*,#4829,.T.);
#6657=ORIENTED_EDGE('',*,*,#4830,.T.);
#6658=ORIENTED_EDGE('',*,*,#4496,.F.);
#6659=ORIENTED_EDGE('',*,*,#4914,.T.);
#6660=ORIENTED_EDGE('',*,*,#4795,.F.);
#6661=ORIENTED_EDGE('',*,*,#4911,.F.);
#6662=ORIENTED_EDGE('',*,*,#4522,.T.);
#6663=ORIENTED_EDGE('',*,*,#4526,.T.);
#6664=ORIENTED_EDGE('',*,*,#4529,.T.);
#6665=ORIENTED_EDGE('',*,*,#4915,.T.);
#6666=ORIENTED_EDGE('',*,*,#4916,.T.);
#6667=ORIENTED_EDGE('',*,*,#4917,.F.);
#6668=ORIENTED_EDGE('',*,*,#4918,.T.);
#6669=ORIENTED_EDGE('',*,*,#4919,.T.);
#6670=ORIENTED_EDGE('',*,*,#4920,.T.);
#6671=ORIENTED_EDGE('',*,*,#4921,.F.);
#6672=ORIENTED_EDGE('',*,*,#4922,.F.);
#6673=ORIENTED_EDGE('',*,*,#4923,.F.);
#6674=ORIENTED_EDGE('',*,*,#4924,.F.);
#6675=ORIENTED_EDGE('',*,*,#4925,.F.);
#6676=ORIENTED_EDGE('',*,*,#4926,.T.);
#6677=ORIENTED_EDGE('',*,*,#4927,.T.);
#6678=ORIENTED_EDGE('',*,*,#4928,.T.);
#6679=ORIENTED_EDGE('',*,*,#4929,.F.);
#6680=ORIENTED_EDGE('',*,*,#4930,.T.);
#6681=ORIENTED_EDGE('',*,*,#4931,.T.);
#6682=ORIENTED_EDGE('',*,*,#4932,.T.);
#6683=ORIENTED_EDGE('',*,*,#4933,.T.);
#6684=ORIENTED_EDGE('',*,*,#4934,.T.);
#6685=ORIENTED_EDGE('',*,*,#4935,.T.);
#6686=ORIENTED_EDGE('',*,*,#4936,.T.);
#6687=ORIENTED_EDGE('',*,*,#4937,.T.);
#6688=ORIENTED_EDGE('',*,*,#4938,.T.);
#6689=ORIENTED_EDGE('',*,*,#4935,.F.);
#6690=ORIENTED_EDGE('',*,*,#4939,.T.);
#6691=ORIENTED_EDGE('',*,*,#4924,.T.);
#6692=ORIENTED_EDGE('',*,*,#4940,.F.);
#6693=ORIENTED_EDGE('',*,*,#4941,.T.);
#6694=ORIENTED_EDGE('',*,*,#4942,.T.);
#6695=ORIENTED_EDGE('',*,*,#4943,.T.);
#6696=ORIENTED_EDGE('',*,*,#4944,.F.);
#6697=ORIENTED_EDGE('',*,*,#4945,.F.);
#6698=ORIENTED_EDGE('',*,*,#4938,.F.);
#6699=ORIENTED_EDGE('',*,*,#4946,.T.);
#6700=ORIENTED_EDGE('',*,*,#4947,.F.);
#6701=ORIENTED_EDGE('',*,*,#4948,.T.);
#6702=ORIENTED_EDGE('',*,*,#4949,.T.);
#6703=ORIENTED_EDGE('',*,*,#4950,.T.);
#6704=ORIENTED_EDGE('',*,*,#4929,.T.);
#6705=ORIENTED_EDGE('',*,*,#4951,.T.);
#6706=ORIENTED_EDGE('',*,*,#4952,.T.);
#6707=ORIENTED_EDGE('',*,*,#4953,.T.);
#6708=ORIENTED_EDGE('',*,*,#4925,.T.);
#6709=ORIENTED_EDGE('',*,*,#4939,.F.);
#6710=ORIENTED_EDGE('',*,*,#4947,.T.);
#6711=ORIENTED_EDGE('',*,*,#4954,.T.);
#6712=ORIENTED_EDGE('',*,*,#4955,.T.);
#6713=ORIENTED_EDGE('',*,*,#4956,.T.);
#6714=ORIENTED_EDGE('',*,*,#4957,.T.);
#6715=ORIENTED_EDGE('',*,*,#4958,.T.);
#6716=ORIENTED_EDGE('',*,*,#4959,.T.);
#6717=ORIENTED_EDGE('',*,*,#4956,.F.);
#6718=ORIENTED_EDGE('',*,*,#4960,.T.);
#6719=ORIENTED_EDGE('',*,*,#4961,.T.);
#6720=ORIENTED_EDGE('',*,*,#4958,.F.);
#6721=ORIENTED_EDGE('',*,*,#4962,.T.);
#6722=ORIENTED_EDGE('',*,*,#4963,.T.);
#6723=ORIENTED_EDGE('',*,*,#4964,.T.);
#6724=ORIENTED_EDGE('',*,*,#4960,.F.);
#6725=ORIENTED_EDGE('',*,*,#4965,.T.);
#6726=ORIENTED_EDGE('',*,*,#4954,.F.);
#6727=ORIENTED_EDGE('',*,*,#4966,.T.);
#6728=ORIENTED_EDGE('',*,*,#4967,.F.);
#6729=ORIENTED_EDGE('',*,*,#4968,.F.);
#6730=ORIENTED_EDGE('',*,*,#4959,.F.);
#6731=ORIENTED_EDGE('',*,*,#4961,.F.);
#6732=ORIENTED_EDGE('',*,*,#4964,.F.);
#6733=ORIENTED_EDGE('',*,*,#4969,.F.);
#6734=ORIENTED_EDGE('',*,*,#4970,.F.);
#6735=ORIENTED_EDGE('',*,*,#4932,.F.);
#6736=ORIENTED_EDGE('',*,*,#4971,.T.);
#6737=ORIENTED_EDGE('',*,*,#4972,.F.);
#6738=ORIENTED_EDGE('',*,*,#4948,.F.);
#6739=ORIENTED_EDGE('',*,*,#4973,.T.);
#6740=ORIENTED_EDGE('',*,*,#4974,.T.);
#6741=ORIENTED_EDGE('',*,*,#4975,.T.);
#6742=ORIENTED_EDGE('',*,*,#4976,.T.);
#6743=ORIENTED_EDGE('',*,*,#4975,.F.);
#6744=ORIENTED_EDGE('',*,*,#4977,.T.);
#6745=ORIENTED_EDGE('',*,*,#4978,.F.);
#6746=ORIENTED_EDGE('',*,*,#4979,.F.);
#6747=ORIENTED_EDGE('',*,*,#4974,.F.);
#6748=ORIENTED_EDGE('',*,*,#4980,.T.);
#6749=ORIENTED_EDGE('',*,*,#4921,.T.);
#6750=ORIENTED_EDGE('',*,*,#4981,.T.);
#6751=ORIENTED_EDGE('',*,*,#4982,.T.);
#6752=ORIENTED_EDGE('',*,*,#4983,.T.);
#6753=ORIENTED_EDGE('',*,*,#4917,.T.);
#6754=ORIENTED_EDGE('',*,*,#4984,.T.);
#6755=ORIENTED_EDGE('',*,*,#4985,.F.);
#6756=ORIENTED_EDGE('',*,*,#4986,.T.);
#6757=ORIENTED_EDGE('',*,*,#4987,.T.);
#6758=ORIENTED_EDGE('',*,*,#4988,.T.);
#6759=ORIENTED_EDGE('',*,*,#4989,.T.);
#6760=ORIENTED_EDGE('',*,*,#4985,.T.);
#6761=ORIENTED_EDGE('',*,*,#4989,.F.);
#6762=ORIENTED_EDGE('',*,*,#4990,.F.);
#6763=ORIENTED_EDGE('',*,*,#4991,.T.);
#6764=ORIENTED_EDGE('',*,*,#4992,.T.);
#6765=ORIENTED_EDGE('',*,*,#4962,.F.);
#6766=ORIENTED_EDGE('',*,*,#4993,.T.);
#6767=ORIENTED_EDGE('',*,*,#4994,.T.);
#6768=ORIENTED_EDGE('',*,*,#4995,.T.);
#6769=ORIENTED_EDGE('',*,*,#4965,.F.);
#6770=ORIENTED_EDGE('',*,*,#4995,.F.);
#6771=ORIENTED_EDGE('',*,*,#4996,.T.);
#6772=ORIENTED_EDGE('',*,*,#4915,.F.);
#6773=ORIENTED_EDGE('',*,*,#4997,.T.);
#6774=ORIENTED_EDGE('',*,*,#4998,.T.);
#6775=ORIENTED_EDGE('',*,*,#4926,.F.);
#6776=ORIENTED_EDGE('',*,*,#4953,.F.);
#6777=ORIENTED_EDGE('',*,*,#4999,.F.);
#6778=ORIENTED_EDGE('',*,*,#5000,.F.);
#6779=ORIENTED_EDGE('',*,*,#4927,.F.);
#6780=ORIENTED_EDGE('',*,*,#5000,.T.);
#6781=ORIENTED_EDGE('',*,*,#5001,.F.);
#6782=ORIENTED_EDGE('',*,*,#5002,.F.);
#6783=ORIENTED_EDGE('',*,*,#4928,.F.);
#6784=ORIENTED_EDGE('',*,*,#5002,.T.);
#6785=ORIENTED_EDGE('',*,*,#5003,.F.);
#6786=ORIENTED_EDGE('',*,*,#4951,.F.);
#6787=ORIENTED_EDGE('',*,*,#4952,.F.);
#6788=ORIENTED_EDGE('',*,*,#5003,.T.);
#6789=ORIENTED_EDGE('',*,*,#5001,.T.);
#6790=ORIENTED_EDGE('',*,*,#4999,.T.);
#6791=ORIENTED_EDGE('',*,*,#4930,.F.);
#6792=ORIENTED_EDGE('',*,*,#4950,.F.);
#6793=ORIENTED_EDGE('',*,*,#5004,.F.);
#6794=ORIENTED_EDGE('',*,*,#5005,.F.);
#6795=ORIENTED_EDGE('',*,*,#4931,.F.);
#6796=ORIENTED_EDGE('',*,*,#5005,.T.);
#6797=ORIENTED_EDGE('',*,*,#5006,.F.);
#6798=ORIENTED_EDGE('',*,*,#4971,.F.);
#6799=ORIENTED_EDGE('',*,*,#4972,.T.);
#6800=ORIENTED_EDGE('',*,*,#5006,.T.);
#6801=ORIENTED_EDGE('',*,*,#5004,.T.);
#6802=ORIENTED_EDGE('',*,*,#4949,.F.);
#6803=ORIENTED_EDGE('',*,*,#4918,.F.);
#6804=ORIENTED_EDGE('',*,*,#4983,.F.);
#6805=ORIENTED_EDGE('',*,*,#5007,.F.);
#6806=ORIENTED_EDGE('',*,*,#5008,.F.);
#6807=ORIENTED_EDGE('',*,*,#4919,.F.);
#6808=ORIENTED_EDGE('',*,*,#5008,.T.);
#6809=ORIENTED_EDGE('',*,*,#5009,.F.);
#6810=ORIENTED_EDGE('',*,*,#5010,.F.);
#6811=ORIENTED_EDGE('',*,*,#4920,.F.);
#6812=ORIENTED_EDGE('',*,*,#5010,.T.);
#6813=ORIENTED_EDGE('',*,*,#5011,.F.);
#6814=ORIENTED_EDGE('',*,*,#4981,.F.);
#6815=ORIENTED_EDGE('',*,*,#4982,.F.);
#6816=ORIENTED_EDGE('',*,*,#5011,.T.);
#6817=ORIENTED_EDGE('',*,*,#5009,.T.);
#6818=ORIENTED_EDGE('',*,*,#5007,.T.);
#6819=ORIENTED_EDGE('',*,*,#4933,.F.);
#6820=ORIENTED_EDGE('',*,*,#4970,.T.);
#6821=ORIENTED_EDGE('',*,*,#5012,.F.);
#6822=ORIENTED_EDGE('',*,*,#5013,.F.);
#6823=ORIENTED_EDGE('',*,*,#4934,.F.);
#6824=ORIENTED_EDGE('',*,*,#5013,.T.);
#6825=ORIENTED_EDGE('',*,*,#5014,.F.);
#6826=ORIENTED_EDGE('',*,*,#4997,.F.);
#6827=ORIENTED_EDGE('',*,*,#4998,.F.);
#6828=ORIENTED_EDGE('',*,*,#5014,.T.);
#6829=ORIENTED_EDGE('',*,*,#5012,.T.);
#6830=ORIENTED_EDGE('',*,*,#4969,.T.);
#6831=ORIENTED_EDGE('',*,*,#4963,.F.);
#6832=ORIENTED_EDGE('',*,*,#4987,.F.);
#6833=ORIENTED_EDGE('',*,*,#4984,.F.);
#6834=ORIENTED_EDGE('',*,*,#4916,.F.);
#6835=ORIENTED_EDGE('',*,*,#4996,.F.);
#6836=ORIENTED_EDGE('',*,*,#4994,.F.);
#6837=ORIENTED_EDGE('',*,*,#5015,.F.);
#6838=ORIENTED_EDGE('',*,*,#5016,.F.);
#6839=ORIENTED_EDGE('',*,*,#5017,.T.);
#6840=ORIENTED_EDGE('',*,*,#5018,.T.);
#6841=ORIENTED_EDGE('',*,*,#4991,.F.);
#6842=ORIENTED_EDGE('',*,*,#5019,.F.);
#6843=ORIENTED_EDGE('',*,*,#5020,.T.);
#6844=ORIENTED_EDGE('',*,*,#5021,.T.);
#6845=ORIENTED_EDGE('',*,*,#5017,.F.);
#6846=ORIENTED_EDGE('',*,*,#5022,.F.);
#6847=ORIENTED_EDGE('',*,*,#5023,.T.);
#6848=ORIENTED_EDGE('',*,*,#5024,.T.);
#6849=ORIENTED_EDGE('',*,*,#5020,.F.);
#6850=ORIENTED_EDGE('',*,*,#5025,.F.);
#6851=ORIENTED_EDGE('',*,*,#5026,.T.);
#6852=ORIENTED_EDGE('',*,*,#5027,.T.);
#6853=ORIENTED_EDGE('',*,*,#5023,.F.);
#6854=ORIENTED_EDGE('',*,*,#5028,.F.);
#6855=ORIENTED_EDGE('',*,*,#5029,.T.);
#6856=ORIENTED_EDGE('',*,*,#5030,.T.);
#6857=ORIENTED_EDGE('',*,*,#5026,.F.);
#6858=ORIENTED_EDGE('',*,*,#5031,.F.);
#6859=ORIENTED_EDGE('',*,*,#5032,.T.);
#6860=ORIENTED_EDGE('',*,*,#5033,.T.);
#6861=ORIENTED_EDGE('',*,*,#5029,.F.);
#6862=ORIENTED_EDGE('',*,*,#5034,.F.);
#6863=ORIENTED_EDGE('',*,*,#5035,.T.);
#6864=ORIENTED_EDGE('',*,*,#5036,.T.);
#6865=ORIENTED_EDGE('',*,*,#5032,.F.);
#6866=ORIENTED_EDGE('',*,*,#5037,.F.);
#6867=ORIENTED_EDGE('',*,*,#5038,.T.);
#6868=ORIENTED_EDGE('',*,*,#5039,.T.);
#6869=ORIENTED_EDGE('',*,*,#5035,.F.);
#6870=ORIENTED_EDGE('',*,*,#5040,.F.);
#6871=ORIENTED_EDGE('',*,*,#4978,.T.);
#6872=ORIENTED_EDGE('',*,*,#5041,.T.);
#6873=ORIENTED_EDGE('',*,*,#5038,.F.);
#6874=ORIENTED_EDGE('',*,*,#4986,.F.);
#6875=ORIENTED_EDGE('',*,*,#4992,.F.);
#6876=ORIENTED_EDGE('',*,*,#5018,.F.);
#6877=ORIENTED_EDGE('',*,*,#5021,.F.);
#6878=ORIENTED_EDGE('',*,*,#5024,.F.);
#6879=ORIENTED_EDGE('',*,*,#5027,.F.);
#6880=ORIENTED_EDGE('',*,*,#5030,.F.);
#6881=ORIENTED_EDGE('',*,*,#5033,.F.);
#6882=ORIENTED_EDGE('',*,*,#5036,.F.);
#6883=ORIENTED_EDGE('',*,*,#5039,.F.);
#6884=ORIENTED_EDGE('',*,*,#5041,.F.);
#6885=ORIENTED_EDGE('',*,*,#4977,.F.);
#6886=ORIENTED_EDGE('',*,*,#5042,.F.);
#6887=ORIENTED_EDGE('',*,*,#5043,.F.);
#6888=ORIENTED_EDGE('',*,*,#4966,.F.);
#6889=ORIENTED_EDGE('',*,*,#4946,.F.);
#6890=ORIENTED_EDGE('',*,*,#5044,.F.);
#6891=ORIENTED_EDGE('',*,*,#5045,.F.);
#6892=ORIENTED_EDGE('',*,*,#4937,.F.);
#6893=ORIENTED_EDGE('',*,*,#5046,.F.);
#6894=ORIENTED_EDGE('',*,*,#5047,.T.);
#6895=ORIENTED_EDGE('',*,*,#5048,.F.);
#6896=ORIENTED_EDGE('',*,*,#5049,.F.);
#6897=ORIENTED_EDGE('',*,*,#5044,.T.);
#6898=ORIENTED_EDGE('',*,*,#5050,.F.);
#6899=ORIENTED_EDGE('',*,*,#5051,.F.);
#6900=ORIENTED_EDGE('',*,*,#5047,.F.);
#6901=ORIENTED_EDGE('',*,*,#5052,.F.);
#6902=ORIENTED_EDGE('',*,*,#4967,.T.);
#6903=ORIENTED_EDGE('',*,*,#5043,.T.);
#6904=ORIENTED_EDGE('',*,*,#5050,.T.);
#6905=ORIENTED_EDGE('',*,*,#5042,.T.);
#6906=ORIENTED_EDGE('',*,*,#5053,.F.);
#6907=ORIENTED_EDGE('',*,*,#5054,.F.);
#6908=ORIENTED_EDGE('',*,*,#5055,.F.);
#6909=ORIENTED_EDGE('',*,*,#5056,.F.);
#6910=ORIENTED_EDGE('',*,*,#5045,.T.);
#6911=ORIENTED_EDGE('',*,*,#5049,.T.);
#6912=ORIENTED_EDGE('',*,*,#5057,.F.);
#6913=ORIENTED_EDGE('',*,*,#4942,.F.);
#6914=ORIENTED_EDGE('',*,*,#5058,.T.);
#6915=ORIENTED_EDGE('',*,*,#5053,.T.);
#6916=ORIENTED_EDGE('',*,*,#5059,.F.);
#6917=ORIENTED_EDGE('',*,*,#5060,.F.);
#6918=ORIENTED_EDGE('',*,*,#5061,.T.);
#6919=ORIENTED_EDGE('',*,*,#5054,.T.);
#6920=ORIENTED_EDGE('',*,*,#5058,.F.);
#6921=ORIENTED_EDGE('',*,*,#4941,.F.);
#6922=ORIENTED_EDGE('',*,*,#5062,.F.);
#6923=ORIENTED_EDGE('',*,*,#5063,.T.);
#6924=ORIENTED_EDGE('',*,*,#5055,.T.);
#6925=ORIENTED_EDGE('',*,*,#5061,.F.);
#6926=ORIENTED_EDGE('',*,*,#5051,.T.);
#6927=ORIENTED_EDGE('',*,*,#5056,.T.);
#6928=ORIENTED_EDGE('',*,*,#5063,.F.);
#6929=ORIENTED_EDGE('',*,*,#5064,.F.);
#6930=ORIENTED_EDGE('',*,*,#5065,.F.);
#6931=ORIENTED_EDGE('',*,*,#4943,.F.);
#6932=ORIENTED_EDGE('',*,*,#5057,.T.);
#6933=ORIENTED_EDGE('',*,*,#5048,.T.);
#6934=ORIENTED_EDGE('',*,*,#5065,.T.);
#6935=ORIENTED_EDGE('',*,*,#5066,.F.);
#6936=ORIENTED_EDGE('',*,*,#5067,.F.);
#6937=ORIENTED_EDGE('',*,*,#4944,.T.);
#6938=ORIENTED_EDGE('',*,*,#5059,.T.);
#6939=ORIENTED_EDGE('',*,*,#4940,.T.);
#6940=ORIENTED_EDGE('',*,*,#4923,.T.);
#6941=ORIENTED_EDGE('',*,*,#5068,.F.);
#6942=ORIENTED_EDGE('',*,*,#4973,.F.);
#6943=ORIENTED_EDGE('',*,*,#5069,.F.);
#6944=ORIENTED_EDGE('',*,*,#5066,.T.);
#6945=ORIENTED_EDGE('',*,*,#5064,.T.);
#6946=ORIENTED_EDGE('',*,*,#5062,.T.);
#6947=ORIENTED_EDGE('',*,*,#5060,.T.);
#6948=ORIENTED_EDGE('',*,*,#5068,.T.);
#6949=ORIENTED_EDGE('',*,*,#4922,.T.);
#6950=ORIENTED_EDGE('',*,*,#4980,.F.);
#6951=ORIENTED_EDGE('',*,*,#4936,.F.);
#6952=ORIENTED_EDGE('',*,*,#4945,.T.);
#6953=ORIENTED_EDGE('',*,*,#5067,.T.);
#6954=ORIENTED_EDGE('',*,*,#5069,.T.);
#6955=ORIENTED_EDGE('',*,*,#4976,.F.);
#6956=ORIENTED_EDGE('',*,*,#4979,.T.);
#6957=ORIENTED_EDGE('',*,*,#5040,.T.);
#6958=ORIENTED_EDGE('',*,*,#5037,.T.);
#6959=ORIENTED_EDGE('',*,*,#5034,.T.);
#6960=ORIENTED_EDGE('',*,*,#5031,.T.);
#6961=ORIENTED_EDGE('',*,*,#5028,.T.);
#6962=ORIENTED_EDGE('',*,*,#5025,.T.);
#6963=ORIENTED_EDGE('',*,*,#5022,.T.);
#6964=ORIENTED_EDGE('',*,*,#5019,.T.);
#6965=ORIENTED_EDGE('',*,*,#5016,.T.);
#6966=ORIENTED_EDGE('',*,*,#4990,.T.);
#6967=ORIENTED_EDGE('',*,*,#4988,.F.);
#6968=ORIENTED_EDGE('',*,*,#5015,.T.);
#6969=ORIENTED_EDGE('',*,*,#4993,.F.);
#6970=ORIENTED_EDGE('',*,*,#4957,.F.);
#6971=ORIENTED_EDGE('',*,*,#4955,.F.);
#6972=ORIENTED_EDGE('',*,*,#4968,.T.);
#6973=ORIENTED_EDGE('',*,*,#5052,.T.);
#6974=ORIENTED_EDGE('',*,*,#5046,.T.);
#6975=ORIENTED_EDGE('',*,*,#5070,.T.);
#6976=ORIENTED_EDGE('',*,*,#5071,.T.);
#6977=ORIENTED_EDGE('',*,*,#5072,.T.);
#6978=ORIENTED_EDGE('',*,*,#5073,.T.);
#6979=ORIENTED_EDGE('',*,*,#5074,.T.);
#6980=ORIENTED_EDGE('',*,*,#5075,.T.);
#6981=ORIENTED_EDGE('',*,*,#5076,.T.);
#6982=ORIENTED_EDGE('',*,*,#5077,.T.);
#6983=ORIENTED_EDGE('',*,*,#5078,.T.);
#6984=ORIENTED_EDGE('',*,*,#5079,.T.);
#6985=ORIENTED_EDGE('',*,*,#5080,.T.);
#6986=ORIENTED_EDGE('',*,*,#5081,.T.);
#6987=ORIENTED_EDGE('',*,*,#5082,.T.);
#6988=ORIENTED_EDGE('',*,*,#5083,.T.);
#6989=ORIENTED_EDGE('',*,*,#5082,.F.);
#6990=ORIENTED_EDGE('',*,*,#5081,.F.);
#6991=ORIENTED_EDGE('',*,*,#5083,.F.);
#6992=ORIENTED_EDGE('',*,*,#5084,.T.);
#6993=ORIENTED_EDGE('',*,*,#5085,.T.);
#6994=ORIENTED_EDGE('',*,*,#5086,.T.);
#6995=ORIENTED_EDGE('',*,*,#5087,.T.);
#6996=ORIENTED_EDGE('',*,*,#5088,.T.);
#6997=ORIENTED_EDGE('',*,*,#5089,.T.);
#6998=ORIENTED_EDGE('',*,*,#5090,.T.);
#6999=ORIENTED_EDGE('',*,*,#5091,.T.);
#7000=ORIENTED_EDGE('',*,*,#5092,.T.);
#7001=ORIENTED_EDGE('',*,*,#5093,.T.);
#7002=ORIENTED_EDGE('',*,*,#5094,.T.);
#7003=ORIENTED_EDGE('',*,*,#5095,.T.);
#7004=ORIENTED_EDGE('',*,*,#5096,.T.);
#7005=ORIENTED_EDGE('',*,*,#5097,.T.);
#7006=ORIENTED_EDGE('',*,*,#5098,.T.);
#7007=ORIENTED_EDGE('',*,*,#5099,.T.);
#7008=ORIENTED_EDGE('',*,*,#5100,.T.);
#7009=ORIENTED_EDGE('',*,*,#5101,.T.);
#7010=ORIENTED_EDGE('',*,*,#5102,.T.);
#7011=ORIENTED_EDGE('',*,*,#5103,.T.);
#7012=ORIENTED_EDGE('',*,*,#5104,.T.);
#7013=ORIENTED_EDGE('',*,*,#5105,.T.);
#7014=ORIENTED_EDGE('',*,*,#5106,.T.);
#7015=ORIENTED_EDGE('',*,*,#5107,.T.);
#7016=ORIENTED_EDGE('',*,*,#5108,.T.);
#7017=ORIENTED_EDGE('',*,*,#5109,.T.);
#7018=ORIENTED_EDGE('',*,*,#5110,.T.);
#7019=ORIENTED_EDGE('',*,*,#5111,.T.);
#7020=ORIENTED_EDGE('',*,*,#5112,.T.);
#7021=ORIENTED_EDGE('',*,*,#5113,.T.);
#7022=ORIENTED_EDGE('',*,*,#5114,.T.);
#7023=ORIENTED_EDGE('',*,*,#5115,.T.);
#7024=ORIENTED_EDGE('',*,*,#5116,.T.);
#7025=ORIENTED_EDGE('',*,*,#5117,.T.);
#7026=ORIENTED_EDGE('',*,*,#5118,.T.);
#7027=ORIENTED_EDGE('',*,*,#5119,.T.);
#7028=ORIENTED_EDGE('',*,*,#5120,.T.);
#7029=ORIENTED_EDGE('',*,*,#5121,.T.);
#7030=ORIENTED_EDGE('',*,*,#5122,.T.);
#7031=ORIENTED_EDGE('',*,*,#5123,.T.);
#7032=ORIENTED_EDGE('',*,*,#5124,.T.);
#7033=ORIENTED_EDGE('',*,*,#5125,.T.);
#7034=ORIENTED_EDGE('',*,*,#5126,.T.);
#7035=ORIENTED_EDGE('',*,*,#5127,.T.);
#7036=ORIENTED_EDGE('',*,*,#5128,.T.);
#7037=ORIENTED_EDGE('',*,*,#5122,.F.);
#7038=ORIENTED_EDGE('',*,*,#5121,.F.);
#7039=ORIENTED_EDGE('',*,*,#5128,.F.);
#7040=ORIENTED_EDGE('',*,*,#5127,.F.);
#7041=ORIENTED_EDGE('',*,*,#5126,.F.);
#7042=ORIENTED_EDGE('',*,*,#5125,.F.);
#7043=ORIENTED_EDGE('',*,*,#5124,.F.);
#7044=ORIENTED_EDGE('',*,*,#5123,.F.);
#7045=ORIENTED_EDGE('',*,*,#5129,.T.);
#7046=ORIENTED_EDGE('',*,*,#5130,.T.);
#7047=ORIENTED_EDGE('',*,*,#5131,.T.);
#7048=ORIENTED_EDGE('',*,*,#5132,.T.);
#7049=ORIENTED_EDGE('',*,*,#5133,.T.);
#7050=ORIENTED_EDGE('',*,*,#5134,.T.);
#7051=ORIENTED_EDGE('',*,*,#5135,.T.);
#7052=ORIENTED_EDGE('',*,*,#5136,.T.);
#7053=ORIENTED_EDGE('',*,*,#5137,.T.);
#7054=ORIENTED_EDGE('',*,*,#5138,.T.);
#7055=ORIENTED_EDGE('',*,*,#5139,.T.);
#7056=ORIENTED_EDGE('',*,*,#5140,.T.);
#7057=ORIENTED_EDGE('',*,*,#5141,.T.);
#7058=ORIENTED_EDGE('',*,*,#5142,.T.);
#7059=ORIENTED_EDGE('',*,*,#5143,.T.);
#7060=ORIENTED_EDGE('',*,*,#5144,.T.);
#7061=ORIENTED_EDGE('',*,*,#5145,.T.);
#7062=ORIENTED_EDGE('',*,*,#5146,.T.);
#7063=ORIENTED_EDGE('',*,*,#5147,.T.);
#7064=ORIENTED_EDGE('',*,*,#5148,.T.);
#7065=ORIENTED_EDGE('',*,*,#5140,.F.);
#7066=ORIENTED_EDGE('',*,*,#5139,.F.);
#7067=ORIENTED_EDGE('',*,*,#5148,.F.);
#7068=ORIENTED_EDGE('',*,*,#5147,.F.);
#7069=ORIENTED_EDGE('',*,*,#5146,.F.);
#7070=ORIENTED_EDGE('',*,*,#5145,.F.);
#7071=ORIENTED_EDGE('',*,*,#5144,.F.);
#7072=ORIENTED_EDGE('',*,*,#5143,.F.);
#7073=ORIENTED_EDGE('',*,*,#5142,.F.);
#7074=ORIENTED_EDGE('',*,*,#5141,.F.);
#7075=ORIENTED_EDGE('',*,*,#5149,.T.);
#7076=ORIENTED_EDGE('',*,*,#5150,.T.);
#7077=ORIENTED_EDGE('',*,*,#5151,.T.);
#7078=ORIENTED_EDGE('',*,*,#5152,.T.);
#7079=ORIENTED_EDGE('',*,*,#5153,.T.);
#7080=ORIENTED_EDGE('',*,*,#5154,.T.);
#7081=ORIENTED_EDGE('',*,*,#5155,.T.);
#7082=ORIENTED_EDGE('',*,*,#5156,.T.);
#7083=ORIENTED_EDGE('',*,*,#5157,.T.);
#7084=ORIENTED_EDGE('',*,*,#5158,.T.);
#7085=ORIENTED_EDGE('',*,*,#5159,.T.);
#7086=ORIENTED_EDGE('',*,*,#5160,.T.);
#7087=ORIENTED_EDGE('',*,*,#5161,.T.);
#7088=ORIENTED_EDGE('',*,*,#5162,.T.);
#7089=ORIENTED_EDGE('',*,*,#5163,.T.);
#7090=ORIENTED_EDGE('',*,*,#5164,.T.);
#7091=ORIENTED_EDGE('',*,*,#5165,.T.);
#7092=ORIENTED_EDGE('',*,*,#5166,.T.);
#7093=ORIENTED_EDGE('',*,*,#5167,.T.);
#7094=ORIENTED_EDGE('',*,*,#5168,.T.);
#7095=ORIENTED_EDGE('',*,*,#5169,.T.);
#7096=ORIENTED_EDGE('',*,*,#5170,.T.);
#7097=ORIENTED_EDGE('',*,*,#5171,.T.);
#7098=ORIENTED_EDGE('',*,*,#5172,.T.);
#7099=ORIENTED_EDGE('',*,*,#5173,.T.);
#7100=ORIENTED_EDGE('',*,*,#5174,.T.);
#7101=ORIENTED_EDGE('',*,*,#5175,.T.);
#7102=ORIENTED_EDGE('',*,*,#5176,.T.);
#7103=ORIENTED_EDGE('',*,*,#5177,.T.);
#7104=ORIENTED_EDGE('',*,*,#5178,.T.);
#7105=ORIENTED_EDGE('',*,*,#5179,.T.);
#7106=ORIENTED_EDGE('',*,*,#5180,.T.);
#7107=ORIENTED_EDGE('',*,*,#5181,.T.);
#7108=ORIENTED_EDGE('',*,*,#5182,.T.);
#7109=ORIENTED_EDGE('',*,*,#5183,.T.);
#7110=ORIENTED_EDGE('',*,*,#5184,.T.);
#7111=ORIENTED_EDGE('',*,*,#5185,.T.);
#7112=ORIENTED_EDGE('',*,*,#5186,.T.);
#7113=ORIENTED_EDGE('',*,*,#5187,.T.);
#7114=ORIENTED_EDGE('',*,*,#5188,.T.);
#7115=ORIENTED_EDGE('',*,*,#5189,.T.);
#7116=ORIENTED_EDGE('',*,*,#5190,.T.);
#7117=ORIENTED_EDGE('',*,*,#5191,.T.);
#7118=ORIENTED_EDGE('',*,*,#5192,.T.);
#7119=ORIENTED_EDGE('',*,*,#5193,.T.);
#7120=ORIENTED_EDGE('',*,*,#5194,.T.);
#7121=ORIENTED_EDGE('',*,*,#5195,.T.);
#7122=ORIENTED_EDGE('',*,*,#5196,.T.);
#7123=ORIENTED_EDGE('',*,*,#5197,.T.);
#7124=ORIENTED_EDGE('',*,*,#5198,.T.);
#7125=ORIENTED_EDGE('',*,*,#5199,.T.);
#7126=ORIENTED_EDGE('',*,*,#5200,.T.);
#7127=ORIENTED_EDGE('',*,*,#5201,.T.);
#7128=ORIENTED_EDGE('',*,*,#5202,.T.);
#7129=ORIENTED_EDGE('',*,*,#5203,.T.);
#7130=ORIENTED_EDGE('',*,*,#5204,.T.);
#7131=ORIENTED_EDGE('',*,*,#5205,.T.);
#7132=ORIENTED_EDGE('',*,*,#5206,.T.);
#7133=ORIENTED_EDGE('',*,*,#5207,.T.);
#7134=ORIENTED_EDGE('',*,*,#5208,.T.);
#7135=ORIENTED_EDGE('',*,*,#5209,.T.);
#7136=ORIENTED_EDGE('',*,*,#5210,.T.);
#7137=ORIENTED_EDGE('',*,*,#5211,.T.);
#7138=ORIENTED_EDGE('',*,*,#5212,.T.);
#7139=ORIENTED_EDGE('',*,*,#5213,.T.);
#7140=ORIENTED_EDGE('',*,*,#5214,.T.);
#7141=ORIENTED_EDGE('',*,*,#5215,.T.);
#7142=ORIENTED_EDGE('',*,*,#5216,.T.);
#7143=ORIENTED_EDGE('',*,*,#5217,.T.);
#7144=ORIENTED_EDGE('',*,*,#5218,.T.);
#7145=ORIENTED_EDGE('',*,*,#5219,.T.);
#7146=ORIENTED_EDGE('',*,*,#5220,.T.);
#7147=ORIENTED_EDGE('',*,*,#5221,.T.);
#7148=ORIENTED_EDGE('',*,*,#5222,.T.);
#7149=ORIENTED_EDGE('',*,*,#5223,.T.);
#7150=ORIENTED_EDGE('',*,*,#5224,.T.);
#7151=ORIENTED_EDGE('',*,*,#5225,.T.);
#7152=ORIENTED_EDGE('',*,*,#5226,.T.);
#7153=ORIENTED_EDGE('',*,*,#5227,.T.);
#7154=ORIENTED_EDGE('',*,*,#5228,.T.);
#7155=ORIENTED_EDGE('',*,*,#5229,.T.);
#7156=ORIENTED_EDGE('',*,*,#5230,.T.);
#7157=ORIENTED_EDGE('',*,*,#5231,.T.);
#7158=ORIENTED_EDGE('',*,*,#5232,.T.);
#7159=ORIENTED_EDGE('',*,*,#5233,.T.);
#7160=ORIENTED_EDGE('',*,*,#5234,.T.);
#7161=ORIENTED_EDGE('',*,*,#5235,.T.);
#7162=ORIENTED_EDGE('',*,*,#5236,.T.);
#7163=ORIENTED_EDGE('',*,*,#5237,.T.);
#7164=ORIENTED_EDGE('',*,*,#5238,.T.);
#7165=ORIENTED_EDGE('',*,*,#5239,.T.);
#7166=ORIENTED_EDGE('',*,*,#5240,.T.);
#7167=ORIENTED_EDGE('',*,*,#5241,.T.);
#7168=ORIENTED_EDGE('',*,*,#5242,.T.);
#7169=ORIENTED_EDGE('',*,*,#5243,.T.);
#7170=ORIENTED_EDGE('',*,*,#5244,.T.);
#7171=ORIENTED_EDGE('',*,*,#5245,.T.);
#7172=ORIENTED_EDGE('',*,*,#5246,.T.);
#7173=ORIENTED_EDGE('',*,*,#5247,.T.);
#7174=ORIENTED_EDGE('',*,*,#5248,.T.);
#7175=ORIENTED_EDGE('',*,*,#5249,.T.);
#7176=ORIENTED_EDGE('',*,*,#5250,.T.);
#7177=ORIENTED_EDGE('',*,*,#5251,.T.);
#7178=ORIENTED_EDGE('',*,*,#5252,.T.);
#7179=ORIENTED_EDGE('',*,*,#5253,.T.);
#7180=ORIENTED_EDGE('',*,*,#5254,.T.);
#7181=ORIENTED_EDGE('',*,*,#5255,.T.);
#7182=ORIENTED_EDGE('',*,*,#5256,.T.);
#7183=ORIENTED_EDGE('',*,*,#5257,.T.);
#7184=ORIENTED_EDGE('',*,*,#5258,.T.);
#7185=ORIENTED_EDGE('',*,*,#5259,.T.);
#7186=ORIENTED_EDGE('',*,*,#5260,.T.);
#7187=ORIENTED_EDGE('',*,*,#5261,.T.);
#7188=ORIENTED_EDGE('',*,*,#5262,.T.);
#7189=ORIENTED_EDGE('',*,*,#5263,.T.);
#7190=ORIENTED_EDGE('',*,*,#5264,.T.);
#7191=ORIENTED_EDGE('',*,*,#5265,.T.);
#7192=ORIENTED_EDGE('',*,*,#5266,.T.);
#7193=ORIENTED_EDGE('',*,*,#5267,.T.);
#7194=ORIENTED_EDGE('',*,*,#5268,.T.);
#7195=ORIENTED_EDGE('',*,*,#5269,.T.);
#7196=ORIENTED_EDGE('',*,*,#5270,.T.);
#7197=ORIENTED_EDGE('',*,*,#5271,.T.);
#7198=ORIENTED_EDGE('',*,*,#5272,.T.);
#7199=ORIENTED_EDGE('',*,*,#5273,.T.);
#7200=ORIENTED_EDGE('',*,*,#5274,.T.);
#7201=ORIENTED_EDGE('',*,*,#5275,.T.);
#7202=ORIENTED_EDGE('',*,*,#5276,.T.);
#7203=ORIENTED_EDGE('',*,*,#5277,.T.);
#7204=ORIENTED_EDGE('',*,*,#5278,.T.);
#7205=ORIENTED_EDGE('',*,*,#5279,.T.);
#7206=ORIENTED_EDGE('',*,*,#5280,.T.);
#7207=ORIENTED_EDGE('',*,*,#5281,.T.);
#7208=ORIENTED_EDGE('',*,*,#5282,.T.);
#7209=ORIENTED_EDGE('',*,*,#5283,.T.);
#7210=ORIENTED_EDGE('',*,*,#5284,.T.);
#7211=ORIENTED_EDGE('',*,*,#5285,.T.);
#7212=ORIENTED_EDGE('',*,*,#5286,.T.);
#7213=ORIENTED_EDGE('',*,*,#5287,.T.);
#7214=ORIENTED_EDGE('',*,*,#5288,.T.);
#7215=ORIENTED_EDGE('',*,*,#5289,.T.);
#7216=ORIENTED_EDGE('',*,*,#5290,.T.);
#7217=ORIENTED_EDGE('',*,*,#5291,.T.);
#7218=ORIENTED_EDGE('',*,*,#5292,.T.);
#7219=ORIENTED_EDGE('',*,*,#5293,.T.);
#7220=ORIENTED_EDGE('',*,*,#5294,.T.);
#7221=ORIENTED_EDGE('',*,*,#5295,.T.);
#7222=ORIENTED_EDGE('',*,*,#5296,.T.);
#7223=ORIENTED_EDGE('',*,*,#5297,.T.);
#7224=ORIENTED_EDGE('',*,*,#5298,.T.);
#7225=ORIENTED_EDGE('',*,*,#5299,.T.);
#7226=ORIENTED_EDGE('',*,*,#5300,.T.);
#7227=ORIENTED_EDGE('',*,*,#5301,.T.);
#7228=ORIENTED_EDGE('',*,*,#5300,.F.);
#7229=ORIENTED_EDGE('',*,*,#5299,.F.);
#7230=ORIENTED_EDGE('',*,*,#5301,.F.);
#7231=ORIENTED_EDGE('',*,*,#5302,.F.);
#7232=ORIENTED_EDGE('',*,*,#5303,.T.);
#7233=ORIENTED_EDGE('',*,*,#5304,.T.);
#7234=ORIENTED_EDGE('',*,*,#5305,.T.);
#7235=ORIENTED_EDGE('',*,*,#5306,.F.);
#7236=ORIENTED_EDGE('',*,*,#5307,.T.);
#7237=ORIENTED_EDGE('',*,*,#5308,.T.);
#7238=ORIENTED_EDGE('',*,*,#5309,.T.);
#7239=ORIENTED_EDGE('',*,*,#5310,.T.);
#7240=ORIENTED_EDGE('',*,*,#5311,.F.);
#7241=ORIENTED_EDGE('',*,*,#5312,.F.);
#7242=ORIENTED_EDGE('',*,*,#5313,.T.);
#7243=ORIENTED_EDGE('',*,*,#5314,.T.);
#7244=ORIENTED_EDGE('',*,*,#5315,.F.);
#7245=ORIENTED_EDGE('',*,*,#5316,.F.);
#7246=ORIENTED_EDGE('',*,*,#5317,.T.);
#7247=ORIENTED_EDGE('',*,*,#5318,.F.);
#7248=ORIENTED_EDGE('',*,*,#5319,.T.);
#7249=ORIENTED_EDGE('',*,*,#5320,.T.);
#7250=ORIENTED_EDGE('',*,*,#5321,.T.);
#7251=ORIENTED_EDGE('',*,*,#5322,.F.);
#7252=ORIENTED_EDGE('',*,*,#5323,.T.);
#7253=ORIENTED_EDGE('',*,*,#5324,.T.);
#7254=ORIENTED_EDGE('',*,*,#5325,.T.);
#7255=ORIENTED_EDGE('',*,*,#5320,.F.);
#7256=ORIENTED_EDGE('',*,*,#5326,.T.);
#7257=ORIENTED_EDGE('',*,*,#5302,.T.);
#7258=ORIENTED_EDGE('',*,*,#5327,.T.);
#7259=ORIENTED_EDGE('',*,*,#5304,.F.);
#7260=ORIENTED_EDGE('',*,*,#5328,.T.);
#7261=ORIENTED_EDGE('',*,*,#5318,.T.);
#7262=ORIENTED_EDGE('',*,*,#5329,.T.);
#7263=ORIENTED_EDGE('',*,*,#5330,.T.);
#7264=ORIENTED_EDGE('',*,*,#5331,.T.);
#7265=ORIENTED_EDGE('',*,*,#5332,.T.);
#7266=ORIENTED_EDGE('',*,*,#5333,.T.);
#7267=ORIENTED_EDGE('',*,*,#5071,.F.);
#7268=ORIENTED_EDGE('',*,*,#5070,.F.);
#7269=ORIENTED_EDGE('',*,*,#5080,.F.);
#7270=ORIENTED_EDGE('',*,*,#5079,.F.);
#7271=ORIENTED_EDGE('',*,*,#5078,.F.);
#7272=ORIENTED_EDGE('',*,*,#5077,.F.);
#7273=ORIENTED_EDGE('',*,*,#5076,.F.);
#7274=ORIENTED_EDGE('',*,*,#5075,.F.);
#7275=ORIENTED_EDGE('',*,*,#5074,.F.);
#7276=ORIENTED_EDGE('',*,*,#5073,.F.);
#7277=ORIENTED_EDGE('',*,*,#5072,.F.);
#7278=ORIENTED_EDGE('',*,*,#5085,.F.);
#7279=ORIENTED_EDGE('',*,*,#5084,.F.);
#7280=ORIENTED_EDGE('',*,*,#5103,.F.);
#7281=ORIENTED_EDGE('',*,*,#5102,.F.);
#7282=ORIENTED_EDGE('',*,*,#5101,.F.);
#7283=ORIENTED_EDGE('',*,*,#5100,.F.);
#7284=ORIENTED_EDGE('',*,*,#5099,.F.);
#7285=ORIENTED_EDGE('',*,*,#5098,.F.);
#7286=ORIENTED_EDGE('',*,*,#5097,.F.);
#7287=ORIENTED_EDGE('',*,*,#5096,.F.);
#7288=ORIENTED_EDGE('',*,*,#5095,.F.);
#7289=ORIENTED_EDGE('',*,*,#5094,.F.);
#7290=ORIENTED_EDGE('',*,*,#5093,.F.);
#7291=ORIENTED_EDGE('',*,*,#5092,.F.);
#7292=ORIENTED_EDGE('',*,*,#5091,.F.);
#7293=ORIENTED_EDGE('',*,*,#5090,.F.);
#7294=ORIENTED_EDGE('',*,*,#5089,.F.);
#7295=ORIENTED_EDGE('',*,*,#5088,.F.);
#7296=ORIENTED_EDGE('',*,*,#5087,.F.);
#7297=ORIENTED_EDGE('',*,*,#5086,.F.);
#7298=ORIENTED_EDGE('',*,*,#5105,.F.);
#7299=ORIENTED_EDGE('',*,*,#5104,.F.);
#7300=ORIENTED_EDGE('',*,*,#5120,.F.);
#7301=ORIENTED_EDGE('',*,*,#5119,.F.);
#7302=ORIENTED_EDGE('',*,*,#5118,.F.);
#7303=ORIENTED_EDGE('',*,*,#5117,.F.);
#7304=ORIENTED_EDGE('',*,*,#5116,.F.);
#7305=ORIENTED_EDGE('',*,*,#5115,.F.);
#7306=ORIENTED_EDGE('',*,*,#5114,.F.);
#7307=ORIENTED_EDGE('',*,*,#5113,.F.);
#7308=ORIENTED_EDGE('',*,*,#5112,.F.);
#7309=ORIENTED_EDGE('',*,*,#5111,.F.);
#7310=ORIENTED_EDGE('',*,*,#5110,.F.);
#7311=ORIENTED_EDGE('',*,*,#5109,.F.);
#7312=ORIENTED_EDGE('',*,*,#5108,.F.);
#7313=ORIENTED_EDGE('',*,*,#5107,.F.);
#7314=ORIENTED_EDGE('',*,*,#5106,.F.);
#7315=ORIENTED_EDGE('',*,*,#5130,.F.);
#7316=ORIENTED_EDGE('',*,*,#5129,.F.);
#7317=ORIENTED_EDGE('',*,*,#5138,.F.);
#7318=ORIENTED_EDGE('',*,*,#5137,.F.);
#7319=ORIENTED_EDGE('',*,*,#5136,.F.);
#7320=ORIENTED_EDGE('',*,*,#5135,.F.);
#7321=ORIENTED_EDGE('',*,*,#5134,.F.);
#7322=ORIENTED_EDGE('',*,*,#5133,.F.);
#7323=ORIENTED_EDGE('',*,*,#5132,.F.);
#7324=ORIENTED_EDGE('',*,*,#5131,.F.);
#7325=ORIENTED_EDGE('',*,*,#5150,.F.);
#7326=ORIENTED_EDGE('',*,*,#5149,.F.);
#7327=ORIENTED_EDGE('',*,*,#5179,.F.);
#7328=ORIENTED_EDGE('',*,*,#5178,.F.);
#7329=ORIENTED_EDGE('',*,*,#5177,.F.);
#7330=ORIENTED_EDGE('',*,*,#5176,.F.);
#7331=ORIENTED_EDGE('',*,*,#5175,.F.);
#7332=ORIENTED_EDGE('',*,*,#5174,.F.);
#7333=ORIENTED_EDGE('',*,*,#5173,.F.);
#7334=ORIENTED_EDGE('',*,*,#5172,.F.);
#7335=ORIENTED_EDGE('',*,*,#5171,.F.);
#7336=ORIENTED_EDGE('',*,*,#5170,.F.);
#7337=ORIENTED_EDGE('',*,*,#5169,.F.);
#7338=ORIENTED_EDGE('',*,*,#5168,.F.);
#7339=ORIENTED_EDGE('',*,*,#5167,.F.);
#7340=ORIENTED_EDGE('',*,*,#5166,.F.);
#7341=ORIENTED_EDGE('',*,*,#5165,.F.);
#7342=ORIENTED_EDGE('',*,*,#5164,.F.);
#7343=ORIENTED_EDGE('',*,*,#5163,.F.);
#7344=ORIENTED_EDGE('',*,*,#5162,.F.);
#7345=ORIENTED_EDGE('',*,*,#5161,.F.);
#7346=ORIENTED_EDGE('',*,*,#5160,.F.);
#7347=ORIENTED_EDGE('',*,*,#5159,.F.);
#7348=ORIENTED_EDGE('',*,*,#5158,.F.);
#7349=ORIENTED_EDGE('',*,*,#5157,.F.);
#7350=ORIENTED_EDGE('',*,*,#5156,.F.);
#7351=ORIENTED_EDGE('',*,*,#5155,.F.);
#7352=ORIENTED_EDGE('',*,*,#5154,.F.);
#7353=ORIENTED_EDGE('',*,*,#5153,.F.);
#7354=ORIENTED_EDGE('',*,*,#5152,.F.);
#7355=ORIENTED_EDGE('',*,*,#5151,.F.);
#7356=ORIENTED_EDGE('',*,*,#5181,.F.);
#7357=ORIENTED_EDGE('',*,*,#5180,.F.);
#7358=ORIENTED_EDGE('',*,*,#5183,.F.);
#7359=ORIENTED_EDGE('',*,*,#5182,.F.);
#7360=ORIENTED_EDGE('',*,*,#5185,.F.);
#7361=ORIENTED_EDGE('',*,*,#5184,.F.);
#7362=ORIENTED_EDGE('',*,*,#5214,.F.);
#7363=ORIENTED_EDGE('',*,*,#5213,.F.);
#7364=ORIENTED_EDGE('',*,*,#5212,.F.);
#7365=ORIENTED_EDGE('',*,*,#5211,.F.);
#7366=ORIENTED_EDGE('',*,*,#5210,.F.);
#7367=ORIENTED_EDGE('',*,*,#5209,.F.);
#7368=ORIENTED_EDGE('',*,*,#5208,.F.);
#7369=ORIENTED_EDGE('',*,*,#5207,.F.);
#7370=ORIENTED_EDGE('',*,*,#5206,.F.);
#7371=ORIENTED_EDGE('',*,*,#5205,.F.);
#7372=ORIENTED_EDGE('',*,*,#5204,.F.);
#7373=ORIENTED_EDGE('',*,*,#5203,.F.);
#7374=ORIENTED_EDGE('',*,*,#5202,.F.);
#7375=ORIENTED_EDGE('',*,*,#5201,.F.);
#7376=ORIENTED_EDGE('',*,*,#5200,.F.);
#7377=ORIENTED_EDGE('',*,*,#5199,.F.);
#7378=ORIENTED_EDGE('',*,*,#5198,.F.);
#7379=ORIENTED_EDGE('',*,*,#5197,.F.);
#7380=ORIENTED_EDGE('',*,*,#5196,.F.);
#7381=ORIENTED_EDGE('',*,*,#5195,.F.);
#7382=ORIENTED_EDGE('',*,*,#5194,.F.);
#7383=ORIENTED_EDGE('',*,*,#5193,.F.);
#7384=ORIENTED_EDGE('',*,*,#5192,.F.);
#7385=ORIENTED_EDGE('',*,*,#5191,.F.);
#7386=ORIENTED_EDGE('',*,*,#5190,.F.);
#7387=ORIENTED_EDGE('',*,*,#5189,.F.);
#7388=ORIENTED_EDGE('',*,*,#5188,.F.);
#7389=ORIENTED_EDGE('',*,*,#5187,.F.);
#7390=ORIENTED_EDGE('',*,*,#5186,.F.);
#7391=ORIENTED_EDGE('',*,*,#5216,.F.);
#7392=ORIENTED_EDGE('',*,*,#5215,.F.);
#7393=ORIENTED_EDGE('',*,*,#5221,.F.);
#7394=ORIENTED_EDGE('',*,*,#5220,.F.);
#7395=ORIENTED_EDGE('',*,*,#5219,.F.);
#7396=ORIENTED_EDGE('',*,*,#5218,.F.);
#7397=ORIENTED_EDGE('',*,*,#5217,.F.);
#7398=ORIENTED_EDGE('',*,*,#5223,.F.);
#7399=ORIENTED_EDGE('',*,*,#5222,.F.);
#7400=ORIENTED_EDGE('',*,*,#5230,.F.);
#7401=ORIENTED_EDGE('',*,*,#5229,.F.);
#7402=ORIENTED_EDGE('',*,*,#5228,.F.);
#7403=ORIENTED_EDGE('',*,*,#5227,.F.);
#7404=ORIENTED_EDGE('',*,*,#5226,.F.);
#7405=ORIENTED_EDGE('',*,*,#5225,.F.);
#7406=ORIENTED_EDGE('',*,*,#5224,.F.);
#7407=ORIENTED_EDGE('',*,*,#5232,.F.);
#7408=ORIENTED_EDGE('',*,*,#5231,.F.);
#7409=ORIENTED_EDGE('',*,*,#5239,.F.);
#7410=ORIENTED_EDGE('',*,*,#5238,.F.);
#7411=ORIENTED_EDGE('',*,*,#5237,.F.);
#7412=ORIENTED_EDGE('',*,*,#5236,.F.);
#7413=ORIENTED_EDGE('',*,*,#5235,.F.);
#7414=ORIENTED_EDGE('',*,*,#5234,.F.);
#7415=ORIENTED_EDGE('',*,*,#5233,.F.);
#7416=ORIENTED_EDGE('',*,*,#5241,.F.);
#7417=ORIENTED_EDGE('',*,*,#5240,.F.);
#7418=ORIENTED_EDGE('',*,*,#5248,.F.);
#7419=ORIENTED_EDGE('',*,*,#5247,.F.);
#7420=ORIENTED_EDGE('',*,*,#5246,.F.);
#7421=ORIENTED_EDGE('',*,*,#5245,.F.);
#7422=ORIENTED_EDGE('',*,*,#5244,.F.);
#7423=ORIENTED_EDGE('',*,*,#5243,.F.);
#7424=ORIENTED_EDGE('',*,*,#5242,.F.);
#7425=ORIENTED_EDGE('',*,*,#5250,.F.);
#7426=ORIENTED_EDGE('',*,*,#5249,.F.);
#7427=ORIENTED_EDGE('',*,*,#5277,.F.);
#7428=ORIENTED_EDGE('',*,*,#5276,.F.);
#7429=ORIENTED_EDGE('',*,*,#5275,.F.);
#7430=ORIENTED_EDGE('',*,*,#5274,.F.);
#7431=ORIENTED_EDGE('',*,*,#5273,.F.);
#7432=ORIENTED_EDGE('',*,*,#5272,.F.);
#7433=ORIENTED_EDGE('',*,*,#5271,.F.);
#7434=ORIENTED_EDGE('',*,*,#5270,.F.);
#7435=ORIENTED_EDGE('',*,*,#5269,.F.);
#7436=ORIENTED_EDGE('',*,*,#5268,.F.);
#7437=ORIENTED_EDGE('',*,*,#5267,.F.);
#7438=ORIENTED_EDGE('',*,*,#5266,.F.);
#7439=ORIENTED_EDGE('',*,*,#5265,.F.);
#7440=ORIENTED_EDGE('',*,*,#5264,.F.);
#7441=ORIENTED_EDGE('',*,*,#5263,.F.);
#7442=ORIENTED_EDGE('',*,*,#5262,.F.);
#7443=ORIENTED_EDGE('',*,*,#5261,.F.);
#7444=ORIENTED_EDGE('',*,*,#5260,.F.);
#7445=ORIENTED_EDGE('',*,*,#5259,.F.);
#7446=ORIENTED_EDGE('',*,*,#5258,.F.);
#7447=ORIENTED_EDGE('',*,*,#5257,.F.);
#7448=ORIENTED_EDGE('',*,*,#5256,.F.);
#7449=ORIENTED_EDGE('',*,*,#5255,.F.);
#7450=ORIENTED_EDGE('',*,*,#5254,.F.);
#7451=ORIENTED_EDGE('',*,*,#5253,.F.);
#7452=ORIENTED_EDGE('',*,*,#5252,.F.);
#7453=ORIENTED_EDGE('',*,*,#5251,.F.);
#7454=ORIENTED_EDGE('',*,*,#5279,.F.);
#7455=ORIENTED_EDGE('',*,*,#5278,.F.);
#7456=ORIENTED_EDGE('',*,*,#5290,.F.);
#7457=ORIENTED_EDGE('',*,*,#5289,.F.);
#7458=ORIENTED_EDGE('',*,*,#5288,.F.);
#7459=ORIENTED_EDGE('',*,*,#5287,.F.);
#7460=ORIENTED_EDGE('',*,*,#5286,.F.);
#7461=ORIENTED_EDGE('',*,*,#5285,.F.);
#7462=ORIENTED_EDGE('',*,*,#5284,.F.);
#7463=ORIENTED_EDGE('',*,*,#5283,.F.);
#7464=ORIENTED_EDGE('',*,*,#5282,.F.);
#7465=ORIENTED_EDGE('',*,*,#5281,.F.);
#7466=ORIENTED_EDGE('',*,*,#5280,.F.);
#7467=ORIENTED_EDGE('',*,*,#5292,.F.);
#7468=ORIENTED_EDGE('',*,*,#5291,.F.);
#7469=ORIENTED_EDGE('',*,*,#5298,.F.);
#7470=ORIENTED_EDGE('',*,*,#5297,.F.);
#7471=ORIENTED_EDGE('',*,*,#5296,.F.);
#7472=ORIENTED_EDGE('',*,*,#5295,.F.);
#7473=ORIENTED_EDGE('',*,*,#5294,.F.);
#7474=ORIENTED_EDGE('',*,*,#5293,.F.);
#7475=ORIENTED_EDGE('',*,*,#5334,.F.);
#7476=ORIENTED_EDGE('',*,*,#5335,.T.);
#7477=ORIENTED_EDGE('',*,*,#5336,.T.);
#7478=ORIENTED_EDGE('',*,*,#5327,.F.);
#7479=ORIENTED_EDGE('',*,*,#5337,.F.);
#7480=ORIENTED_EDGE('',*,*,#5338,.T.);
#7481=ORIENTED_EDGE('',*,*,#5334,.T.);
#7482=ORIENTED_EDGE('',*,*,#5317,.F.);
#7483=ORIENTED_EDGE('',*,*,#5339,.T.);
#7484=ORIENTED_EDGE('',*,*,#5313,.F.);
#7485=ORIENTED_EDGE('',*,*,#5340,.T.);
#7486=ORIENTED_EDGE('',*,*,#5309,.F.);
#7487=ORIENTED_EDGE('',*,*,#5341,.F.);
#7488=ORIENTED_EDGE('',*,*,#5305,.F.);
#7489=ORIENTED_EDGE('',*,*,#5342,.F.);
#7490=ORIENTED_EDGE('',*,*,#5343,.T.);
#7491=ORIENTED_EDGE('',*,*,#5337,.T.);
#7492=ORIENTED_EDGE('',*,*,#5329,.F.);
#7493=ORIENTED_EDGE('',*,*,#5336,.F.);
#7494=ORIENTED_EDGE('',*,*,#5344,.T.);
#7495=ORIENTED_EDGE('',*,*,#5342,.T.);
#7496=ORIENTED_EDGE('',*,*,#5325,.F.);
#7497=ORIENTED_EDGE('',*,*,#5345,.F.);
#7498=ORIENTED_EDGE('',*,*,#5321,.F.);
#7499=ORIENTED_EDGE('',*,*,#5346,.T.);
#7500=ORIENTED_EDGE('',*,*,#5347,.T.);
#7501=ORIENTED_EDGE('',*,*,#5348,.T.);
#7502=ORIENTED_EDGE('',*,*,#5349,.T.);
#7503=ORIENTED_EDGE('',*,*,#5350,.F.);
#7504=ORIENTED_EDGE('',*,*,#5351,.T.);
#7505=ORIENTED_EDGE('',*,*,#5352,.T.);
#7506=ORIENTED_EDGE('',*,*,#5353,.T.);
#7507=ORIENTED_EDGE('',*,*,#5354,.F.);
#7508=ORIENTED_EDGE('',*,*,#5355,.T.);
#7509=ORIENTED_EDGE('',*,*,#5356,.T.);
#7510=ORIENTED_EDGE('',*,*,#5357,.F.);
#7511=ORIENTED_EDGE('',*,*,#5358,.T.);
#7512=ORIENTED_EDGE('',*,*,#5359,.F.);
#7513=ORIENTED_EDGE('',*,*,#5360,.F.);
#7514=ORIENTED_EDGE('',*,*,#5357,.T.);
#7515=ORIENTED_EDGE('',*,*,#5361,.T.);
#7516=ORIENTED_EDGE('',*,*,#5362,.T.);
#7517=ORIENTED_EDGE('',*,*,#5363,.F.);
#7518=ORIENTED_EDGE('',*,*,#5359,.T.);
#7519=ORIENTED_EDGE('',*,*,#5364,.F.);
#7520=ORIENTED_EDGE('',*,*,#5365,.T.);
#7521=ORIENTED_EDGE('',*,*,#5366,.T.);
#7522=ORIENTED_EDGE('',*,*,#5367,.T.);
#7523=ORIENTED_EDGE('',*,*,#5368,.F.);
#7524=ORIENTED_EDGE('',*,*,#5369,.T.);
#7525=ORIENTED_EDGE('',*,*,#5370,.T.);
#7526=ORIENTED_EDGE('',*,*,#5340,.F.);
#7527=ORIENTED_EDGE('',*,*,#5371,.T.);
#7528=ORIENTED_EDGE('',*,*,#5372,.T.);
#7529=ORIENTED_EDGE('',*,*,#5373,.F.);
#7530=ORIENTED_EDGE('',*,*,#5311,.T.);
#7531=ORIENTED_EDGE('',*,*,#5363,.T.);
#7532=ORIENTED_EDGE('',*,*,#5374,.T.);
#7533=ORIENTED_EDGE('',*,*,#5364,.T.);
#7534=ORIENTED_EDGE('',*,*,#5375,.T.);
#7535=ORIENTED_EDGE('',*,*,#5368,.T.);
#7536=ORIENTED_EDGE('',*,*,#5312,.T.);
#7537=ORIENTED_EDGE('',*,*,#5373,.T.);
#7538=ORIENTED_EDGE('',*,*,#5376,.T.);
#7539=ORIENTED_EDGE('',*,*,#5350,.T.);
#7540=ORIENTED_EDGE('',*,*,#5377,.T.);
#7541=ORIENTED_EDGE('',*,*,#5354,.T.);
#7542=ORIENTED_EDGE('',*,*,#5360,.T.);
#7543=ORIENTED_EDGE('',*,*,#5366,.F.);
#7544=ORIENTED_EDGE('',*,*,#5378,.T.);
#7545=ORIENTED_EDGE('',*,*,#5361,.F.);
#7546=ORIENTED_EDGE('',*,*,#5358,.F.);
#7547=ORIENTED_EDGE('',*,*,#5356,.F.);
#7548=ORIENTED_EDGE('',*,*,#5379,.T.);
#7549=ORIENTED_EDGE('',*,*,#5352,.F.);
#7550=ORIENTED_EDGE('',*,*,#5380,.T.);
#7551=ORIENTED_EDGE('',*,*,#5371,.F.);
#7552=ORIENTED_EDGE('',*,*,#5310,.F.);
#7553=ORIENTED_EDGE('',*,*,#5370,.F.);
#7554=ORIENTED_EDGE('',*,*,#5381,.T.);
#7555=ORIENTED_EDGE('',*,*,#5382,.T.);
#7556=ORIENTED_EDGE('',*,*,#5383,.T.);
#7557=ORIENTED_EDGE('',*,*,#5384,.F.);
#7558=ORIENTED_EDGE('',*,*,#5385,.F.);
#7559=ORIENTED_EDGE('',*,*,#5384,.T.);
#7560=ORIENTED_EDGE('',*,*,#5386,.T.);
#7561=ORIENTED_EDGE('',*,*,#5323,.F.);
#7562=ORIENTED_EDGE('',*,*,#5387,.F.);
#7563=ORIENTED_EDGE('',*,*,#5388,.T.);
#7564=ORIENTED_EDGE('',*,*,#5389,.T.);
#7565=ORIENTED_EDGE('',*,*,#5390,.F.);
#7566=ORIENTED_EDGE('',*,*,#5345,.T.);
#7567=ORIENTED_EDGE('',*,*,#5391,.T.);
#7568=ORIENTED_EDGE('',*,*,#5392,.T.);
#7569=ORIENTED_EDGE('',*,*,#5393,.F.);
#7570=ORIENTED_EDGE('',*,*,#5394,.T.);
#7571=ORIENTED_EDGE('',*,*,#5395,.F.);
#7572=ORIENTED_EDGE('',*,*,#5396,.T.);
#7573=ORIENTED_EDGE('',*,*,#5397,.T.);
#7574=ORIENTED_EDGE('',*,*,#5398,.F.);
#7575=ORIENTED_EDGE('',*,*,#5398,.T.);
#7576=ORIENTED_EDGE('',*,*,#5399,.T.);
#7577=ORIENTED_EDGE('',*,*,#5400,.F.);
#7578=ORIENTED_EDGE('',*,*,#5401,.F.);
#7579=ORIENTED_EDGE('',*,*,#5400,.T.);
#7580=ORIENTED_EDGE('',*,*,#5402,.T.);
#7581=ORIENTED_EDGE('',*,*,#5382,.F.);
#7582=ORIENTED_EDGE('',*,*,#5403,.F.);
#7583=ORIENTED_EDGE('',*,*,#5397,.F.);
#7584=ORIENTED_EDGE('',*,*,#5404,.T.);
#7585=ORIENTED_EDGE('',*,*,#5391,.F.);
#7586=ORIENTED_EDGE('',*,*,#5405,.T.);
#7587=ORIENTED_EDGE('',*,*,#5388,.F.);
#7588=ORIENTED_EDGE('',*,*,#5324,.F.);
#7589=ORIENTED_EDGE('',*,*,#5386,.F.);
#7590=ORIENTED_EDGE('',*,*,#5383,.F.);
#7591=ORIENTED_EDGE('',*,*,#5402,.F.);
#7592=ORIENTED_EDGE('',*,*,#5399,.F.);
#7593=ORIENTED_EDGE('',*,*,#5393,.T.);
#7594=ORIENTED_EDGE('',*,*,#5406,.T.);
#7595=ORIENTED_EDGE('',*,*,#5395,.T.);
#7596=ORIENTED_EDGE('',*,*,#5401,.T.);
#7597=ORIENTED_EDGE('',*,*,#5403,.T.);
#7598=ORIENTED_EDGE('',*,*,#5385,.T.);
#7599=ORIENTED_EDGE('',*,*,#5387,.T.);
#7600=ORIENTED_EDGE('',*,*,#5322,.T.);
#7601=ORIENTED_EDGE('',*,*,#5390,.T.);
#7602=ORIENTED_EDGE('',*,*,#5407,.T.);
#7603=ORIENTED_EDGE('',*,*,#5408,.F.);
#7604=ORIENTED_EDGE('',*,*,#5409,.T.);
#7605=ORIENTED_EDGE('',*,*,#5410,.T.);
#7606=ORIENTED_EDGE('',*,*,#5411,.F.);
#7607=ORIENTED_EDGE('',*,*,#5412,.T.);
#7608=ORIENTED_EDGE('',*,*,#5413,.F.);
#7609=ORIENTED_EDGE('',*,*,#5414,.F.);
#7610=ORIENTED_EDGE('',*,*,#5411,.T.);
#7611=ORIENTED_EDGE('',*,*,#5415,.T.);
#7612=ORIENTED_EDGE('',*,*,#5416,.T.);
#7613=ORIENTED_EDGE('',*,*,#5417,.F.);
#7614=ORIENTED_EDGE('',*,*,#5413,.T.);
#7615=ORIENTED_EDGE('',*,*,#5418,.T.);
#7616=ORIENTED_EDGE('',*,*,#5419,.T.);
#7617=ORIENTED_EDGE('',*,*,#5420,.F.);
#7618=ORIENTED_EDGE('',*,*,#5421,.T.);
#7619=ORIENTED_EDGE('',*,*,#5422,.F.);
#7620=ORIENTED_EDGE('',*,*,#5423,.T.);
#7621=ORIENTED_EDGE('',*,*,#5424,.T.);
#7622=ORIENTED_EDGE('',*,*,#5307,.F.);
#7623=ORIENTED_EDGE('',*,*,#5425,.T.);
#7624=ORIENTED_EDGE('',*,*,#5426,.T.);
#7625=ORIENTED_EDGE('',*,*,#5427,.F.);
#7626=ORIENTED_EDGE('',*,*,#5341,.T.);
#7627=ORIENTED_EDGE('',*,*,#5428,.T.);
#7628=ORIENTED_EDGE('',*,*,#5429,.T.);
#7629=ORIENTED_EDGE('',*,*,#5430,.F.);
#7630=ORIENTED_EDGE('',*,*,#5431,.T.);
#7631=ORIENTED_EDGE('',*,*,#5430,.T.);
#7632=ORIENTED_EDGE('',*,*,#5432,.T.);
#7633=ORIENTED_EDGE('',*,*,#5408,.T.);
#7634=ORIENTED_EDGE('',*,*,#5414,.T.);
#7635=ORIENTED_EDGE('',*,*,#5417,.T.);
#7636=ORIENTED_EDGE('',*,*,#5433,.T.);
#7637=ORIENTED_EDGE('',*,*,#5420,.T.);
#7638=ORIENTED_EDGE('',*,*,#5434,.T.);
#7639=ORIENTED_EDGE('',*,*,#5422,.T.);
#7640=ORIENTED_EDGE('',*,*,#5306,.T.);
#7641=ORIENTED_EDGE('',*,*,#5427,.T.);
#7642=ORIENTED_EDGE('',*,*,#5435,.T.);
#7643=ORIENTED_EDGE('',*,*,#5410,.F.);
#7644=ORIENTED_EDGE('',*,*,#5436,.T.);
#7645=ORIENTED_EDGE('',*,*,#5428,.F.);
#7646=ORIENTED_EDGE('',*,*,#5437,.T.);
#7647=ORIENTED_EDGE('',*,*,#5425,.F.);
#7648=ORIENTED_EDGE('',*,*,#5308,.F.);
#7649=ORIENTED_EDGE('',*,*,#5424,.F.);
#7650=ORIENTED_EDGE('',*,*,#5438,.T.);
#7651=ORIENTED_EDGE('',*,*,#5418,.F.);
#7652=ORIENTED_EDGE('',*,*,#5439,.T.);
#7653=ORIENTED_EDGE('',*,*,#5415,.F.);
#7654=ORIENTED_EDGE('',*,*,#5412,.F.);
#7655=ORIENTED_EDGE('',*,*,#5440,.T.);
#7656=ORIENTED_EDGE('',*,*,#5441,.T.);
#7657=ORIENTED_EDGE('',*,*,#5442,.F.);
#7658=ORIENTED_EDGE('',*,*,#5443,.T.);
#7659=ORIENTED_EDGE('',*,*,#5444,.F.);
#7660=ORIENTED_EDGE('',*,*,#5445,.T.);
#7661=ORIENTED_EDGE('',*,*,#5446,.T.);
#7662=ORIENTED_EDGE('',*,*,#5447,.T.);
#7663=ORIENTED_EDGE('',*,*,#5448,.F.);
#7664=ORIENTED_EDGE('',*,*,#5449,.T.);
#7665=ORIENTED_EDGE('',*,*,#5450,.T.);
#7666=ORIENTED_EDGE('',*,*,#5339,.F.);
#7667=ORIENTED_EDGE('',*,*,#5451,.T.);
#7668=ORIENTED_EDGE('',*,*,#5452,.T.);
#7669=ORIENTED_EDGE('',*,*,#5453,.F.);
#7670=ORIENTED_EDGE('',*,*,#5315,.T.);
#7671=ORIENTED_EDGE('',*,*,#5454,.T.);
#7672=ORIENTED_EDGE('',*,*,#5455,.T.);
#7673=ORIENTED_EDGE('',*,*,#5456,.F.);
#7674=ORIENTED_EDGE('',*,*,#5457,.T.);
#7675=ORIENTED_EDGE('',*,*,#5458,.F.);
#7676=ORIENTED_EDGE('',*,*,#5459,.T.);
#7677=ORIENTED_EDGE('',*,*,#5460,.T.);
#7678=ORIENTED_EDGE('',*,*,#5461,.F.);
#7679=ORIENTED_EDGE('',*,*,#5462,.T.);
#7680=ORIENTED_EDGE('',*,*,#5443,.F.);
#7681=ORIENTED_EDGE('',*,*,#5463,.F.);
#7682=ORIENTED_EDGE('',*,*,#5461,.T.);
#7683=ORIENTED_EDGE('',*,*,#5442,.T.);
#7684=ORIENTED_EDGE('',*,*,#5464,.T.);
#7685=ORIENTED_EDGE('',*,*,#5444,.T.);
#7686=ORIENTED_EDGE('',*,*,#5465,.T.);
#7687=ORIENTED_EDGE('',*,*,#5448,.T.);
#7688=ORIENTED_EDGE('',*,*,#5316,.T.);
#7689=ORIENTED_EDGE('',*,*,#5453,.T.);
#7690=ORIENTED_EDGE('',*,*,#5466,.T.);
#7691=ORIENTED_EDGE('',*,*,#5456,.T.);
#7692=ORIENTED_EDGE('',*,*,#5467,.T.);
#7693=ORIENTED_EDGE('',*,*,#5458,.T.);
#7694=ORIENTED_EDGE('',*,*,#5463,.T.);
#7695=ORIENTED_EDGE('',*,*,#5446,.F.);
#7696=ORIENTED_EDGE('',*,*,#5468,.T.);
#7697=ORIENTED_EDGE('',*,*,#5440,.F.);
#7698=ORIENTED_EDGE('',*,*,#5462,.F.);
#7699=ORIENTED_EDGE('',*,*,#5460,.F.);
#7700=ORIENTED_EDGE('',*,*,#5469,.T.);
#7701=ORIENTED_EDGE('',*,*,#5454,.F.);
#7702=ORIENTED_EDGE('',*,*,#5470,.T.);
#7703=ORIENTED_EDGE('',*,*,#5451,.F.);
#7704=ORIENTED_EDGE('',*,*,#5314,.F.);
#7705=ORIENTED_EDGE('',*,*,#5450,.F.);
#7706=ORIENTED_EDGE('',*,*,#5471,.T.);
#7707=ORIENTED_EDGE('',*,*,#5472,.F.);
#7708=ORIENTED_EDGE('',*,*,#5349,.F.);
#7709=ORIENTED_EDGE('',*,*,#5473,.F.);
#7710=ORIENTED_EDGE('',*,*,#5335,.F.);
#7711=ORIENTED_EDGE('',*,*,#5473,.T.);
#7712=ORIENTED_EDGE('',*,*,#5348,.F.);
#7713=ORIENTED_EDGE('',*,*,#5474,.F.);
#7714=ORIENTED_EDGE('',*,*,#5344,.F.);
#7715=ORIENTED_EDGE('',*,*,#5472,.T.);
#7716=ORIENTED_EDGE('',*,*,#5338,.F.);
#7717=ORIENTED_EDGE('',*,*,#5475,.F.);
#7718=ORIENTED_EDGE('',*,*,#5346,.F.);
#7719=ORIENTED_EDGE('',*,*,#5474,.T.);
#7720=ORIENTED_EDGE('',*,*,#5347,.F.);
#7721=ORIENTED_EDGE('',*,*,#5475,.T.);
#7722=ORIENTED_EDGE('',*,*,#5343,.F.);
#7723=ORIENTED_EDGE('',*,*,#5476,.F.);
#7724=ORIENTED_EDGE('',*,*,#5326,.F.);
#7725=ORIENTED_EDGE('',*,*,#5477,.F.);
#7726=ORIENTED_EDGE('',*,*,#5333,.F.);
#7727=ORIENTED_EDGE('',*,*,#5477,.T.);
#7728=ORIENTED_EDGE('',*,*,#5319,.F.);
#7729=ORIENTED_EDGE('',*,*,#5478,.F.);
#7730=ORIENTED_EDGE('',*,*,#5330,.F.);
#7731=ORIENTED_EDGE('',*,*,#5476,.T.);
#7732=ORIENTED_EDGE('',*,*,#5332,.F.);
#7733=ORIENTED_EDGE('',*,*,#5479,.F.);
#7734=ORIENTED_EDGE('',*,*,#5303,.F.);
#7735=ORIENTED_EDGE('',*,*,#5478,.T.);
#7736=ORIENTED_EDGE('',*,*,#5328,.F.);
#7737=ORIENTED_EDGE('',*,*,#5479,.T.);
#7738=ORIENTED_EDGE('',*,*,#5331,.F.);
#7739=ORIENTED_EDGE('',*,*,#5406,.F.);
#7740=ORIENTED_EDGE('',*,*,#5392,.F.);
#7741=ORIENTED_EDGE('',*,*,#5404,.F.);
#7742=ORIENTED_EDGE('',*,*,#5396,.F.);
#7743=ORIENTED_EDGE('',*,*,#5407,.F.);
#7744=ORIENTED_EDGE('',*,*,#5389,.F.);
#7745=ORIENTED_EDGE('',*,*,#5405,.F.);
#7746=ORIENTED_EDGE('',*,*,#5394,.F.);
#7747=ORIENTED_EDGE('',*,*,#5432,.F.);
#7748=ORIENTED_EDGE('',*,*,#5429,.F.);
#7749=ORIENTED_EDGE('',*,*,#5436,.F.);
#7750=ORIENTED_EDGE('',*,*,#5409,.F.);
#7751=ORIENTED_EDGE('',*,*,#5435,.F.);
#7752=ORIENTED_EDGE('',*,*,#5426,.F.);
#7753=ORIENTED_EDGE('',*,*,#5437,.F.);
#7754=ORIENTED_EDGE('',*,*,#5431,.F.);
#7755=ORIENTED_EDGE('',*,*,#5374,.F.);
#7756=ORIENTED_EDGE('',*,*,#5362,.F.);
#7757=ORIENTED_EDGE('',*,*,#5378,.F.);
#7758=ORIENTED_EDGE('',*,*,#5365,.F.);
#7759=ORIENTED_EDGE('',*,*,#5375,.F.);
#7760=ORIENTED_EDGE('',*,*,#5367,.F.);
#7761=ORIENTED_EDGE('',*,*,#5381,.F.);
#7762=ORIENTED_EDGE('',*,*,#5369,.F.);
#7763=ORIENTED_EDGE('',*,*,#5464,.F.);
#7764=ORIENTED_EDGE('',*,*,#5441,.F.);
#7765=ORIENTED_EDGE('',*,*,#5468,.F.);
#7766=ORIENTED_EDGE('',*,*,#5445,.F.);
#7767=ORIENTED_EDGE('',*,*,#5465,.F.);
#7768=ORIENTED_EDGE('',*,*,#5447,.F.);
#7769=ORIENTED_EDGE('',*,*,#5471,.F.);
#7770=ORIENTED_EDGE('',*,*,#5449,.F.);
#7771=ORIENTED_EDGE('',*,*,#5434,.F.);
#7772=ORIENTED_EDGE('',*,*,#5419,.F.);
#7773=ORIENTED_EDGE('',*,*,#5438,.F.);
#7774=ORIENTED_EDGE('',*,*,#5423,.F.);
#7775=ORIENTED_EDGE('',*,*,#5433,.F.);
#7776=ORIENTED_EDGE('',*,*,#5416,.F.);
#7777=ORIENTED_EDGE('',*,*,#5439,.F.);
#7778=ORIENTED_EDGE('',*,*,#5421,.F.);
#7779=ORIENTED_EDGE('',*,*,#5376,.F.);
#7780=ORIENTED_EDGE('',*,*,#5372,.F.);
#7781=ORIENTED_EDGE('',*,*,#5380,.F.);
#7782=ORIENTED_EDGE('',*,*,#5351,.F.);
#7783=ORIENTED_EDGE('',*,*,#5377,.F.);
#7784=ORIENTED_EDGE('',*,*,#5353,.F.);
#7785=ORIENTED_EDGE('',*,*,#5379,.F.);
#7786=ORIENTED_EDGE('',*,*,#5355,.F.);
#7787=ORIENTED_EDGE('',*,*,#5467,.F.);
#7788=ORIENTED_EDGE('',*,*,#5455,.F.);
#7789=ORIENTED_EDGE('',*,*,#5469,.F.);
#7790=ORIENTED_EDGE('',*,*,#5459,.F.);
#7791=ORIENTED_EDGE('',*,*,#5466,.F.);
#7792=ORIENTED_EDGE('',*,*,#5452,.F.);
#7793=ORIENTED_EDGE('',*,*,#5470,.F.);
#7794=ORIENTED_EDGE('',*,*,#5457,.F.);
#7795=ORIENTED_EDGE('',*,*,#5480,.F.);
#7796=ORIENTED_EDGE('',*,*,#5481,.F.);
#7797=ORIENTED_EDGE('',*,*,#5482,.F.);
#7798=ORIENTED_EDGE('',*,*,#5483,.F.);
#7799=ORIENTED_EDGE('',*,*,#5484,.F.);
#7800=ORIENTED_EDGE('',*,*,#5485,.F.);
#7801=ORIENTED_EDGE('',*,*,#5486,.F.);
#7802=ORIENTED_EDGE('',*,*,#5487,.F.);
#7803=ORIENTED_EDGE('',*,*,#5488,.F.);
#7804=ORIENTED_EDGE('',*,*,#5489,.F.);
#7805=ORIENTED_EDGE('',*,*,#5490,.F.);
#7806=ORIENTED_EDGE('',*,*,#5491,.F.);
#7807=ORIENTED_EDGE('',*,*,#5492,.F.);
#7808=ORIENTED_EDGE('',*,*,#5493,.F.);
#7809=ORIENTED_EDGE('',*,*,#5494,.F.);
#7810=ORIENTED_EDGE('',*,*,#5495,.F.);
#7811=ORIENTED_EDGE('',*,*,#5496,.F.);
#7812=ORIENTED_EDGE('',*,*,#5497,.F.);
#7813=ORIENTED_EDGE('',*,*,#5498,.F.);
#7814=ORIENTED_EDGE('',*,*,#5499,.F.);
#7815=ORIENTED_EDGE('',*,*,#5500,.F.);
#7816=ORIENTED_EDGE('',*,*,#5501,.F.);
#7817=ORIENTED_EDGE('',*,*,#5502,.F.);
#7818=ORIENTED_EDGE('',*,*,#5503,.F.);
#7819=ORIENTED_EDGE('',*,*,#5504,.F.);
#7820=ORIENTED_EDGE('',*,*,#5505,.F.);
#7821=ORIENTED_EDGE('',*,*,#5506,.F.);
#7822=ORIENTED_EDGE('',*,*,#5507,.F.);
#7823=ORIENTED_EDGE('',*,*,#5508,.F.);
#7824=ORIENTED_EDGE('',*,*,#5509,.F.);
#7825=ORIENTED_EDGE('',*,*,#5510,.F.);
#7826=ORIENTED_EDGE('',*,*,#5511,.F.);
#7827=ORIENTED_EDGE('',*,*,#5512,.F.);
#7828=ORIENTED_EDGE('',*,*,#5513,.F.);
#7829=ORIENTED_EDGE('',*,*,#5514,.F.);
#7830=ORIENTED_EDGE('',*,*,#5515,.F.);
#7831=ORIENTED_EDGE('',*,*,#5516,.F.);
#7832=ORIENTED_EDGE('',*,*,#5517,.F.);
#7833=ORIENTED_EDGE('',*,*,#5518,.F.);
#7834=ORIENTED_EDGE('',*,*,#5519,.F.);
#7835=ORIENTED_EDGE('',*,*,#5520,.F.);
#7836=ORIENTED_EDGE('',*,*,#5521,.F.);
#7837=ORIENTED_EDGE('',*,*,#5522,.F.);
#7838=ORIENTED_EDGE('',*,*,#5523,.F.);
#7839=ORIENTED_EDGE('',*,*,#5524,.F.);
#7840=ORIENTED_EDGE('',*,*,#5525,.F.);
#7841=ORIENTED_EDGE('',*,*,#5526,.F.);
#7842=ORIENTED_EDGE('',*,*,#5527,.T.);
#7843=ORIENTED_EDGE('',*,*,#5528,.T.);
#7844=ORIENTED_EDGE('',*,*,#5529,.T.);
#7845=ORIENTED_EDGE('',*,*,#5530,.T.);
#7846=ORIENTED_EDGE('',*,*,#5531,.T.);
#7847=ORIENTED_EDGE('',*,*,#5532,.T.);
#7848=ORIENTED_EDGE('',*,*,#5533,.T.);
#7849=ORIENTED_EDGE('',*,*,#5534,.T.);
#7850=ORIENTED_EDGE('',*,*,#5535,.T.);
#7851=ORIENTED_EDGE('',*,*,#5536,.T.);
#7852=ORIENTED_EDGE('',*,*,#5537,.T.);
#7853=ORIENTED_EDGE('',*,*,#5481,.T.);
#7854=ORIENTED_EDGE('',*,*,#5538,.T.);
#7855=ORIENTED_EDGE('',*,*,#5539,.F.);
#7856=ORIENTED_EDGE('',*,*,#5534,.F.);
#7857=ORIENTED_EDGE('',*,*,#5540,.T.);
#7858=ORIENTED_EDGE('',*,*,#5539,.T.);
#7859=ORIENTED_EDGE('',*,*,#5541,.F.);
#7860=ORIENTED_EDGE('',*,*,#5542,.F.);
#7861=ORIENTED_EDGE('',*,*,#5535,.F.);
#7862=ORIENTED_EDGE('',*,*,#5542,.T.);
#7863=ORIENTED_EDGE('',*,*,#5543,.T.);
#7864=ORIENTED_EDGE('',*,*,#5493,.T.);
#7865=ORIENTED_EDGE('',*,*,#5544,.F.);
#7866=ORIENTED_EDGE('',*,*,#5536,.F.);
#7867=ORIENTED_EDGE('',*,*,#5545,.F.);
#7868=ORIENTED_EDGE('',*,*,#5546,.T.);
#7869=ORIENTED_EDGE('',*,*,#5537,.F.);
#7870=ORIENTED_EDGE('',*,*,#5544,.T.);
#7871=ORIENTED_EDGE('',*,*,#5492,.T.);
#7872=ORIENTED_EDGE('',*,*,#5547,.F.);
#7873=ORIENTED_EDGE('',*,*,#5491,.T.);
#7874=ORIENTED_EDGE('',*,*,#5548,.F.);
#7875=ORIENTED_EDGE('',*,*,#5549,.F.);
#7876=ORIENTED_EDGE('',*,*,#5547,.T.);
#7877=ORIENTED_EDGE('',*,*,#5490,.T.);
#7878=ORIENTED_EDGE('',*,*,#5550,.F.);
#7879=ORIENTED_EDGE('',*,*,#5551,.F.);
#7880=ORIENTED_EDGE('',*,*,#5548,.T.);
#7881=ORIENTED_EDGE('',*,*,#5489,.T.);
#7882=ORIENTED_EDGE('',*,*,#5552,.F.);
#7883=ORIENTED_EDGE('',*,*,#5553,.F.);
#7884=ORIENTED_EDGE('',*,*,#5550,.T.);
#7885=ORIENTED_EDGE('',*,*,#5527,.F.);
#7886=ORIENTED_EDGE('',*,*,#5554,.T.);
#7887=ORIENTED_EDGE('',*,*,#5555,.F.);
#7888=ORIENTED_EDGE('',*,*,#5552,.T.);
#7889=ORIENTED_EDGE('',*,*,#5488,.T.);
#7890=ORIENTED_EDGE('',*,*,#5556,.F.);
#7891=ORIENTED_EDGE('',*,*,#5487,.T.);
#7892=ORIENTED_EDGE('',*,*,#5557,.F.);
#7893=ORIENTED_EDGE('',*,*,#5528,.F.);
#7894=ORIENTED_EDGE('',*,*,#5556,.T.);
#7895=ORIENTED_EDGE('',*,*,#5486,.T.);
#7896=ORIENTED_EDGE('',*,*,#5558,.F.);
#7897=ORIENTED_EDGE('',*,*,#5529,.F.);
#7898=ORIENTED_EDGE('',*,*,#5557,.T.);
#7899=ORIENTED_EDGE('',*,*,#5485,.T.);
#7900=ORIENTED_EDGE('',*,*,#5559,.F.);
#7901=ORIENTED_EDGE('',*,*,#5530,.F.);
#7902=ORIENTED_EDGE('',*,*,#5558,.T.);
#7903=ORIENTED_EDGE('',*,*,#5484,.T.);
#7904=ORIENTED_EDGE('',*,*,#5560,.F.);
#7905=ORIENTED_EDGE('',*,*,#5531,.F.);
#7906=ORIENTED_EDGE('',*,*,#5559,.T.);
#7907=ORIENTED_EDGE('',*,*,#5483,.T.);
#7908=ORIENTED_EDGE('',*,*,#5561,.F.);
#7909=ORIENTED_EDGE('',*,*,#5532,.F.);
#7910=ORIENTED_EDGE('',*,*,#5560,.T.);
#7911=ORIENTED_EDGE('',*,*,#5482,.T.);
#7912=ORIENTED_EDGE('',*,*,#5540,.F.);
#7913=ORIENTED_EDGE('',*,*,#5533,.F.);
#7914=ORIENTED_EDGE('',*,*,#5561,.T.);
#7915=ORIENTED_EDGE('',*,*,#5555,.T.);
#7916=ORIENTED_EDGE('',*,*,#5562,.T.);
#7917=ORIENTED_EDGE('',*,*,#5545,.T.);
#7918=ORIENTED_EDGE('',*,*,#5549,.T.);
#7919=ORIENTED_EDGE('',*,*,#5551,.T.);
#7920=ORIENTED_EDGE('',*,*,#5553,.T.);
#7921=ORIENTED_EDGE('',*,*,#5480,.T.);
#7922=ORIENTED_EDGE('',*,*,#5543,.F.);
#7923=ORIENTED_EDGE('',*,*,#5541,.T.);
#7924=ORIENTED_EDGE('',*,*,#5538,.F.);
#7925=ORIENTED_EDGE('',*,*,#5523,.T.);
#7926=ORIENTED_EDGE('',*,*,#5563,.F.);
#7927=ORIENTED_EDGE('',*,*,#5564,.F.);
#7928=ORIENTED_EDGE('',*,*,#5565,.T.);
#7929=ORIENTED_EDGE('',*,*,#5522,.T.);
#7930=ORIENTED_EDGE('',*,*,#5566,.F.);
#7931=ORIENTED_EDGE('',*,*,#5567,.F.);
#7932=ORIENTED_EDGE('',*,*,#5563,.T.);
#7933=ORIENTED_EDGE('',*,*,#5525,.T.);
#7934=ORIENTED_EDGE('',*,*,#5568,.F.);
#7935=ORIENTED_EDGE('',*,*,#5569,.F.);
#7936=ORIENTED_EDGE('',*,*,#5566,.T.);
#7937=ORIENTED_EDGE('',*,*,#5524,.T.);
#7938=ORIENTED_EDGE('',*,*,#5565,.F.);
#7939=ORIENTED_EDGE('',*,*,#5570,.F.);
#7940=ORIENTED_EDGE('',*,*,#5568,.T.);
#7941=ORIENTED_EDGE('',*,*,#5564,.T.);
#7942=ORIENTED_EDGE('',*,*,#5567,.T.);
#7943=ORIENTED_EDGE('',*,*,#5569,.T.);
#7944=ORIENTED_EDGE('',*,*,#5570,.T.);
#7945=ORIENTED_EDGE('',*,*,#5495,.T.);
#7946=ORIENTED_EDGE('',*,*,#5571,.F.);
#7947=ORIENTED_EDGE('',*,*,#5572,.F.);
#7948=ORIENTED_EDGE('',*,*,#5573,.T.);
#7949=ORIENTED_EDGE('',*,*,#5494,.T.);
#7950=ORIENTED_EDGE('',*,*,#5574,.F.);
#7951=ORIENTED_EDGE('',*,*,#5575,.F.);
#7952=ORIENTED_EDGE('',*,*,#5571,.T.);
#7953=ORIENTED_EDGE('',*,*,#5497,.T.);
#7954=ORIENTED_EDGE('',*,*,#5576,.F.);
#7955=ORIENTED_EDGE('',*,*,#5577,.F.);
#7956=ORIENTED_EDGE('',*,*,#5574,.T.);
#7957=ORIENTED_EDGE('',*,*,#5496,.T.);
#7958=ORIENTED_EDGE('',*,*,#5573,.F.);
#7959=ORIENTED_EDGE('',*,*,#5578,.F.);
#7960=ORIENTED_EDGE('',*,*,#5576,.T.);
#7961=ORIENTED_EDGE('',*,*,#5578,.T.);
#7962=ORIENTED_EDGE('',*,*,#5572,.T.);
#7963=ORIENTED_EDGE('',*,*,#5575,.T.);
#7964=ORIENTED_EDGE('',*,*,#5577,.T.);
#7965=ORIENTED_EDGE('',*,*,#5519,.T.);
#7966=ORIENTED_EDGE('',*,*,#5579,.F.);
#7967=ORIENTED_EDGE('',*,*,#5580,.F.);
#7968=ORIENTED_EDGE('',*,*,#5581,.T.);
#7969=ORIENTED_EDGE('',*,*,#5518,.T.);
#7970=ORIENTED_EDGE('',*,*,#5582,.F.);
#7971=ORIENTED_EDGE('',*,*,#5583,.F.);
#7972=ORIENTED_EDGE('',*,*,#5579,.T.);
#7973=ORIENTED_EDGE('',*,*,#5521,.T.);
#7974=ORIENTED_EDGE('',*,*,#5584,.F.);
#7975=ORIENTED_EDGE('',*,*,#5585,.F.);
#7976=ORIENTED_EDGE('',*,*,#5582,.T.);
#7977=ORIENTED_EDGE('',*,*,#5520,.T.);
#7978=ORIENTED_EDGE('',*,*,#5581,.F.);
#7979=ORIENTED_EDGE('',*,*,#5586,.F.);
#7980=ORIENTED_EDGE('',*,*,#5584,.T.);
#7981=ORIENTED_EDGE('',*,*,#5580,.T.);
#7982=ORIENTED_EDGE('',*,*,#5583,.T.);
#7983=ORIENTED_EDGE('',*,*,#5585,.T.);
#7984=ORIENTED_EDGE('',*,*,#5586,.T.);
#7985=ORIENTED_EDGE('',*,*,#5499,.T.);
#7986=ORIENTED_EDGE('',*,*,#5587,.F.);
#7987=ORIENTED_EDGE('',*,*,#5588,.F.);
#7988=ORIENTED_EDGE('',*,*,#5589,.T.);
#7989=ORIENTED_EDGE('',*,*,#5498,.T.);
#7990=ORIENTED_EDGE('',*,*,#5590,.F.);
#7991=ORIENTED_EDGE('',*,*,#5591,.F.);
#7992=ORIENTED_EDGE('',*,*,#5587,.T.);
#7993=ORIENTED_EDGE('',*,*,#5501,.T.);
#7994=ORIENTED_EDGE('',*,*,#5592,.F.);
#7995=ORIENTED_EDGE('',*,*,#5593,.F.);
#7996=ORIENTED_EDGE('',*,*,#5590,.T.);
#7997=ORIENTED_EDGE('',*,*,#5500,.T.);
#7998=ORIENTED_EDGE('',*,*,#5589,.F.);
#7999=ORIENTED_EDGE('',*,*,#5594,.F.);
#8000=ORIENTED_EDGE('',*,*,#5592,.T.);
#8001=ORIENTED_EDGE('',*,*,#5588,.T.);
#8002=ORIENTED_EDGE('',*,*,#5591,.T.);
#8003=ORIENTED_EDGE('',*,*,#5593,.T.);
#8004=ORIENTED_EDGE('',*,*,#5594,.T.);
#8005=ORIENTED_EDGE('',*,*,#5515,.T.);
#8006=ORIENTED_EDGE('',*,*,#5595,.F.);
#8007=ORIENTED_EDGE('',*,*,#5596,.F.);
#8008=ORIENTED_EDGE('',*,*,#5597,.T.);
#8009=ORIENTED_EDGE('',*,*,#5514,.T.);
#8010=ORIENTED_EDGE('',*,*,#5598,.F.);
#8011=ORIENTED_EDGE('',*,*,#5599,.F.);
#8012=ORIENTED_EDGE('',*,*,#5595,.T.);
#8013=ORIENTED_EDGE('',*,*,#5517,.T.);
#8014=ORIENTED_EDGE('',*,*,#5600,.F.);
#8015=ORIENTED_EDGE('',*,*,#5601,.F.);
#8016=ORIENTED_EDGE('',*,*,#5598,.T.);
#8017=ORIENTED_EDGE('',*,*,#5516,.T.);
#8018=ORIENTED_EDGE('',*,*,#5597,.F.);
#8019=ORIENTED_EDGE('',*,*,#5602,.F.);
#8020=ORIENTED_EDGE('',*,*,#5600,.T.);
#8021=ORIENTED_EDGE('',*,*,#5596,.T.);
#8022=ORIENTED_EDGE('',*,*,#5599,.T.);
#8023=ORIENTED_EDGE('',*,*,#5601,.T.);
#8024=ORIENTED_EDGE('',*,*,#5602,.T.);
#8025=ORIENTED_EDGE('',*,*,#5503,.T.);
#8026=ORIENTED_EDGE('',*,*,#5603,.F.);
#8027=ORIENTED_EDGE('',*,*,#5604,.F.);
#8028=ORIENTED_EDGE('',*,*,#5605,.T.);
#8029=ORIENTED_EDGE('',*,*,#5502,.T.);
#8030=ORIENTED_EDGE('',*,*,#5606,.F.);
#8031=ORIENTED_EDGE('',*,*,#5607,.F.);
#8032=ORIENTED_EDGE('',*,*,#5603,.T.);
#8033=ORIENTED_EDGE('',*,*,#5505,.T.);
#8034=ORIENTED_EDGE('',*,*,#5608,.F.);
#8035=ORIENTED_EDGE('',*,*,#5609,.F.);
#8036=ORIENTED_EDGE('',*,*,#5606,.T.);
#8037=ORIENTED_EDGE('',*,*,#5504,.T.);
#8038=ORIENTED_EDGE('',*,*,#5605,.F.);
#8039=ORIENTED_EDGE('',*,*,#5610,.F.);
#8040=ORIENTED_EDGE('',*,*,#5608,.T.);
#8041=ORIENTED_EDGE('',*,*,#5604,.T.);
#8042=ORIENTED_EDGE('',*,*,#5607,.T.);
#8043=ORIENTED_EDGE('',*,*,#5609,.T.);
#8044=ORIENTED_EDGE('',*,*,#5610,.T.);
#8045=ORIENTED_EDGE('',*,*,#5511,.T.);
#8046=ORIENTED_EDGE('',*,*,#5611,.F.);
#8047=ORIENTED_EDGE('',*,*,#5612,.F.);
#8048=ORIENTED_EDGE('',*,*,#5613,.T.);
#8049=ORIENTED_EDGE('',*,*,#5510,.T.);
#8050=ORIENTED_EDGE('',*,*,#5614,.F.);
#8051=ORIENTED_EDGE('',*,*,#5615,.F.);
#8052=ORIENTED_EDGE('',*,*,#5611,.T.);
#8053=ORIENTED_EDGE('',*,*,#5513,.T.);
#8054=ORIENTED_EDGE('',*,*,#5616,.F.);
#8055=ORIENTED_EDGE('',*,*,#5617,.F.);
#8056=ORIENTED_EDGE('',*,*,#5614,.T.);
#8057=ORIENTED_EDGE('',*,*,#5512,.T.);
#8058=ORIENTED_EDGE('',*,*,#5613,.F.);
#8059=ORIENTED_EDGE('',*,*,#5618,.F.);
#8060=ORIENTED_EDGE('',*,*,#5616,.T.);
#8061=ORIENTED_EDGE('',*,*,#5612,.T.);
#8062=ORIENTED_EDGE('',*,*,#5615,.T.);
#8063=ORIENTED_EDGE('',*,*,#5617,.T.);
#8064=ORIENTED_EDGE('',*,*,#5618,.T.);
#8065=ORIENTED_EDGE('',*,*,#5507,.T.);
#8066=ORIENTED_EDGE('',*,*,#5619,.F.);
#8067=ORIENTED_EDGE('',*,*,#5620,.F.);
#8068=ORIENTED_EDGE('',*,*,#5621,.T.);
#8069=ORIENTED_EDGE('',*,*,#5506,.T.);
#8070=ORIENTED_EDGE('',*,*,#5622,.F.);
#8071=ORIENTED_EDGE('',*,*,#5623,.F.);
#8072=ORIENTED_EDGE('',*,*,#5619,.T.);
#8073=ORIENTED_EDGE('',*,*,#5509,.T.);
#8074=ORIENTED_EDGE('',*,*,#5624,.F.);
#8075=ORIENTED_EDGE('',*,*,#5625,.F.);
#8076=ORIENTED_EDGE('',*,*,#5622,.T.);
#8077=ORIENTED_EDGE('',*,*,#5508,.T.);
#8078=ORIENTED_EDGE('',*,*,#5621,.F.);
#8079=ORIENTED_EDGE('',*,*,#5626,.F.);
#8080=ORIENTED_EDGE('',*,*,#5624,.T.);
#8081=ORIENTED_EDGE('',*,*,#5620,.T.);
#8082=ORIENTED_EDGE('',*,*,#5623,.T.);
#8083=ORIENTED_EDGE('',*,*,#5625,.T.);
#8084=ORIENTED_EDGE('',*,*,#5626,.T.);
#8085=ORIENTED_EDGE('',*,*,#5554,.F.);
#8086=ORIENTED_EDGE('',*,*,#5526,.T.);
#8087=ORIENTED_EDGE('',*,*,#5546,.F.);
#8088=ORIENTED_EDGE('',*,*,#5562,.F.);
#8089=CYLINDRICAL_SURFACE('',#8559,0.65);
#8090=CYLINDRICAL_SURFACE('',#8562,0.649999999999982);
#8091=CYLINDRICAL_SURFACE('',#8565,0.65);
#8092=CYLINDRICAL_SURFACE('',#8568,0.649999999999991);
#8093=CYLINDRICAL_SURFACE('',#8571,0.649999999999973);
#8094=CYLINDRICAL_SURFACE('',#8574,0.65);
#8095=CYLINDRICAL_SURFACE('',#8577,1.24999999999999);
#8096=CYLINDRICAL_SURFACE('',#8580,1.24999999999999);
#8097=CYLINDRICAL_SURFACE('',#8583,1.24999999999999);
#8098=CYLINDRICAL_SURFACE('',#8586,1.24999999999999);
#8099=CYLINDRICAL_SURFACE('',#8635,0.499999999999999);
#8100=CYLINDRICAL_SURFACE('',#8730,0.1);
#8101=CYLINDRICAL_SURFACE('',#8735,0.1);
#8102=CYLINDRICAL_SURFACE('',#8738,0.1);
#8103=CYLINDRICAL_SURFACE('',#8744,0.1);
#8104=CYLINDRICAL_SURFACE('',#8748,0.1);
#8105=CYLINDRICAL_SURFACE('',#8753,0.1);
#8106=CYLINDRICAL_SURFACE('',#8757,0.3);
#8107=CYLINDRICAL_SURFACE('',#8890,0.2);
#8108=CYLINDRICAL_SURFACE('',#8893,0.2);
#8109=CYLINDRICAL_SURFACE('',#8895,0.2);
#8110=CYLINDRICAL_SURFACE('',#8897,0.2);
#8111=CYLINDRICAL_SURFACE('',#8898,0.2);
#8112=CYLINDRICAL_SURFACE('',#8901,0.2);
#8113=CYLINDRICAL_SURFACE('',#8903,0.2);
#8114=CYLINDRICAL_SURFACE('',#8905,0.2);
#8115=CYLINDRICAL_SURFACE('',#8906,0.2);
#8116=CYLINDRICAL_SURFACE('',#8907,0.2);
#8117=CYLINDRICAL_SURFACE('',#8908,0.2);
#8118=CYLINDRICAL_SURFACE('',#8909,0.2);
#8119=CYLINDRICAL_SURFACE('',#8910,0.2);
#8120=CYLINDRICAL_SURFACE('',#8911,0.2);
#8121=CYLINDRICAL_SURFACE('',#8912,0.2);
#8122=CYLINDRICAL_SURFACE('',#8913,0.2);
#8123=CYLINDRICAL_SURFACE('',#8914,0.2);
#8124=CYLINDRICAL_SURFACE('',#8915,0.2);
#8125=CYLINDRICAL_SURFACE('',#8916,0.2);
#8126=CYLINDRICAL_SURFACE('',#8917,0.2);
#8127=CYLINDRICAL_SURFACE('',#8918,0.2);
#8128=CYLINDRICAL_SURFACE('',#8919,0.2);
#8129=CYLINDRICAL_SURFACE('',#8930,0.599999999999999);
#8130=CYLINDRICAL_SURFACE('',#8933,0.6);
#8131=CYLINDRICAL_SURFACE('',#8936,0.6);
#8132=CYLINDRICAL_SURFACE('',#8939,0.599999999999999);
#8133=ADVANCED_FACE('',(#741),#8089,.F.);
#8134=ADVANCED_FACE('',(#742),#8090,.F.);
#8135=ADVANCED_FACE('',(#743),#8091,.F.);
#8136=ADVANCED_FACE('',(#744),#8092,.F.);
#8137=ADVANCED_FACE('',(#745),#8093,.F.);
#8138=ADVANCED_FACE('',(#746),#8094,.F.);
#8139=ADVANCED_FACE('',(#747),#8095,.F.);
#8140=ADVANCED_FACE('',(#748),#8096,.F.);
#8141=ADVANCED_FACE('',(#749),#8097,.F.);
#8142=ADVANCED_FACE('',(#750),#8098,.F.);
#8143=ADVANCED_FACE('',(#751),#440,.T.);
#8144=ADVANCED_FACE('',(#752),#441,.T.);
#8145=ADVANCED_FACE('',(#753),#442,.T.);
#8146=ADVANCED_FACE('',(#754),#443,.F.);
#8147=ADVANCED_FACE('',(#755),#444,.F.);
#8148=ADVANCED_FACE('',(#756),#445,.F.);
#8149=ADVANCED_FACE('',(#757),#446,.T.);
#8150=ADVANCED_FACE('',(#758),#447,.T.);
#8151=ADVANCED_FACE('',(#759),#448,.T.);
#8152=ADVANCED_FACE('',(#760),#449,.T.);
#8153=ADVANCED_FACE('',(#761,#298,#299,#300,#301,#302,#303,#304,#305,#306,
#307),#450,.T.);
#8154=ADVANCED_FACE('',(#762),#451,.F.);
#8155=ADVANCED_FACE('',(#763),#452,.F.);
#8156=ADVANCED_FACE('',(#764,#308,#309,#310,#311,#312,#313,#314,#315,#316,
#317),#453,.T.);
#8157=ADVANCED_FACE('',(#765),#454,.F.);
#8158=ADVANCED_FACE('',(#766),#455,.T.);
#8159=ADVANCED_FACE('',(#767),#456,.T.);
#8160=ADVANCED_FACE('',(#768),#457,.T.);
#8161=ADVANCED_FACE('',(#769),#458,.F.);
#8162=ADVANCED_FACE('',(#770),#459,.F.);
#8163=ADVANCED_FACE('',(#771),#460,.F.);
#8164=ADVANCED_FACE('',(#772),#461,.F.);
#8165=ADVANCED_FACE('',(#773),#462,.F.);
#8166=ADVANCED_FACE('',(#774),#463,.F.);
#8167=ADVANCED_FACE('',(#775),#464,.F.);
#8168=ADVANCED_FACE('',(#776),#465,.F.);
#8169=ADVANCED_FACE('',(#777,#318),#466,.F.);
#8170=ADVANCED_FACE('',(#778),#467,.F.);
#8171=ADVANCED_FACE('',(#779),#468,.F.);
#8172=ADVANCED_FACE('',(#780),#255,.F.);
#8173=ADVANCED_FACE('',(#781),#256,.F.);
#8174=ADVANCED_FACE('',(#782),#257,.F.);
#8175=ADVANCED_FACE('',(#783),#258,.F.);
#8176=ADVANCED_FACE('',(#784),#469,.F.);
#8177=ADVANCED_FACE('',(#785),#470,.F.);
#8178=ADVANCED_FACE('',(#786),#259,.F.);
#8179=ADVANCED_FACE('',(#787),#260,.F.);
#8180=ADVANCED_FACE('',(#788),#261,.F.);
#8181=ADVANCED_FACE('',(#789),#262,.F.);
#8182=ADVANCED_FACE('',(#790),#263,.F.);
#8183=ADVANCED_FACE('',(#791),#471,.F.);
#8184=ADVANCED_FACE('',(#792),#472,.F.);
#8185=ADVANCED_FACE('',(#793),#473,.T.);
#8186=ADVANCED_FACE('',(#794),#264,.F.);
#8187=ADVANCED_FACE('',(#795),#265,.F.);
#8188=ADVANCED_FACE('',(#796),#474,.F.);
#8189=ADVANCED_FACE('',(#797),#475,.F.);
#8190=ADVANCED_FACE('',(#798),#266,.F.);
#8191=ADVANCED_FACE('',(#799),#267,.F.);
#8192=ADVANCED_FACE('',(#800),#268,.F.);
#8193=ADVANCED_FACE('',(#801),#269,.F.);
#8194=ADVANCED_FACE('',(#802),#270,.F.);
#8195=ADVANCED_FACE('',(#803),#271,.F.);
#8196=ADVANCED_FACE('',(#804),#272,.F.);
#8197=ADVANCED_FACE('',(#805),#273,.F.);
#8198=ADVANCED_FACE('',(#806),#476,.F.);
#8199=ADVANCED_FACE('',(#807),#477,.F.);
#8200=ADVANCED_FACE('',(#808),#274,.F.);
#8201=ADVANCED_FACE('',(#809),#275,.F.);
#8202=ADVANCED_FACE('',(#810),#276,.F.);
#8203=ADVANCED_FACE('',(#811),#277,.F.);
#8204=ADVANCED_FACE('',(#812),#478,.T.);
#8205=ADVANCED_FACE('',(#813),#479,.F.);
#8206=ADVANCED_FACE('',(#814),#480,.F.);
#8207=ADVANCED_FACE('',(#815),#481,.F.);
#8208=ADVANCED_FACE('',(#816),#482,.F.);
#8209=ADVANCED_FACE('',(#817),#483,.F.);
#8210=ADVANCED_FACE('',(#818),#484,.F.);
#8211=ADVANCED_FACE('',(#819),#485,.F.);
#8212=ADVANCED_FACE('',(#820),#8099,.F.);
#8213=ADVANCED_FACE('',(#821),#486,.T.);
#8214=ADVANCED_FACE('',(#822),#487,.F.);
#8215=ADVANCED_FACE('',(#823),#488,.F.);
#8216=ADVANCED_FACE('',(#824),#489,.F.);
#8217=ADVANCED_FACE('',(#825),#490,.F.);
#8218=ADVANCED_FACE('',(#826),#491,.F.);
#8219=ADVANCED_FACE('',(#827),#492,.F.);
#8220=ADVANCED_FACE('',(#828),#493,.F.);
#8221=ADVANCED_FACE('',(#829),#494,.F.);
#8222=ADVANCED_FACE('',(#830),#495,.F.);
#8223=ADVANCED_FACE('',(#831),#496,.F.);
#8224=ADVANCED_FACE('',(#832),#497,.F.);
#8225=ADVANCED_FACE('',(#833),#498,.F.);
#8226=ADVANCED_FACE('',(#834),#278,.F.);
#8227=ADVANCED_FACE('',(#835),#279,.F.);
#8228=ADVANCED_FACE('',(#836),#499,.F.);
#8229=ADVANCED_FACE('',(#837),#500,.F.);
#8230=ADVANCED_FACE('',(#838),#501,.F.);
#8231=ADVANCED_FACE('',(#839),#502,.F.);
#8232=ADVANCED_FACE('',(#840),#503,.F.);
#8233=ADVANCED_FACE('',(#841),#504,.F.);
#8234=ADVANCED_FACE('',(#842),#505,.T.);
#8235=ADVANCED_FACE('',(#843),#280,.F.);
#8236=ADVANCED_FACE('',(#844),#281,.F.);
#8237=ADVANCED_FACE('',(#845),#282,.F.);
#8238=ADVANCED_FACE('',(#846),#506,.F.);
#8239=ADVANCED_FACE('',(#847),#507,.F.);
#8240=ADVANCED_FACE('',(#848),#508,.F.);
#8241=ADVANCED_FACE('',(#849),#509,.F.);
#8242=ADVANCED_FACE('',(#850),#510,.F.);
#8243=ADVANCED_FACE('',(#851),#511,.F.);
#8244=ADVANCED_FACE('',(#852),#283,.F.);
#8245=ADVANCED_FACE('',(#853),#284,.F.);
#8246=ADVANCED_FACE('',(#854),#285,.F.);
#8247=ADVANCED_FACE('',(#855),#286,.F.);
#8248=ADVANCED_FACE('',(#856),#287,.F.);
#8249=ADVANCED_FACE('',(#857),#288,.F.);
#8250=ADVANCED_FACE('',(#858),#289,.F.);
#8251=ADVANCED_FACE('',(#859),#512,.F.);
#8252=ADVANCED_FACE('',(#860),#513,.F.);
#8253=ADVANCED_FACE('',(#861),#290,.F.);
#8254=ADVANCED_FACE('',(#862),#291,.F.);
#8255=ADVANCED_FACE('',(#863),#292,.F.);
#8256=ADVANCED_FACE('',(#864),#514,.T.);
#8257=ADVANCED_FACE('',(#865,#319,#320,#321,#322,#323,#324,#325,#326),#515,
 .T.);
#8258=ADVANCED_FACE('',(#866),#516,.T.);
#8259=ADVANCED_FACE('',(#867),#517,.T.);
#8260=ADVANCED_FACE('',(#868),#518,.T.);
#8261=ADVANCED_FACE('',(#869),#519,.T.);
#8262=ADVANCED_FACE('',(#870),#520,.T.);
#8263=ADVANCED_FACE('',(#871),#521,.T.);
#8264=ADVANCED_FACE('',(#872),#522,.T.);
#8265=ADVANCED_FACE('',(#873),#523,.T.);
#8266=ADVANCED_FACE('',(#874),#524,.T.);
#8267=ADVANCED_FACE('',(#875),#525,.T.);
#8268=ADVANCED_FACE('',(#876),#526,.T.);
#8269=ADVANCED_FACE('',(#877),#527,.T.);
#8270=ADVANCED_FACE('',(#878),#528,.T.);
#8271=ADVANCED_FACE('',(#879),#529,.T.);
#8272=ADVANCED_FACE('',(#880),#530,.T.);
#8273=ADVANCED_FACE('',(#881),#531,.T.);
#8274=ADVANCED_FACE('',(#882),#532,.T.);
#8275=ADVANCED_FACE('',(#883),#533,.T.);
#8276=ADVANCED_FACE('',(#884),#534,.T.);
#8277=ADVANCED_FACE('',(#885),#535,.T.);
#8278=ADVANCED_FACE('',(#886),#536,.T.);
#8279=ADVANCED_FACE('',(#887),#537,.T.);
#8280=ADVANCED_FACE('',(#888),#538,.T.);
#8281=ADVANCED_FACE('',(#889),#539,.T.);
#8282=ADVANCED_FACE('',(#890),#540,.T.);
#8283=ADVANCED_FACE('',(#891),#541,.T.);
#8284=ADVANCED_FACE('',(#892),#542,.T.);
#8285=ADVANCED_FACE('',(#893),#543,.T.);
#8286=ADVANCED_FACE('',(#894),#544,.T.);
#8287=ADVANCED_FACE('',(#895),#545,.T.);
#8288=ADVANCED_FACE('',(#896),#546,.T.);
#8289=ADVANCED_FACE('',(#897),#547,.T.);
#8290=ADVANCED_FACE('',(#898),#548,.T.);
#8291=ADVANCED_FACE('',(#899),#549,.T.);
#8292=ADVANCED_FACE('',(#900),#550,.T.);
#8293=ADVANCED_FACE('',(#901),#551,.T.);
#8294=ADVANCED_FACE('',(#902),#552,.T.);
#8295=ADVANCED_FACE('',(#903),#553,.T.);
#8296=ADVANCED_FACE('',(#904),#554,.T.);
#8297=ADVANCED_FACE('',(#905),#555,.T.);
#8298=ADVANCED_FACE('',(#906),#556,.T.);
#8299=ADVANCED_FACE('',(#907),#557,.T.);
#8300=ADVANCED_FACE('',(#908),#558,.T.);
#8301=ADVANCED_FACE('',(#909),#559,.T.);
#8302=ADVANCED_FACE('',(#910),#560,.T.);
#8303=ADVANCED_FACE('',(#911),#561,.T.);
#8304=ADVANCED_FACE('',(#912),#562,.T.);
#8305=ADVANCED_FACE('',(#913),#563,.T.);
#8306=ADVANCED_FACE('',(#914),#564,.T.);
#8307=ADVANCED_FACE('',(#915),#565,.T.);
#8308=ADVANCED_FACE('',(#916),#566,.T.);
#8309=ADVANCED_FACE('',(#917),#567,.T.);
#8310=ADVANCED_FACE('',(#918),#568,.T.);
#8311=ADVANCED_FACE('',(#919),#569,.T.);
#8312=ADVANCED_FACE('',(#920),#570,.T.);
#8313=ADVANCED_FACE('',(#921),#571,.T.);
#8314=ADVANCED_FACE('',(#922),#572,.T.);
#8315=ADVANCED_FACE('',(#923),#573,.T.);
#8316=ADVANCED_FACE('',(#924),#574,.T.);
#8317=ADVANCED_FACE('',(#925),#575,.T.);
#8318=ADVANCED_FACE('',(#926),#576,.T.);
#8319=ADVANCED_FACE('',(#927),#577,.F.);
#8320=ADVANCED_FACE('',(#928),#8100,.T.);
#8321=ADVANCED_FACE('',(#929),#578,.F.);
#8322=ADVANCED_FACE('',(#930),#579,.F.);
#8323=ADVANCED_FACE('',(#931),#8101,.T.);
#8324=ADVANCED_FACE('',(#932),#8102,.T.);
#8325=ADVANCED_FACE('',(#933),#30,.T.);
#8326=ADVANCED_FACE('',(#934),#8103,.T.);
#8327=ADVANCED_FACE('',(#935),#580,.F.);
#8328=ADVANCED_FACE('',(#936),#581,.F.);
#8329=ADVANCED_FACE('',(#937),#8104,.T.);
#8330=ADVANCED_FACE('',(#938),#582,.F.);
#8331=ADVANCED_FACE('',(#939),#583,.F.);
#8332=ADVANCED_FACE('',(#940),#8105,.T.);
#8333=ADVANCED_FACE('',(#941),#584,.F.);
#8334=ADVANCED_FACE('',(#942),#8106,.T.);
#8335=ADVANCED_FACE('',(#943),#585,.F.);
#8336=ADVANCED_FACE('',(#944),#586,.T.);
#8337=ADVANCED_FACE('',(#945),#587,.T.);
#8338=ADVANCED_FACE('',(#946),#588,.T.);
#8339=ADVANCED_FACE('',(#947),#589,.T.);
#8340=ADVANCED_FACE('',(#948),#590,.T.);
#8341=ADVANCED_FACE('',(#949),#591,.T.);
#8342=ADVANCED_FACE('',(#950),#592,.T.);
#8343=ADVANCED_FACE('',(#951),#593,.T.);
#8344=ADVANCED_FACE('',(#952),#594,.T.);
#8345=ADVANCED_FACE('',(#953),#595,.T.);
#8346=ADVANCED_FACE('',(#954),#596,.T.);
#8347=ADVANCED_FACE('',(#955),#597,.T.);
#8348=ADVANCED_FACE('',(#956),#598,.T.);
#8349=ADVANCED_FACE('',(#957),#599,.T.);
#8350=ADVANCED_FACE('',(#958),#600,.F.);
#8351=ADVANCED_FACE('',(#959),#601,.F.);
#8352=ADVANCED_FACE('',(#960),#602,.F.);
#8353=ADVANCED_FACE('',(#961),#603,.F.);
#8354=ADVANCED_FACE('',(#962),#604,.F.);
#8355=ADVANCED_FACE('',(#963),#605,.F.);
#8356=ADVANCED_FACE('',(#964),#606,.F.);
#8357=ADVANCED_FACE('',(#965),#607,.F.);
#8358=ADVANCED_FACE('',(#966),#608,.F.);
#8359=ADVANCED_FACE('',(#967),#609,.F.);
#8360=ADVANCED_FACE('',(#968),#610,.F.);
#8361=ADVANCED_FACE('',(#969),#611,.F.);
#8362=ADVANCED_FACE('',(#970),#612,.F.);
#8363=ADVANCED_FACE('',(#971),#613,.F.);
#8364=ADVANCED_FACE('',(#972),#614,.F.);
#8365=ADVANCED_FACE('',(#973),#615,.F.);
#8366=ADVANCED_FACE('',(#974),#616,.F.);
#8367=ADVANCED_FACE('',(#975),#617,.F.);
#8368=ADVANCED_FACE('',(#976),#618,.F.);
#8369=ADVANCED_FACE('',(#977),#619,.F.);
#8370=ADVANCED_FACE('',(#978),#620,.F.);
#8371=ADVANCED_FACE('',(#979),#621,.F.);
#8372=ADVANCED_FACE('',(#980),#622,.T.);
#8373=ADVANCED_FACE('',(#981,#327),#623,.T.);
#8374=ADVANCED_FACE('',(#982),#624,.T.);
#8375=ADVANCED_FACE('',(#983),#625,.T.);
#8376=ADVANCED_FACE('',(#984,#328),#626,.T.);
#8377=ADVANCED_FACE('',(#985),#627,.T.);
#8378=ADVANCED_FACE('',(#986,#329),#628,.T.);
#8379=ADVANCED_FACE('',(#987),#629,.T.);
#8380=ADVANCED_FACE('',(#988),#630,.T.);
#8381=ADVANCED_FACE('',(#989),#631,.T.);
#8382=ADVANCED_FACE('',(#990),#632,.T.);
#8383=ADVANCED_FACE('',(#991),#633,.T.);
#8384=ADVANCED_FACE('',(#992),#634,.T.);
#8385=ADVANCED_FACE('',(#993),#635,.T.);
#8386=ADVANCED_FACE('',(#994),#636,.T.);
#8387=ADVANCED_FACE('',(#995),#637,.T.);
#8388=ADVANCED_FACE('',(#996),#638,.T.);
#8389=ADVANCED_FACE('',(#997,#330),#639,.T.);
#8390=ADVANCED_FACE('',(#998),#640,.T.);
#8391=ADVANCED_FACE('',(#999),#641,.T.);
#8392=ADVANCED_FACE('',(#1000),#642,.T.);
#8393=ADVANCED_FACE('',(#1001),#643,.T.);
#8394=ADVANCED_FACE('',(#1002),#644,.T.);
#8395=ADVANCED_FACE('',(#1003,#331,#332,#333,#334,#335,#336,#337,#338,#339,
#340,#341,#342,#343,#344),#645,.T.);
#8396=ADVANCED_FACE('',(#1004),#646,.T.);
#8397=ADVANCED_FACE('',(#1005),#647,.T.);
#8398=ADVANCED_FACE('',(#1006),#648,.T.);
#8399=ADVANCED_FACE('',(#1007),#649,.T.);
#8400=ADVANCED_FACE('',(#1008),#650,.F.);
#8401=ADVANCED_FACE('',(#1009),#651,.F.);
#8402=ADVANCED_FACE('',(#1010),#652,.F.);
#8403=ADVANCED_FACE('',(#1011),#653,.F.);
#8404=ADVANCED_FACE('',(#1012),#654,.F.);
#8405=ADVANCED_FACE('',(#1013),#655,.F.);
#8406=ADVANCED_FACE('',(#1014),#656,.F.);
#8407=ADVANCED_FACE('',(#1015),#657,.F.);
#8408=ADVANCED_FACE('',(#1016),#658,.T.);
#8409=ADVANCED_FACE('',(#1017),#659,.F.);
#8410=ADVANCED_FACE('',(#1018),#660,.T.);
#8411=ADVANCED_FACE('',(#1019),#661,.T.);
#8412=ADVANCED_FACE('',(#1020),#662,.T.);
#8413=ADVANCED_FACE('',(#1021),#663,.T.);
#8414=ADVANCED_FACE('',(#1022),#664,.T.);
#8415=ADVANCED_FACE('',(#1023),#665,.T.);
#8416=ADVANCED_FACE('',(#1024),#666,.T.);
#8417=ADVANCED_FACE('',(#1025),#667,.T.);
#8418=ADVANCED_FACE('',(#1026),#668,.F.);
#8419=ADVANCED_FACE('',(#1027),#669,.F.);
#8420=ADVANCED_FACE('',(#1028),#670,.F.);
#8421=ADVANCED_FACE('',(#1029),#671,.F.);
#8422=ADVANCED_FACE('',(#1030),#672,.F.);
#8423=ADVANCED_FACE('',(#1031),#673,.F.);
#8424=ADVANCED_FACE('',(#1032),#674,.F.);
#8425=ADVANCED_FACE('',(#1033),#675,.F.);
#8426=ADVANCED_FACE('',(#1034),#676,.T.);
#8427=ADVANCED_FACE('',(#1035),#677,.F.);
#8428=ADVANCED_FACE('',(#1036),#678,.F.);
#8429=ADVANCED_FACE('',(#1037),#679,.F.);
#8430=ADVANCED_FACE('',(#1038),#680,.F.);
#8431=ADVANCED_FACE('',(#1039),#681,.F.);
#8432=ADVANCED_FACE('',(#1040),#682,.F.);
#8433=ADVANCED_FACE('',(#1041),#683,.F.);
#8434=ADVANCED_FACE('',(#1042),#684,.F.);
#8435=ADVANCED_FACE('',(#1043),#685,.F.);
#8436=ADVANCED_FACE('',(#1044),#686,.T.);
#8437=ADVANCED_FACE('',(#1045),#8107,.T.);
#8438=ADVANCED_FACE('',(#1046),#8108,.T.);
#8439=ADVANCED_FACE('',(#1047),#8109,.T.);
#8440=ADVANCED_FACE('',(#1048),#8110,.T.);
#8441=ADVANCED_FACE('',(#1049),#8111,.T.);
#8442=ADVANCED_FACE('',(#1050),#8112,.T.);
#8443=ADVANCED_FACE('',(#1051),#8113,.T.);
#8444=ADVANCED_FACE('',(#1052),#8114,.T.);
#8445=ADVANCED_FACE('',(#1053),#8115,.T.);
#8446=ADVANCED_FACE('',(#1054),#8116,.F.);
#8447=ADVANCED_FACE('',(#1055),#8117,.T.);
#8448=ADVANCED_FACE('',(#1056),#8118,.F.);
#8449=ADVANCED_FACE('',(#1057),#8119,.T.);
#8450=ADVANCED_FACE('',(#1058),#8120,.F.);
#8451=ADVANCED_FACE('',(#1059),#8121,.T.);
#8452=ADVANCED_FACE('',(#1060),#8122,.F.);
#8453=ADVANCED_FACE('',(#1061),#8123,.T.);
#8454=ADVANCED_FACE('',(#1062),#8124,.F.);
#8455=ADVANCED_FACE('',(#1063),#8125,.T.);
#8456=ADVANCED_FACE('',(#1064),#8126,.F.);
#8457=ADVANCED_FACE('',(#1065),#8127,.F.);
#8458=ADVANCED_FACE('',(#1066),#8128,.T.);
#8459=ADVANCED_FACE('',(#1067,#345,#346,#347,#348,#349,#350,#351,#352),
#687,.T.);
#8460=ADVANCED_FACE('',(#1068),#688,.F.);
#8461=ADVANCED_FACE('',(#1069),#8129,.T.);
#8462=ADVANCED_FACE('',(#1070),#689,.F.);
#8463=ADVANCED_FACE('',(#1071),#8130,.T.);
#8464=ADVANCED_FACE('',(#1072),#690,.F.);
#8465=ADVANCED_FACE('',(#1073),#8131,.T.);
#8466=ADVANCED_FACE('',(#1074),#691,.F.);
#8467=ADVANCED_FACE('',(#1075),#8132,.T.);
#8468=ADVANCED_FACE('',(#1076),#692,.F.);
#8469=ADVANCED_FACE('',(#1077),#693,.F.);
#8470=ADVANCED_FACE('',(#1078),#694,.F.);
#8471=ADVANCED_FACE('',(#1079),#695,.F.);
#8472=ADVANCED_FACE('',(#1080),#696,.F.);
#8473=ADVANCED_FACE('',(#1081),#697,.F.);
#8474=ADVANCED_FACE('',(#1082),#698,.F.);
#8475=ADVANCED_FACE('',(#1083),#699,.T.);
#8476=ADVANCED_FACE('',(#1084),#700,.F.);
#8477=ADVANCED_FACE('',(#1085),#701,.F.);
#8478=ADVANCED_FACE('',(#1086),#702,.F.);
#8479=ADVANCED_FACE('',(#1087),#703,.F.);
#8480=ADVANCED_FACE('',(#1088),#704,.F.);
#8481=ADVANCED_FACE('',(#1089),#705,.T.);
#8482=ADVANCED_FACE('',(#1090),#706,.F.);
#8483=ADVANCED_FACE('',(#1091),#707,.F.);
#8484=ADVANCED_FACE('',(#1092),#708,.F.);
#8485=ADVANCED_FACE('',(#1093),#709,.F.);
#8486=ADVANCED_FACE('',(#1094),#710,.T.);
#8487=ADVANCED_FACE('',(#1095),#711,.F.);
#8488=ADVANCED_FACE('',(#1096),#712,.F.);
#8489=ADVANCED_FACE('',(#1097),#713,.F.);
#8490=ADVANCED_FACE('',(#1098),#714,.F.);
#8491=ADVANCED_FACE('',(#1099),#715,.F.);
#8492=ADVANCED_FACE('',(#1100),#716,.F.);
#8493=ADVANCED_FACE('',(#1101),#717,.F.);
#8494=ADVANCED_FACE('',(#1102),#718,.F.);
#8495=ADVANCED_FACE('',(#1103),#719,.F.);
#8496=ADVANCED_FACE('',(#1104),#720,.F.);
#8497=ADVANCED_FACE('',(#1105),#721,.F.);
#8498=ADVANCED_FACE('',(#1106),#722,.F.);
#8499=ADVANCED_FACE('',(#1107),#723,.F.);
#8500=ADVANCED_FACE('',(#1108),#724,.F.);
#8501=ADVANCED_FACE('',(#1109),#725,.F.);
#8502=ADVANCED_FACE('',(#1110),#726,.F.);
#8503=ADVANCED_FACE('',(#1111),#727,.F.);
#8504=ADVANCED_FACE('',(#1112),#728,.F.);
#8505=ADVANCED_FACE('',(#1113),#729,.F.);
#8506=ADVANCED_FACE('',(#1114),#730,.F.);
#8507=ADVANCED_FACE('',(#1115),#731,.F.);
#8508=ADVANCED_FACE('',(#1116),#732,.F.);
#8509=ADVANCED_FACE('',(#1117),#733,.F.);
#8510=ADVANCED_FACE('',(#1118),#734,.F.);
#8511=ADVANCED_FACE('',(#1119),#735,.F.);
#8512=ADVANCED_FACE('',(#1120),#736,.F.);
#8513=ADVANCED_FACE('',(#1121),#737,.F.);
#8514=ADVANCED_FACE('',(#1122),#738,.F.);
#8515=ADVANCED_FACE('',(#1123),#739,.F.);
#8516=ADVANCED_FACE('',(#1124),#740,.F.);
#8517=ADVANCED_FACE('',(#1125),#23,.T.);
#8518=CLOSED_SHELL('',(#8133,#8134,#8135,#8136,#8137,#8138,#8139,#8140,
#8141,#8142,#8143,#8144,#8145,#8146,#8147,#8148,#8149,#8150,#8151,#8152,
#8153,#8154,#8155,#8156));
#8519=CLOSED_SHELL('',(#8157,#8158,#8159,#8160,#8161,#8162,#8163,#8164,
#8165,#8166,#8167,#8168,#8169,#8170,#8171,#8172,#8173,#8174,#8175,#8176,
#8177,#8178,#8179,#8180,#8181,#8182,#8183,#8184,#8185,#8186,#8187,#8188,
#8189,#8190,#8191,#8192,#8193,#8194,#8195,#8196,#8197,#8198,#8199,#8200,
#8201,#8202,#8203,#8204,#8205,#8206,#8207,#8208,#8209,#8210,#8211,#8212,
#8213,#8214,#8215,#8216,#8217,#8218,#8219,#8220,#8221,#8222,#8223,#8224,
#8225,#8226,#8227,#8228,#8229,#8230,#8231,#8232,#8233,#8234,#8235,#8236,
#8237,#8238,#8239,#8240,#8241,#8242,#8243,#8244,#8245,#8246,#8247,#8248,
#8249,#8250,#8251,#8252,#8253,#8254,#8255,#8256,#8257,#8258,#8259,#8260,
#8261,#8262,#8263,#8264,#8265,#8266,#8267,#8268,#8269,#8270,#8271,#8272,
#8273,#8274,#8275,#8276,#8277,#8278,#8279,#8280,#8281,#8282,#8283,#8284,
#8285,#8286,#8287,#8288,#8289,#8290,#8291,#8292,#8293,#8294,#8295,#8296,
#8297,#8298,#8299,#8300,#8301,#8302,#8303,#8304,#8305,#8306,#8307,#8308,
#8309,#8310,#8311,#8312,#8313,#8314,#8315,#8316,#8317,#8318));
#8520=CLOSED_SHELL('',(#8319,#8320,#8321,#8322,#8323,#8324,#8325,#8326,
#8327,#8328,#8329,#8330,#8331,#8332,#8333,#8334,#8335,#8336,#8337,#8338,
#8339,#8340,#8341,#8342,#8343,#8344,#8345,#8346,#8347,#8348,#8349,#8350,
#8351,#8352,#8353,#8354,#8355,#8356,#8357,#8358,#8359,#8360,#8361,#8362,
#8363,#8364,#8365,#8366,#8367,#8368,#8369,#8370,#8371,#8372));
#8521=CLOSED_SHELL('',(#8373,#8374,#8375,#8376,#8377,#8378,#8379,#8380,
#8381,#8382,#8383,#8384,#8385,#8386,#8387,#8388,#8389,#8390,#8391,#8392,
#8393,#8394,#8395,#8396,#8397,#8398,#8399,#8400,#8401,#8402,#8403,#8404,
#8405,#8406,#8407,#8408,#8409,#8410,#8411,#8412,#8413,#8414,#8415,#8416,
#8417,#8418,#8419,#8420,#8421,#8422,#8423,#8424,#8425,#8426,#8427,#8428,
#8429,#8430,#8431,#8432,#8433,#8434,#8435,#8436,#8437,#8438,#8439,#8440,
#8441,#8442,#8443,#8444,#8445,#8446,#8447,#8448,#8449,#8450,#8451,#8452,
#8453,#8454,#8455,#8456,#8457,#8458));
#8522=CLOSED_SHELL('',(#8459,#8460,#8461,#8462,#8463,#8464,#8465,#8466,
#8467,#8468,#8469,#8470,#8471,#8472,#8473,#8474,#8475,#8476,#8477,#8478,
#8479,#8480,#8481,#8482,#8483,#8484,#8485,#8486,#8487,#8488,#8489,#8490,
#8491,#8492,#8493,#8494,#8495,#8496,#8497,#8498,#8499,#8500,#8501,#8502,
#8503,#8504,#8505,#8506,#8507,#8508,#8509,#8510,#8511,#8512,#8513,#8514,
#8515,#8516,#8517));
#8523=DERIVED_UNIT_ELEMENT(#8529,1.);
#8524=DERIVED_UNIT_ELEMENT(#15024,-3.);
#8525=DERIVED_UNIT_ELEMENT(#8529,1.);
#8526=DERIVED_UNIT_ELEMENT(#15024,-3.);
#8527=DERIVED_UNIT_ELEMENT(#8529,1.);
#8528=DERIVED_UNIT_ELEMENT(#15024,-3.);
#8529=(
MASS_UNIT()
NAMED_UNIT(*)
SI_UNIT(.KILO.,.GRAM.)
);
#8530=DERIVED_UNIT((#8523,#8524));
#8531=DERIVED_UNIT((#8525,#8526));
#8532=DERIVED_UNIT((#8527,#8528));
#8533=MEASURE_REPRESENTATION_ITEM('density measure',
POSITIVE_RATIO_MEASURE(7850.),#8530);
#8534=MEASURE_REPRESENTATION_ITEM('density measure',
POSITIVE_RATIO_MEASURE(7850.),#8531);
#8535=MEASURE_REPRESENTATION_ITEM('density measure',
POSITIVE_RATIO_MEASURE(7850.),#8532);
#8536=PROPERTY_DEFINITION_REPRESENTATION(#8551,#8542);
#8537=PROPERTY_DEFINITION_REPRESENTATION(#8552,#8543);
#8538=PROPERTY_DEFINITION_REPRESENTATION(#8553,#8544);
#8539=PROPERTY_DEFINITION_REPRESENTATION(#8554,#8545);
#8540=PROPERTY_DEFINITION_REPRESENTATION(#8555,#8546);
#8541=PROPERTY_DEFINITION_REPRESENTATION(#8556,#8547);
#8542=REPRESENTATION('material name',(#8548),#15019);
#8543=REPRESENTATION('density',(#8533),#15019);
#8544=REPRESENTATION('material name',(#8549),#15020);
#8545=REPRESENTATION('density',(#8534),#15020);
#8546=REPRESENTATION('material name',(#8550),#15021);
#8547=REPRESENTATION('density',(#8535),#15021);
#8548=DESCRIPTIVE_REPRESENTATION_ITEM('A\X\E7o','A\X\E7o');
#8549=DESCRIPTIVE_REPRESENTATION_ITEM('A\X\E7o','A\X\E7o');
#8550=DESCRIPTIVE_REPRESENTATION_ITEM('A\X\E7o','A\X\E7o');
#8551=PROPERTY_DEFINITION('material property','material name',#15044);
#8552=PROPERTY_DEFINITION('material property','density of part',#15044);
#8553=PROPERTY_DEFINITION('material property','material name',#15045);
#8554=PROPERTY_DEFINITION('material property','density of part',#15045);
#8555=PROPERTY_DEFINITION('material property','material name',#15046);
#8556=PROPERTY_DEFINITION('material property','density of part',#15046);
#8557=AXIS2_PLACEMENT_3D('',#10805,#8995,#8996);
#8558=AXIS2_PLACEMENT_3D('',#10806,#8997,#8998);
#8559=AXIS2_PLACEMENT_3D('',#10807,#8999,#9000);
#8560=AXIS2_PLACEMENT_3D('',#10809,#9001,#9002);
#8561=AXIS2_PLACEMENT_3D('',#10812,#9004,#9005);
#8562=AXIS2_PLACEMENT_3D('',#10813,#9006,#9007);
#8563=AXIS2_PLACEMENT_3D('',#10815,#9008,#9009);
#8564=AXIS2_PLACEMENT_3D('',#10818,#9011,#9012);
#8565=AXIS2_PLACEMENT_3D('',#10819,#9013,#9014);
#8566=AXIS2_PLACEMENT_3D('',#10821,#9015,#9016);
#8567=AXIS2_PLACEMENT_3D('',#10824,#9018,#9019);
#8568=AXIS2_PLACEMENT_3D('',#10825,#9020,#9021);
#8569=AXIS2_PLACEMENT_3D('',#10827,#9022,#9023);
#8570=AXIS2_PLACEMENT_3D('',#10830,#9025,#9026);
#8571=AXIS2_PLACEMENT_3D('',#10831,#9027,#9028);
#8572=AXIS2_PLACEMENT_3D('',#10833,#9029,#9030);
#8573=AXIS2_PLACEMENT_3D('',#10836,#9032,#9033);
#8574=AXIS2_PLACEMENT_3D('',#10837,#9034,#9035);
#8575=AXIS2_PLACEMENT_3D('',#10839,#9036,#9037);
#8576=AXIS2_PLACEMENT_3D('',#10842,#9039,#9040);
#8577=AXIS2_PLACEMENT_3D('',#10843,#9041,#9042);
#8578=AXIS2_PLACEMENT_3D('',#10845,#9043,#9044);
#8579=AXIS2_PLACEMENT_3D('',#10848,#9046,#9047);
#8580=AXIS2_PLACEMENT_3D('',#10849,#9048,#9049);
#8581=AXIS2_PLACEMENT_3D('',#10851,#9050,#9051);
#8582=AXIS2_PLACEMENT_3D('',#10854,#9053,#9054);
#8583=AXIS2_PLACEMENT_3D('',#10855,#9055,#9056);
#8584=AXIS2_PLACEMENT_3D('',#10857,#9057,#9058);
#8585=AXIS2_PLACEMENT_3D('',#10860,#9060,#9061);
#8586=AXIS2_PLACEMENT_3D('',#10861,#9062,#9063);
#8587=AXIS2_PLACEMENT_3D('',#10863,#9064,#9065);
#8588=AXIS2_PLACEMENT_3D('',#10866,#9067,#9068);
#8589=AXIS2_PLACEMENT_3D('',#10867,#9069,#9070);
#8590=AXIS2_PLACEMENT_3D('',#10876,#9075,#9076);
#8591=AXIS2_PLACEMENT_3D('',#10882,#9080,#9081);
#8592=AXIS2_PLACEMENT_3D('',#10888,#9085,#9086);
#8593=AXIS2_PLACEMENT_3D('',#10894,#9090,#9091);
#8594=AXIS2_PLACEMENT_3D('',#10900,#9095,#9096);
#8595=AXIS2_PLACEMENT_3D('',#10906,#9100,#9101);
#8596=AXIS2_PLACEMENT_3D('',#10915,#9106,#9107);
#8597=AXIS2_PLACEMENT_3D('',#10921,#9111,#9112);
#8598=AXIS2_PLACEMENT_3D('',#10927,#9116,#9117);
#8599=AXIS2_PLACEMENT_3D('',#10930,#9120,#9121);
#8600=AXIS2_PLACEMENT_3D('',#10934,#9124,#9125);
#8601=AXIS2_PLACEMENT_3D('',#10938,#9128,#9129);
#8602=AXIS2_PLACEMENT_3D('',#10940,#9131,#9132);
#8603=AXIS2_PLACEMENT_3D('',#10941,#9133,#9134);
#8604=AXIS2_PLACEMENT_3D('',#11062,#9195,#9196);
#8605=AXIS2_PLACEMENT_3D('',#11071,#9201,#9202);
#8606=AXIS2_PLACEMENT_3D('',#11077,#9206,#9207);
#8607=AXIS2_PLACEMENT_3D('',#11080,#9210,#9211);
#8608=AXIS2_PLACEMENT_3D('',#11089,#9216,#9217);
#8609=AXIS2_PLACEMENT_3D('',#11095,#9221,#9222);
#8610=AXIS2_PLACEMENT_3D('',#11101,#9226,#9227);
#8611=AXIS2_PLACEMENT_3D('',#11107,#9231,#9232);
#8612=AXIS2_PLACEMENT_3D('',#11113,#9236,#9237);
#8613=AXIS2_PLACEMENT_3D('',#11119,#9241,#9242);
#8614=AXIS2_PLACEMENT_3D('',#11125,#9246,#9247);
#8615=AXIS2_PLACEMENT_3D('',#11128,#9250,#9251);
#8616=AXIS2_PLACEMENT_3D('',#11129,#9252,#9253);
#8617=AXIS2_PLACEMENT_3D('',#11138,#9258,#9259);
#8618=AXIS2_PLACEMENT_3D('',#11220,#9267,#9268);
#8619=AXIS2_PLACEMENT_3D('',#11226,#9272,#9273);
#8620=AXIS2_PLACEMENT_3D('',#11327,#9282,#9283);
#8621=AXIS2_PLACEMENT_3D('',#11333,#9287,#9288);
#8622=AXIS2_PLACEMENT_3D('',#11336,#9291,#9292);
#8623=AXIS2_PLACEMENT_3D('',#11378,#9296,#9297);
#8624=AXIS2_PLACEMENT_3D('',#11384,#9301,#9302);
#8625=AXIS2_PLACEMENT_3D('',#11542,#9314,#9315);
#8626=AXIS2_PLACEMENT_3D('',#11548,#9319,#9320);
#8627=AXIS2_PLACEMENT_3D('',#11627,#9327,#9328);
#8628=AXIS2_PLACEMENT_3D('',#11628,#9329,#9330);
#8629=AXIS2_PLACEMENT_3D('',#11637,#9335,#9336);
#8630=AXIS2_PLACEMENT_3D('',#11643,#9340,#9341);
#8631=AXIS2_PLACEMENT_3D('',#11649,#9345,#9346);
#8632=AXIS2_PLACEMENT_3D('',#11655,#9350,#9351);
#8633=AXIS2_PLACEMENT_3D('',#11661,#9355,#9356);
#8634=AXIS2_PLACEMENT_3D('',#11664,#9359,#9360);
#8635=AXIS2_PLACEMENT_3D('',#11665,#9361,#9362);
#8636=AXIS2_PLACEMENT_3D('',#11667,#9363,#9364);
#8637=AXIS2_PLACEMENT_3D('',#11670,#9366,#9367);
#8638=AXIS2_PLACEMENT_3D('',#11671,#9368,#9369);
#8639=AXIS2_PLACEMENT_3D('',#11672,#9370,#9371);
#8640=AXIS2_PLACEMENT_3D('',#11681,#9376,#9377);
#8641=AXIS2_PLACEMENT_3D('',#11687,#9381,#9382);
#8642=AXIS2_PLACEMENT_3D('',#11693,#9386,#9387);
#8643=AXIS2_PLACEMENT_3D('',#11699,#9391,#9392);
#8644=AXIS2_PLACEMENT_3D('',#11705,#9396,#9397);
#8645=AXIS2_PLACEMENT_3D('',#11711,#9401,#9402);
#8646=AXIS2_PLACEMENT_3D('',#11714,#9405,#9406);
#8647=AXIS2_PLACEMENT_3D('',#11715,#9407,#9408);
#8648=AXIS2_PLACEMENT_3D('',#11724,#9413,#9414);
#8649=AXIS2_PLACEMENT_3D('',#11730,#9418,#9419);
#8650=AXIS2_PLACEMENT_3D('',#11736,#9423,#9424);
#8651=AXIS2_PLACEMENT_3D('',#11780,#9430,#9431);
#8652=AXIS2_PLACEMENT_3D('',#11786,#9435,#9436);
#8653=AXIS2_PLACEMENT_3D('',#11792,#9440,#9441);
#8654=AXIS2_PLACEMENT_3D('',#11798,#9445,#9446);
#8655=AXIS2_PLACEMENT_3D('',#11804,#9450,#9451);
#8656=AXIS2_PLACEMENT_3D('',#11810,#9455,#9456);
#8657=AXIS2_PLACEMENT_3D('',#11813,#9459,#9460);
#8658=AXIS2_PLACEMENT_3D('',#11874,#9465,#9466);
#8659=AXIS2_PLACEMENT_3D('',#11880,#9470,#9471);
#8660=AXIS2_PLACEMENT_3D('',#11886,#9475,#9476);
#8661=AXIS2_PLACEMENT_3D('',#11892,#9480,#9481);
#8662=AXIS2_PLACEMENT_3D('',#11898,#9485,#9486);
#8663=AXIS2_PLACEMENT_3D('',#11904,#9490,#9491);
#8664=AXIS2_PLACEMENT_3D('',#12043,#9502,#9503);
#8665=AXIS2_PLACEMENT_3D('',#12049,#9507,#9508);
#8666=AXIS2_PLACEMENT_3D('',#12109,#9514,#9515);
#8667=AXIS2_PLACEMENT_3D('',#12110,#9516,#9517);
#8668=AXIS2_PLACEMENT_3D('',#12119,#9522,#9523);
#8669=AXIS2_PLACEMENT_3D('',#12125,#9527,#9528);
#8670=AXIS2_PLACEMENT_3D('',#12129,#9531,#9532);
#8671=AXIS2_PLACEMENT_3D('',#12133,#9535,#9536);
#8672=AXIS2_PLACEMENT_3D('',#12135,#9538,#9539);
#8673=AXIS2_PLACEMENT_3D('',#12141,#9543,#9544);
#8674=AXIS2_PLACEMENT_3D('',#12145,#9547,#9548);
#8675=AXIS2_PLACEMENT_3D('',#12149,#9551,#9552);
#8676=AXIS2_PLACEMENT_3D('',#12151,#9554,#9555);
#8677=AXIS2_PLACEMENT_3D('',#12157,#9559,#9560);
#8678=AXIS2_PLACEMENT_3D('',#12161,#9563,#9564);
#8679=AXIS2_PLACEMENT_3D('',#12165,#9567,#9568);
#8680=AXIS2_PLACEMENT_3D('',#12167,#9570,#9571);
#8681=AXIS2_PLACEMENT_3D('',#12173,#9575,#9576);
#8682=AXIS2_PLACEMENT_3D('',#12177,#9579,#9580);
#8683=AXIS2_PLACEMENT_3D('',#12181,#9583,#9584);
#8684=AXIS2_PLACEMENT_3D('',#12183,#9586,#9587);
#8685=AXIS2_PLACEMENT_3D('',#12189,#9591,#9592);
#8686=AXIS2_PLACEMENT_3D('',#12193,#9595,#9596);
#8687=AXIS2_PLACEMENT_3D('',#12197,#9599,#9600);
#8688=AXIS2_PLACEMENT_3D('',#12199,#9602,#9603);
#8689=AXIS2_PLACEMENT_3D('',#12205,#9607,#9608);
#8690=AXIS2_PLACEMENT_3D('',#12209,#9611,#9612);
#8691=AXIS2_PLACEMENT_3D('',#12213,#9615,#9616);
#8692=AXIS2_PLACEMENT_3D('',#12215,#9618,#9619);
#8693=AXIS2_PLACEMENT_3D('',#12221,#9623,#9624);
#8694=AXIS2_PLACEMENT_3D('',#12225,#9627,#9628);
#8695=AXIS2_PLACEMENT_3D('',#12229,#9631,#9632);
#8696=AXIS2_PLACEMENT_3D('',#12231,#9634,#9635);
#8697=AXIS2_PLACEMENT_3D('',#12237,#9639,#9640);
#8698=AXIS2_PLACEMENT_3D('',#12241,#9643,#9644);
#8699=AXIS2_PLACEMENT_3D('',#12245,#9647,#9648);
#8700=AXIS2_PLACEMENT_3D('',#12247,#9650,#9651);
#8701=AXIS2_PLACEMENT_3D('',#12253,#9655,#9656);
#8702=AXIS2_PLACEMENT_3D('',#12257,#9659,#9660);
#8703=AXIS2_PLACEMENT_3D('',#12261,#9663,#9664);
#8704=AXIS2_PLACEMENT_3D('',#12263,#9666,#9667);
#8705=AXIS2_PLACEMENT_3D('',#12269,#9671,#9672);
#8706=AXIS2_PLACEMENT_3D('',#12273,#9675,#9676);
#8707=AXIS2_PLACEMENT_3D('',#12277,#9679,#9680);
#8708=AXIS2_PLACEMENT_3D('',#12279,#9682,#9683);
#8709=AXIS2_PLACEMENT_3D('',#12285,#9687,#9688);
#8710=AXIS2_PLACEMENT_3D('',#12289,#9691,#9692);
#8711=AXIS2_PLACEMENT_3D('',#12293,#9695,#9696);
#8712=AXIS2_PLACEMENT_3D('',#12295,#9698,#9699);
#8713=AXIS2_PLACEMENT_3D('',#12301,#9703,#9704);
#8714=AXIS2_PLACEMENT_3D('',#12305,#9707,#9708);
#8715=AXIS2_PLACEMENT_3D('',#12309,#9711,#9712);
#8716=AXIS2_PLACEMENT_3D('',#12311,#9714,#9715);
#8717=AXIS2_PLACEMENT_3D('',#12317,#9719,#9720);
#8718=AXIS2_PLACEMENT_3D('',#12321,#9723,#9724);
#8719=AXIS2_PLACEMENT_3D('',#12325,#9727,#9728);
#8720=AXIS2_PLACEMENT_3D('',#12327,#9730,#9731);
#8721=AXIS2_PLACEMENT_3D('',#12333,#9735,#9736);
#8722=AXIS2_PLACEMENT_3D('',#12337,#9739,#9740);
#8723=AXIS2_PLACEMENT_3D('',#12341,#9743,#9744);
#8724=AXIS2_PLACEMENT_3D('',#12343,#9746,#9747);
#8725=AXIS2_PLACEMENT_3D('',#12346,#9750,#9751);
#8726=AXIS2_PLACEMENT_3D('',#12348,#9753,#9754);
#8727=AXIS2_PLACEMENT_3D('',#12350,#9756,#9757);
#8728=AXIS2_PLACEMENT_3D('',#12351,#9758,#9759);
#8729=AXIS2_PLACEMENT_3D('',#12352,#9760,#9761);
#8730=AXIS2_PLACEMENT_3D('',#12393,#9782,#9783);
#8731=AXIS2_PLACEMENT_3D('',#12396,#9784,#9785);
#8732=AXIS2_PLACEMENT_3D('',#12400,#9787,#9788);
#8733=AXIS2_PLACEMENT_3D('',#12402,#9790,#9791);
#8734=AXIS2_PLACEMENT_3D('',#12415,#9799,#9800);
#8735=AXIS2_PLACEMENT_3D('',#12430,#9809,#9810);
#8736=AXIS2_PLACEMENT_3D('',#12432,#9811,#9812);
#8737=AXIS2_PLACEMENT_3D('',#12435,#9814,#9815);
#8738=AXIS2_PLACEMENT_3D('',#12436,#9816,#9817);
#8739=AXIS2_PLACEMENT_3D('',#12440,#9819,#9820);
#8740=AXIS2_PLACEMENT_3D('',#12442,#9822,#9823);
#8741=AXIS2_PLACEMENT_3D('',#12445,#9824,#9825);
#8742=AXIS2_PLACEMENT_3D('',#12446,#9826,#9827);
#8743=AXIS2_PLACEMENT_3D('',#12447,#9828,#9829);
#8744=AXIS2_PLACEMENT_3D('',#12448,#9830,#9831);
#8745=AXIS2_PLACEMENT_3D('',#12451,#9832,#9833);
#8746=AXIS2_PLACEMENT_3D('',#12454,#9836,#9837);
#8747=AXIS2_PLACEMENT_3D('',#12460,#9841,#9842);
#8748=AXIS2_PLACEMENT_3D('',#12467,#9847,#9848);
#8749=AXIS2_PLACEMENT_3D('',#12470,#9849,#9850);
#8750=AXIS2_PLACEMENT_3D('',#12474,#9852,#9853);
#8751=AXIS2_PLACEMENT_3D('',#12476,#9855,#9856);
#8752=AXIS2_PLACEMENT_3D('',#12482,#9860,#9861);
#8753=AXIS2_PLACEMENT_3D('',#12494,#9869,#9870);
#8754=AXIS2_PLACEMENT_3D('',#12496,#9871,#9872);
#8755=AXIS2_PLACEMENT_3D('',#12499,#9874,#9875);
#8756=AXIS2_PLACEMENT_3D('',#12500,#9876,#9877);
#8757=AXIS2_PLACEMENT_3D('',#12506,#9881,#9882);
#8758=AXIS2_PLACEMENT_3D('',#12510,#9884,#9885);
#8759=AXIS2_PLACEMENT_3D('',#12512,#9887,#9888);
#8760=AXIS2_PLACEMENT_3D('',#12517,#9892,#9893);
#8761=AXIS2_PLACEMENT_3D('',#12521,#9896,#9897);
#8762=AXIS2_PLACEMENT_3D('',#12525,#9900,#9901);
#8763=AXIS2_PLACEMENT_3D('',#12527,#9903,#9904);
#8764=AXIS2_PLACEMENT_3D('',#12528,#9905,#9906);
#8765=AXIS2_PLACEMENT_3D('',#12532,#9909,#9910);
#8766=AXIS2_PLACEMENT_3D('',#12534,#9912,#9913);
#8767=AXIS2_PLACEMENT_3D('',#12535,#9914,#9915);
#8768=AXIS2_PLACEMENT_3D('',#12539,#9918,#9919);
#8769=AXIS2_PLACEMENT_3D('',#12543,#9922,#9923);
#8770=AXIS2_PLACEMENT_3D('',#12545,#9925,#9926);
#8771=AXIS2_PLACEMENT_3D('',#12546,#9927,#9928);
#8772=AXIS2_PLACEMENT_3D('',#12550,#9931,#9932);
#8773=AXIS2_PLACEMENT_3D('',#12552,#9934,#9935);
#8774=AXIS2_PLACEMENT_3D('',#12553,#9936,#9937);
#8775=AXIS2_PLACEMENT_3D('',#12555,#9939,#9940);
#8776=AXIS2_PLACEMENT_3D('',#12561,#9944,#9945);
#8777=AXIS2_PLACEMENT_3D('',#12567,#9949,#9950);
#8778=AXIS2_PLACEMENT_3D('',#12573,#9954,#9955);
#8779=AXIS2_PLACEMENT_3D('',#12579,#9959,#9960);
#8780=AXIS2_PLACEMENT_3D('',#12585,#9964,#9965);
#8781=AXIS2_PLACEMENT_3D('',#12591,#9969,#9970);
#8782=AXIS2_PLACEMENT_3D('',#12597,#9974,#9975);
#8783=AXIS2_PLACEMENT_3D('',#12603,#9979,#9980);
#8784=AXIS2_PLACEMENT_3D('',#12606,#9983,#9984);
#8785=AXIS2_PLACEMENT_3D('',#12607,#9985,#9986);
#8786=AXIS2_PLACEMENT_3D('',#12615,#9991,#9992);
#8787=AXIS2_PLACEMENT_3D('',#12623,#9997,#9998);
#8788=AXIS2_PLACEMENT_3D('',#12628,#10002,#10003);
#8789=AXIS2_PLACEMENT_3D('',#12636,#10008,#10009);
#8790=AXIS2_PLACEMENT_3D('',#12639,#10012,#10013);
#8791=AXIS2_PLACEMENT_3D('',#12645,#10017,#10018);
#8792=AXIS2_PLACEMENT_3D('',#12649,#10021,#10022);
#8793=AXIS2_PLACEMENT_3D('',#12653,#10025,#10026);
#8794=AXIS2_PLACEMENT_3D('',#12657,#10029,#10030);
#8795=AXIS2_PLACEMENT_3D('',#12659,#10032,#10033);
#8796=AXIS2_PLACEMENT_3D('',#12661,#10035,#10036);
#8797=AXIS2_PLACEMENT_3D('',#12662,#10037,#10038);
#8798=AXIS2_PLACEMENT_3D('',#12663,#10039,#10040);
#8799=AXIS2_PLACEMENT_3D('',#12692,#10055,#10056);
#8800=AXIS2_PLACEMENT_3D('',#12693,#10057,#10058);
#8801=AXIS2_PLACEMENT_3D('',#12853,#10065,#10066);
#8802=AXIS2_PLACEMENT_3D('',#13130,#10068,#10069);
#8803=AXIS2_PLACEMENT_3D('',#13131,#10070,#10071);
#8804=AXIS2_PLACEMENT_3D('',#13316,#10076,#10077);
#8805=AXIS2_PLACEMENT_3D('',#13317,#10078,#10079);
#8806=AXIS2_PLACEMENT_3D('',#13592,#10087,#10088);
#8807=AXIS2_PLACEMENT_3D('',#13601,#10093,#10094);
#8808=AXIS2_PLACEMENT_3D('',#13876,#10102,#10103);
#8809=AXIS2_PLACEMENT_3D('',#13891,#10111,#10112);
#8810=AXIS2_PLACEMENT_3D('',#13926,#10120,#10121);
#8811=AXIS2_PLACEMENT_3D('',#13961,#10129,#10130);
#8812=AXIS2_PLACEMENT_3D('',#13996,#10138,#10139);
#8813=AXIS2_PLACEMENT_3D('',#14290,#10142,#10143);
#8814=AXIS2_PLACEMENT_3D('',#14317,#10157,#10158);
#8815=AXIS2_PLACEMENT_3D('',#14340,#10170,#10171);
#8816=AXIS2_PLACEMENT_3D('',#14341,#10172,#10173);
#8817=AXIS2_PLACEMENT_3D('',#14374,#10190,#10191);
#8818=AXIS2_PLACEMENT_3D('',#14391,#10200,#10201);
#8819=AXIS2_PLACEMENT_3D('',#14394,#10204,#10205);
#8820=AXIS2_PLACEMENT_3D('',#14397,#10208,#10209);
#8821=AXIS2_PLACEMENT_3D('',#14406,#10214,#10215);
#8822=AXIS2_PLACEMENT_3D('',#14412,#10219,#10220);
#8823=AXIS2_PLACEMENT_3D('',#14419,#10226,#10227);
#8824=AXIS2_PLACEMENT_3D('',#14423,#10230,#10231);
#8825=AXIS2_PLACEMENT_3D('',#14426,#10234,#10235);
#8826=AXIS2_PLACEMENT_3D('',#14435,#10240,#10241);
#8827=AXIS2_PLACEMENT_3D('',#14444,#10246,#10247);
#8828=AXIS2_PLACEMENT_3D('',#14453,#10252,#10253);
#8829=AXIS2_PLACEMENT_3D('',#14459,#10257,#10258);
#8830=AXIS2_PLACEMENT_3D('',#14465,#10262,#10263);
#8831=AXIS2_PLACEMENT_3D('',#14474,#10268,#10269);
#8832=AXIS2_PLACEMENT_3D('',#14480,#10273,#10274);
#8833=AXIS2_PLACEMENT_3D('',#14486,#10278,#10279);
#8834=AXIS2_PLACEMENT_3D('',#14487,#10280,#10281);
#8835=AXIS2_PLACEMENT_3D('',#14488,#10282,#10283);
#8836=AXIS2_PLACEMENT_3D('',#14489,#10284,#10285);
#8837=AXIS2_PLACEMENT_3D('',#14490,#10286,#10287);
#8838=AXIS2_PLACEMENT_3D('',#14491,#10288,#10289);
#8839=AXIS2_PLACEMENT_3D('',#14492,#10290,#10291);
#8840=AXIS2_PLACEMENT_3D('',#14493,#10292,#10293);
#8841=AXIS2_PLACEMENT_3D('',#14494,#10294,#10295);
#8842=AXIS2_PLACEMENT_3D('',#14495,#10296,#10297);
#8843=AXIS2_PLACEMENT_3D('',#14496,#10298,#10299);
#8844=AXIS2_PLACEMENT_3D('',#14505,#10304,#10305);
#8845=AXIS2_PLACEMENT_3D('',#14508,#10308,#10309);
#8846=AXIS2_PLACEMENT_3D('',#14514,#10313,#10314);
#8847=AXIS2_PLACEMENT_3D('',#14523,#10319,#10320);
#8848=AXIS2_PLACEMENT_3D('',#14532,#10325,#10326);
#8849=AXIS2_PLACEMENT_3D('',#14538,#10330,#10331);
#8850=AXIS2_PLACEMENT_3D('',#14541,#10334,#10335);
#8851=AXIS2_PLACEMENT_3D('',#14542,#10336,#10337);
#8852=AXIS2_PLACEMENT_3D('',#14543,#10338,#10339);
#8853=AXIS2_PLACEMENT_3D('',#14544,#10340,#10341);
#8854=AXIS2_PLACEMENT_3D('',#14545,#10342,#10343);
#8855=AXIS2_PLACEMENT_3D('',#14546,#10344,#10345);
#8856=AXIS2_PLACEMENT_3D('',#14547,#10346,#10347);
#8857=AXIS2_PLACEMENT_3D('',#14556,#10352,#10353);
#8858=AXIS2_PLACEMENT_3D('',#14562,#10357,#10358);
#8859=AXIS2_PLACEMENT_3D('',#14568,#10362,#10363);
#8860=AXIS2_PLACEMENT_3D('',#14577,#10368,#10369);
#8861=AXIS2_PLACEMENT_3D('',#14583,#10373,#10374);
#8862=AXIS2_PLACEMENT_3D('',#14589,#10378,#10379);
#8863=AXIS2_PLACEMENT_3D('',#14598,#10384,#10385);
#8864=AXIS2_PLACEMENT_3D('',#14599,#10386,#10387);
#8865=AXIS2_PLACEMENT_3D('',#14600,#10388,#10389);
#8866=AXIS2_PLACEMENT_3D('',#14601,#10390,#10391);
#8867=AXIS2_PLACEMENT_3D('',#14602,#10392,#10393);
#8868=AXIS2_PLACEMENT_3D('',#14603,#10394,#10395);
#8869=AXIS2_PLACEMENT_3D('',#14604,#10396,#10397);
#8870=AXIS2_PLACEMENT_3D('',#14605,#10398,#10399);
#8871=AXIS2_PLACEMENT_3D('',#14606,#10400,#10401);
#8872=AXIS2_PLACEMENT_3D('',#14607,#10402,#10403);
#8873=AXIS2_PLACEMENT_3D('',#14608,#10404,#10405);
#8874=AXIS2_PLACEMENT_3D('',#14617,#10410,#10411);
#8875=AXIS2_PLACEMENT_3D('',#14626,#10416,#10417);
#8876=AXIS2_PLACEMENT_3D('',#14632,#10421,#10422);
#8877=AXIS2_PLACEMENT_3D('',#14638,#10426,#10427);
#8878=AXIS2_PLACEMENT_3D('',#14647,#10432,#10433);
#8879=AXIS2_PLACEMENT_3D('',#14656,#10438,#10439);
#8880=AXIS2_PLACEMENT_3D('',#14659,#10442,#10443);
#8881=AXIS2_PLACEMENT_3D('',#14660,#10444,#10445);
#8882=AXIS2_PLACEMENT_3D('',#14661,#10446,#10447);
#8883=AXIS2_PLACEMENT_3D('',#14662,#10448,#10449);
#8884=AXIS2_PLACEMENT_3D('',#14663,#10450,#10451);
#8885=AXIS2_PLACEMENT_3D('',#14664,#10452,#10453);
#8886=AXIS2_PLACEMENT_3D('',#14665,#10454,#10455);
#8887=AXIS2_PLACEMENT_3D('',#14666,#10456,#10457);
#8888=AXIS2_PLACEMENT_3D('',#14667,#10458,#10459);
#8889=AXIS2_PLACEMENT_3D('',#14668,#10460,#10461);
#8890=AXIS2_PLACEMENT_3D('',#14669,#10462,#10463);
#8891=AXIS2_PLACEMENT_3D('',#14670,#10464,#10465);
#8892=AXIS2_PLACEMENT_3D('',#14671,#10466,#10467);
#8893=AXIS2_PLACEMENT_3D('',#14672,#10468,#10469);
#8894=AXIS2_PLACEMENT_3D('',#14673,#10470,#10471);
#8895=AXIS2_PLACEMENT_3D('',#14674,#10472,#10473);
#8896=AXIS2_PLACEMENT_3D('',#14675,#10474,#10475);
#8897=AXIS2_PLACEMENT_3D('',#14676,#10476,#10477);
#8898=AXIS2_PLACEMENT_3D('',#14677,#10478,#10479);
#8899=AXIS2_PLACEMENT_3D('',#14678,#10480,#10481);
#8900=AXIS2_PLACEMENT_3D('',#14679,#10482,#10483);
#8901=AXIS2_PLACEMENT_3D('',#14680,#10484,#10485);
#8902=AXIS2_PLACEMENT_3D('',#14681,#10486,#10487);
#8903=AXIS2_PLACEMENT_3D('',#14682,#10488,#10489);
#8904=AXIS2_PLACEMENT_3D('',#14683,#10490,#10491);
#8905=AXIS2_PLACEMENT_3D('',#14684,#10492,#10493);
#8906=AXIS2_PLACEMENT_3D('',#14685,#10494,#10495);
#8907=AXIS2_PLACEMENT_3D('',#14686,#10496,#10497);
#8908=AXIS2_PLACEMENT_3D('',#14687,#10498,#10499);
#8909=AXIS2_PLACEMENT_3D('',#14688,#10500,#10501);
#8910=AXIS2_PLACEMENT_3D('',#14689,#10502,#10503);
#8911=AXIS2_PLACEMENT_3D('',#14690,#10504,#10505);
#8912=AXIS2_PLACEMENT_3D('',#14691,#10506,#10507);
#8913=AXIS2_PLACEMENT_3D('',#14692,#10508,#10509);
#8914=AXIS2_PLACEMENT_3D('',#14693,#10510,#10511);
#8915=AXIS2_PLACEMENT_3D('',#14694,#10512,#10513);
#8916=AXIS2_PLACEMENT_3D('',#14695,#10514,#10515);
#8917=AXIS2_PLACEMENT_3D('',#14696,#10516,#10517);
#8918=AXIS2_PLACEMENT_3D('',#14697,#10518,#10519);
#8919=AXIS2_PLACEMENT_3D('',#14698,#10520,#10521);
#8920=AXIS2_PLACEMENT_3D('',#14699,#10522,#10523);
#8921=AXIS2_PLACEMENT_3D('',#14700,#10524,#10525);
#8922=AXIS2_PLACEMENT_3D('',#14705,#10527,#10528);
#8923=AXIS2_PLACEMENT_3D('',#14721,#10536,#10537);
#8924=AXIS2_PLACEMENT_3D('',#14725,#10539,#10540);
#8925=AXIS2_PLACEMENT_3D('',#14728,#10542,#10543);
#8926=AXIS2_PLACEMENT_3D('',#14793,#10576,#10577);
#8927=AXIS2_PLACEMENT_3D('',#14796,#10578,#10579);
#8928=AXIS2_PLACEMENT_3D('',#14812,#10587,#10588);
#8929=AXIS2_PLACEMENT_3D('',#14816,#10590,#10591);
#8930=AXIS2_PLACEMENT_3D('',#14818,#10593,#10594);
#8931=AXIS2_PLACEMENT_3D('',#14820,#10595,#10596);
#8932=AXIS2_PLACEMENT_3D('',#14823,#10599,#10600);
#8933=AXIS2_PLACEMENT_3D('',#14827,#10603,#10604);
#8934=AXIS2_PLACEMENT_3D('',#14828,#10605,#10606);
#8935=AXIS2_PLACEMENT_3D('',#14830,#10608,#10609);
#8936=AXIS2_PLACEMENT_3D('',#14839,#10612,#10613);
#8937=AXIS2_PLACEMENT_3D('',#14842,#10615,#10616);
#8938=AXIS2_PLACEMENT_3D('',#14843,#10617,#10618);
#8939=AXIS2_PLACEMENT_3D('',#14847,#10621,#10622);
#8940=AXIS2_PLACEMENT_3D('',#14850,#10624,#10625);
#8941=AXIS2_PLACEMENT_3D('',#14851,#10626,#10627);
#8942=AXIS2_PLACEMENT_3D('',#14859,#10630,#10631);
#8943=AXIS2_PLACEMENT_3D('',#14861,#10633,#10634);
#8944=AXIS2_PLACEMENT_3D('',#14863,#10636,#10637);
#8945=AXIS2_PLACEMENT_3D('',#14865,#10639,#10640);
#8946=AXIS2_PLACEMENT_3D('',#14867,#10642,#10643);
#8947=AXIS2_PLACEMENT_3D('',#14869,#10645,#10646);
#8948=AXIS2_PLACEMENT_3D('',#14870,#10647,#10648);
#8949=AXIS2_PLACEMENT_3D('',#14871,#10649,#10650);
#8950=AXIS2_PLACEMENT_3D('',#14872,#10651,#10652);
#8951=AXIS2_PLACEMENT_3D('',#14873,#10653,#10654);
#8952=AXIS2_PLACEMENT_3D('',#14879,#10658,#10659);
#8953=AXIS2_PLACEMENT_3D('',#14883,#10662,#10663);
#8954=AXIS2_PLACEMENT_3D('',#14887,#10666,#10667);
#8955=AXIS2_PLACEMENT_3D('',#14889,#10669,#10670);
#8956=AXIS2_PLACEMENT_3D('',#14890,#10671,#10672);
#8957=AXIS2_PLACEMENT_3D('',#14896,#10676,#10677);
#8958=AXIS2_PLACEMENT_3D('',#14900,#10680,#10681);
#8959=AXIS2_PLACEMENT_3D('',#14904,#10684,#10685);
#8960=AXIS2_PLACEMENT_3D('',#14906,#10687,#10688);
#8961=AXIS2_PLACEMENT_3D('',#14907,#10689,#10690);
#8962=AXIS2_PLACEMENT_3D('',#14913,#10694,#10695);
#8963=AXIS2_PLACEMENT_3D('',#14917,#10698,#10699);
#8964=AXIS2_PLACEMENT_3D('',#14921,#10702,#10703);
#8965=AXIS2_PLACEMENT_3D('',#14923,#10705,#10706);
#8966=AXIS2_PLACEMENT_3D('',#14924,#10707,#10708);
#8967=AXIS2_PLACEMENT_3D('',#14930,#10712,#10713);
#8968=AXIS2_PLACEMENT_3D('',#14934,#10716,#10717);
#8969=AXIS2_PLACEMENT_3D('',#14938,#10720,#10721);
#8970=AXIS2_PLACEMENT_3D('',#14940,#10723,#10724);
#8971=AXIS2_PLACEMENT_3D('',#14941,#10725,#10726);
#8972=AXIS2_PLACEMENT_3D('',#14947,#10730,#10731);
#8973=AXIS2_PLACEMENT_3D('',#14951,#10734,#10735);
#8974=AXIS2_PLACEMENT_3D('',#14955,#10738,#10739);
#8975=AXIS2_PLACEMENT_3D('',#14957,#10741,#10742);
#8976=AXIS2_PLACEMENT_3D('',#14958,#10743,#10744);
#8977=AXIS2_PLACEMENT_3D('',#14964,#10748,#10749);
#8978=AXIS2_PLACEMENT_3D('',#14968,#10752,#10753);
#8979=AXIS2_PLACEMENT_3D('',#14972,#10756,#10757);
#8980=AXIS2_PLACEMENT_3D('',#14974,#10759,#10760);
#8981=AXIS2_PLACEMENT_3D('',#14975,#10761,#10762);
#8982=AXIS2_PLACEMENT_3D('',#14981,#10766,#10767);
#8983=AXIS2_PLACEMENT_3D('',#14985,#10770,#10771);
#8984=AXIS2_PLACEMENT_3D('',#14989,#10774,#10775);
#8985=AXIS2_PLACEMENT_3D('',#14991,#10777,#10778);
#8986=AXIS2_PLACEMENT_3D('',#14992,#10779,#10780);
#8987=AXIS2_PLACEMENT_3D('',#14998,#10784,#10785);
#8988=AXIS2_PLACEMENT_3D('',#15002,#10788,#10789);
#8989=AXIS2_PLACEMENT_3D('',#15006,#10792,#10793);
#8990=AXIS2_PLACEMENT_3D('',#15008,#10795,#10796);
#8991=AXIS2_PLACEMENT_3D('',#15009,#10797,#10798);
#8992=AXIS2_PLACEMENT_3D('',#15010,#10799,#10800);
#8993=AXIS2_PLACEMENT_3D('',#15011,#10801,#10802);
#8994=AXIS2_PLACEMENT_3D('',#15012,#10803,#10804);
#8995=DIRECTION('axis',(0.,0.,1.));
#8996=DIRECTION('refdir',(1.,0.,0.));
#8997=DIRECTION('axis',(0.,0.,1.));
#8998=DIRECTION('refdir',(1.,0.,0.));
#8999=DIRECTION('center_axis',(0.,0.,1.));
#9000=DIRECTION('ref_axis',(1.,0.,0.));
#9001=DIRECTION('center_axis',(0.,0.,1.));
#9002=DIRECTION('ref_axis',(1.,0.,0.));
#9003=DIRECTION('',(0.,0.,1.));
#9004=DIRECTION('center_axis',(0.,0.,-1.));
#9005=DIRECTION('ref_axis',(1.,0.,0.));
#9006=DIRECTION('center_axis',(0.,0.,1.));
#9007=DIRECTION('ref_axis',(1.,0.,0.));
#9008=DIRECTION('center_axis',(0.,0.,1.));
#9009=DIRECTION('ref_axis',(1.,0.,0.));
#9010=DIRECTION('',(0.,0.,1.));
#9011=DIRECTION('center_axis',(0.,0.,-1.));
#9012=DIRECTION('ref_axis',(1.,0.,0.));
#9013=DIRECTION('center_axis',(0.,0.,1.));
#9014=DIRECTION('ref_axis',(1.,0.,0.));
#9015=DIRECTION('center_axis',(0.,0.,1.));
#9016=DIRECTION('ref_axis',(1.,0.,0.));
#9017=DIRECTION('',(0.,0.,1.));
#9018=DIRECTION('center_axis',(0.,0.,-1.));
#9019=DIRECTION('ref_axis',(1.,0.,0.));
#9020=DIRECTION('center_axis',(0.,0.,1.));
#9021=DIRECTION('ref_axis',(1.,0.,0.));
#9022=DIRECTION('center_axis',(0.,0.,1.));
#9023=DIRECTION('ref_axis',(1.,0.,0.));
#9024=DIRECTION('',(0.,0.,1.));
#9025=DIRECTION('center_axis',(0.,0.,-1.));
#9026=DIRECTION('ref_axis',(1.,0.,0.));
#9027=DIRECTION('center_axis',(0.,0.,1.));
#9028=DIRECTION('ref_axis',(1.,0.,0.));
#9029=DIRECTION('center_axis',(0.,0.,1.));
#9030=DIRECTION('ref_axis',(1.,0.,0.));
#9031=DIRECTION('',(0.,0.,1.));
#9032=DIRECTION('center_axis',(0.,0.,-1.));
#9033=DIRECTION('ref_axis',(1.,0.,0.));
#9034=DIRECTION('center_axis',(0.,0.,1.));
#9035=DIRECTION('ref_axis',(1.,0.,0.));
#9036=DIRECTION('center_axis',(0.,0.,1.));
#9037=DIRECTION('ref_axis',(1.,0.,0.));
#9038=DIRECTION('',(0.,0.,1.));
#9039=DIRECTION('center_axis',(0.,0.,-1.));
#9040=DIRECTION('ref_axis',(1.,0.,0.));
#9041=DIRECTION('center_axis',(0.,0.,1.));
#9042=DIRECTION('ref_axis',(1.,0.,0.));
#9043=DIRECTION('center_axis',(0.,0.,1.));
#9044=DIRECTION('ref_axis',(1.,0.,0.));
#9045=DIRECTION('',(0.,0.,1.));
#9046=DIRECTION('center_axis',(0.,0.,1.));
#9047=DIRECTION('ref_axis',(1.,0.,0.));
#9048=DIRECTION('center_axis',(0.,0.,1.));
#9049=DIRECTION('ref_axis',(1.,0.,0.));
#9050=DIRECTION('center_axis',(0.,0.,1.));
#9051=DIRECTION('ref_axis',(1.,0.,0.));
#9052=DIRECTION('',(0.,0.,1.));
#9053=DIRECTION('center_axis',(0.,0.,1.));
#9054=DIRECTION('ref_axis',(1.,0.,0.));
#9055=DIRECTION('center_axis',(0.,0.,1.));
#9056=DIRECTION('ref_axis',(1.,0.,0.));
#9057=DIRECTION('center_axis',(0.,0.,1.));
#9058=DIRECTION('ref_axis',(1.,0.,0.));
#9059=DIRECTION('',(0.,0.,1.));
#9060=DIRECTION('center_axis',(0.,0.,1.));
#9061=DIRECTION('ref_axis',(1.,0.,0.));
#9062=DIRECTION('center_axis',(0.,0.,1.));
#9063=DIRECTION('ref_axis',(1.,0.,0.));
#9064=DIRECTION('center_axis',(0.,0.,1.));
#9065=DIRECTION('ref_axis',(1.,0.,0.));
#9066=DIRECTION('',(0.,0.,1.));
#9067=DIRECTION('center_axis',(0.,0.,1.));
#9068=DIRECTION('ref_axis',(1.,0.,0.));
#9069=DIRECTION('center_axis',(-0.707106781186548,0.707106781186548,0.));
#9070=DIRECTION('ref_axis',(0.,0.,1.));
#9071=DIRECTION('',(0.707106781186548,0.707106781186548,0.));
#9072=DIRECTION('',(0.,0.,-1.));
#9073=DIRECTION('',(0.707106781186548,0.707106781186548,0.));
#9074=DIRECTION('',(0.,0.,-1.));
#9075=DIRECTION('center_axis',(0.,1.,0.));
#9076=DIRECTION('ref_axis',(0.,0.,1.));
#9077=DIRECTION('',(1.,0.,0.));
#9078=DIRECTION('',(1.,0.,0.));
#9079=DIRECTION('',(0.,0.,-1.));
#9080=DIRECTION('center_axis',(0.707106781186548,0.707106781186548,0.));
#9081=DIRECTION('ref_axis',(0.,0.,-1.));
#9082=DIRECTION('',(0.707106781186548,-0.707106781186548,0.));
#9083=DIRECTION('',(0.707106781186548,-0.707106781186548,0.));
#9084=DIRECTION('',(0.,0.,-1.));
#9085=DIRECTION('center_axis',(-1.,1.5770213417971E-16,0.));
#9086=DIRECTION('ref_axis',(0.,0.,1.));
#9087=DIRECTION('',(2.01858731750029E-16,1.,0.));
#9088=DIRECTION('',(2.01858731750029E-16,1.,0.));
#9089=DIRECTION('',(0.,0.,-1.));
#9090=DIRECTION('center_axis',(-0.707106781186549,0.707106781186546,0.));
#9091=DIRECTION('ref_axis',(0.,0.,1.));
#9092=DIRECTION('',(0.707106781186546,0.707106781186549,0.));
#9093=DIRECTION('',(0.707106781186546,0.707106781186549,0.));
#9094=DIRECTION('',(0.,0.,-1.));
#9095=DIRECTION('center_axis',(0.,1.,0.));
#9096=DIRECTION('ref_axis',(0.,0.,1.));
#9097=DIRECTION('',(0.,0.,-1.));
#9098=DIRECTION('',(1.,0.,0.));
#9099=DIRECTION('',(1.,0.,0.));
#9100=DIRECTION('center_axis',(0.,1.,0.));
#9101=DIRECTION('ref_axis',(0.,0.,1.));
#9102=DIRECTION('',(1.,0.,0.));
#9103=DIRECTION('',(0.,0.,-1.));
#9104=DIRECTION('',(1.,0.,0.));
#9105=DIRECTION('',(0.,0.,-1.));
#9106=DIRECTION('center_axis',(-1.,0.,0.));
#9107=DIRECTION('ref_axis',(0.,0.,1.));
#9108=DIRECTION('',(0.,1.,0.));
#9109=DIRECTION('',(0.,1.,0.));
#9110=DIRECTION('',(0.,0.,-1.));
#9111=DIRECTION('center_axis',(0.,-1.,0.));
#9112=DIRECTION('ref_axis',(0.,0.,-1.));
#9113=DIRECTION('',(-1.,0.,0.));
#9114=DIRECTION('',(-1.,0.,0.));
#9115=DIRECTION('',(0.,0.,-1.));
#9116=DIRECTION('center_axis',(-1.,0.,0.));
#9117=DIRECTION('ref_axis',(0.,0.,1.));
#9118=DIRECTION('',(0.,1.,0.));
#9119=DIRECTION('',(0.,1.,0.));
#9120=DIRECTION('center_axis',(0.,0.,-1.));
#9121=DIRECTION('ref_axis',(-1.,0.,0.));
#9122=DIRECTION('',(-0.707106781186547,0.707106781186548,0.));
#9123=DIRECTION('',(0.,-1.,0.));
#9124=DIRECTION('center_axis',(1.,0.,0.));
#9125=DIRECTION('ref_axis',(0.,0.,-1.));
#9126=DIRECTION('',(0.,0.,1.));
#9127=DIRECTION('',(0.,-1.,0.));
#9128=DIRECTION('center_axis',(0.707106781186548,0.707106781186547,0.));
#9129=DIRECTION('ref_axis',(0.707106781186547,-0.707106781186548,0.));
#9130=DIRECTION('',(0.707106781186547,-0.707106781186548,0.));
#9131=DIRECTION('center_axis',(0.,0.,1.));
#9132=DIRECTION('ref_axis',(1.,0.,0.));
#9133=DIRECTION('center_axis',(0.,0.,1.));
#9134=DIRECTION('ref_axis',(1.,0.,0.));
#9135=DIRECTION('',(1.,0.,0.));
#9136=DIRECTION('',(0.,-1.,0.));
#9137=DIRECTION('',(-1.,0.,0.));
#9138=DIRECTION('',(0.,-1.,0.));
#9139=DIRECTION('',(-1.,0.,0.));
#9140=DIRECTION('',(0.,1.,0.));
#9141=DIRECTION('',(-1.,0.,0.));
#9142=DIRECTION('',(0.,1.,0.));
#9143=DIRECTION('',(1.,0.,0.));
#9144=DIRECTION('',(0.,1.,0.));
#9145=DIRECTION('',(-1.,0.,0.));
#9146=DIRECTION('',(0.,1.,0.));
#9147=DIRECTION('',(1.,0.,0.));
#9148=DIRECTION('',(0.,1.,0.));
#9149=DIRECTION('',(-1.,0.,0.));
#9150=DIRECTION('',(0.,1.,0.));
#9151=DIRECTION('',(1.,0.,0.));
#9152=DIRECTION('',(0.,1.,0.));
#9153=DIRECTION('',(-1.,0.,0.));
#9154=DIRECTION('',(0.,1.,0.));
#9155=DIRECTION('',(1.,0.,0.));
#9156=DIRECTION('',(0.,1.,0.));
#9157=DIRECTION('',(-1.,0.,0.));
#9158=DIRECTION('',(0.,1.,0.));
#9159=DIRECTION('',(1.,0.,0.));
#9160=DIRECTION('',(0.,1.,0.));
#9161=DIRECTION('',(-1.,0.,0.));
#9162=DIRECTION('',(0.,1.,0.));
#9163=DIRECTION('',(1.,0.,0.));
#9164=DIRECTION('',(0.,1.,0.));
#9165=DIRECTION('',(-1.,0.,0.));
#9166=DIRECTION('',(0.,1.,0.));
#9167=DIRECTION('',(1.,0.,0.));
#9168=DIRECTION('',(0.,1.,0.));
#9169=DIRECTION('',(1.,0.,0.));
#9170=DIRECTION('',(0.,-1.,0.));
#9171=DIRECTION('',(1.,0.,0.));
#9172=DIRECTION('',(0.,-1.,0.));
#9173=DIRECTION('',(-1.,0.,0.));
#9174=DIRECTION('',(0.,-1.,0.));
#9175=DIRECTION('',(1.,0.,0.));
#9176=DIRECTION('',(0.,-1.,0.));
#9177=DIRECTION('',(-1.,0.,0.));
#9178=DIRECTION('',(0.,-1.,0.));
#9179=DIRECTION('',(1.,0.,0.));
#9180=DIRECTION('',(0.,-1.,0.));
#9181=DIRECTION('',(-1.,0.,0.));
#9182=DIRECTION('',(0.,-1.,0.));
#9183=DIRECTION('',(1.,0.,0.));
#9184=DIRECTION('',(0.,-1.,0.));
#9185=DIRECTION('',(-1.,0.,0.));
#9186=DIRECTION('',(0.,-1.,0.));
#9187=DIRECTION('',(1.,0.,0.));
#9188=DIRECTION('',(0.,-1.,0.));
#9189=DIRECTION('',(-1.,0.,0.));
#9190=DIRECTION('',(0.,-1.,0.));
#9191=DIRECTION('',(1.,0.,0.));
#9192=DIRECTION('',(0.,-1.,0.));
#9193=DIRECTION('',(-1.,0.,0.));
#9194=DIRECTION('',(0.,-1.,0.));
#9195=DIRECTION('center_axis',(-0.954812511109882,0.297208796350379,0.));
#9196=DIRECTION('ref_axis',(0.297208796350379,0.954812511109882,0.));
#9197=DIRECTION('',(-0.297208796350379,-0.954812511109882,0.));
#9198=DIRECTION('',(0.,0.,-1.));
#9199=DIRECTION('',(-0.297208796350379,-0.954812511109882,0.));
#9200=DIRECTION('',(0.,0.,-1.));
#9201=DIRECTION('center_axis',(0.,-1.,0.));
#9202=DIRECTION('ref_axis',(-1.,0.,0.));
#9203=DIRECTION('',(1.,0.,0.));
#9204=DIRECTION('',(1.,0.,0.));
#9205=DIRECTION('',(0.,0.,-1.));
#9206=DIRECTION('center_axis',(0.95547469118164,0.295073066394326,0.));
#9207=DIRECTION('ref_axis',(0.295073066394326,-0.95547469118164,0.));
#9208=DIRECTION('',(-0.295073066394326,0.95547469118164,0.));
#9209=DIRECTION('',(-0.295073066394326,0.95547469118164,0.));
#9210=DIRECTION('center_axis',(0.,-1.,0.));
#9211=DIRECTION('ref_axis',(-1.,0.,0.));
#9212=DIRECTION('',(-1.,0.,0.));
#9213=DIRECTION('',(0.,0.,-1.));
#9214=DIRECTION('',(-1.,0.,0.));
#9215=DIRECTION('',(0.,0.,-1.));
#9216=DIRECTION('center_axis',(0.955285890691342,-0.295683728071142,0.));
#9217=DIRECTION('ref_axis',(-0.295683728071142,-0.955285890691342,0.));
#9218=DIRECTION('',(-0.295683728071142,-0.955285890691342,0.));
#9219=DIRECTION('',(0.,0.,-1.));
#9220=DIRECTION('',(-0.295683728071142,-0.955285890691342,0.));
#9221=DIRECTION('center_axis',(0.,-1.,0.));
#9222=DIRECTION('ref_axis',(-1.,0.,0.));
#9223=DIRECTION('',(-1.,0.,0.));
#9224=DIRECTION('',(0.,0.,-1.));
#9225=DIRECTION('',(-1.,0.,0.));
#9226=DIRECTION('center_axis',(-0.956351571051337,-0.292218535599027,0.));
#9227=DIRECTION('ref_axis',(-0.292218535599027,0.956351571051337,0.));
#9228=DIRECTION('',(-0.292218535599027,0.956351571051337,0.));
#9229=DIRECTION('',(0.,0.,-1.));
#9230=DIRECTION('',(-0.292218535599027,0.956351571051337,0.));
#9231=DIRECTION('center_axis',(0.,-1.,0.));
#9232=DIRECTION('ref_axis',(-1.,0.,0.));
#9233=DIRECTION('',(-1.,0.,0.));
#9234=DIRECTION('',(0.,0.,-1.));
#9235=DIRECTION('',(-1.,0.,0.));
#9236=DIRECTION('center_axis',(0.947370089290161,0.320140459670988,0.));
#9237=DIRECTION('ref_axis',(0.320140459670988,-0.947370089290162,0.));
#9238=DIRECTION('',(0.320140459670988,-0.947370089290162,0.));
#9239=DIRECTION('',(0.,0.,-1.));
#9240=DIRECTION('',(0.320140459670988,-0.947370089290162,0.));
#9241=DIRECTION('center_axis',(0.,1.,0.));
#9242=DIRECTION('ref_axis',(1.,0.,0.));
#9243=DIRECTION('',(1.,0.,0.));
#9244=DIRECTION('',(0.,0.,-1.));
#9245=DIRECTION('',(1.,0.,0.));
#9246=DIRECTION('center_axis',(-0.947370089290161,0.320140459670988,0.));
#9247=DIRECTION('ref_axis',(0.320140459670988,0.947370089290162,0.));
#9248=DIRECTION('',(0.320140459670988,0.947370089290162,0.));
#9249=DIRECTION('',(0.320140459670988,0.947370089290162,0.));
#9250=DIRECTION('center_axis',(0.,0.,-1.));
#9251=DIRECTION('ref_axis',(-1.,0.,0.));
#9252=DIRECTION('center_axis',(1.,0.,0.));
#9253=DIRECTION('ref_axis',(0.,-1.,0.));
#9254=DIRECTION('',(0.,-1.,0.));
#9255=DIRECTION('',(0.,0.,-1.));
#9256=DIRECTION('',(0.,-1.,0.));
#9257=DIRECTION('',(0.,0.,-1.));
#9258=DIRECTION('center_axis',(0.,1.,0.));
#9259=DIRECTION('ref_axis',(1.,0.,0.));
#9260=DIRECTION('',(1.,0.,0.));
#9261=DIRECTION('',(0.,0.,-1.));
#9262=DIRECTION('',(1.,0.,0.));
#9263=DIRECTION('',(0.,0.,-1.));
#9264=DIRECTION('',(0.,0.,-1.));
#9265=DIRECTION('',(0.,0.,-1.));
#9266=DIRECTION('',(0.,0.,-1.));
#9267=DIRECTION('center_axis',(-1.,0.,0.));
#9268=DIRECTION('ref_axis',(0.,1.,0.));
#9269=DIRECTION('',(0.,1.,0.));
#9270=DIRECTION('',(0.,0.,-1.));
#9271=DIRECTION('',(0.,1.,0.));
#9272=DIRECTION('center_axis',(0.,-1.,0.));
#9273=DIRECTION('ref_axis',(-1.,0.,0.));
#9274=DIRECTION('',(-1.,0.,0.));
#9275=DIRECTION('',(0.,0.,-1.));
#9276=DIRECTION('',(-1.,0.,0.));
#9277=DIRECTION('',(0.,0.,-1.));
#9278=DIRECTION('',(0.,0.,-1.));
#9279=DIRECTION('',(0.,0.,-1.));
#9280=DIRECTION('',(0.,0.,-1.));
#9281=DIRECTION('',(0.,0.,-1.));
#9282=DIRECTION('center_axis',(-1.,0.,0.));
#9283=DIRECTION('ref_axis',(0.,1.,0.));
#9284=DIRECTION('',(0.,1.,0.));
#9285=DIRECTION('',(0.,0.,-1.));
#9286=DIRECTION('',(0.,1.,0.));
#9287=DIRECTION('center_axis',(0.,-1.,0.));
#9288=DIRECTION('ref_axis',(-1.,0.,0.));
#9289=DIRECTION('',(-1.,0.,0.));
#9290=DIRECTION('',(-1.,0.,0.));
#9291=DIRECTION('center_axis',(0.,0.,1.));
#9292=DIRECTION('ref_axis',(1.,0.,0.));
#9293=DIRECTION('',(0.,0.,-1.));
#9294=DIRECTION('',(0.,0.,-1.));
#9295=DIRECTION('',(0.,0.,-1.));
#9296=DIRECTION('center_axis',(1.,0.,0.));
#9297=DIRECTION('ref_axis',(0.,-1.,0.));
#9298=DIRECTION('',(0.,-1.,0.));
#9299=DIRECTION('',(0.,0.,-1.));
#9300=DIRECTION('',(0.,-1.,0.));
#9301=DIRECTION('center_axis',(0.,1.,0.));
#9302=DIRECTION('ref_axis',(1.,0.,0.));
#9303=DIRECTION('',(1.,0.,0.));
#9304=DIRECTION('',(0.,0.,-1.));
#9305=DIRECTION('',(1.,0.,0.));
#9306=DIRECTION('',(0.,0.,-1.));
#9307=DIRECTION('',(0.,0.,-1.));
#9308=DIRECTION('',(0.,0.,-1.));
#9309=DIRECTION('',(0.,0.,-1.));
#9310=DIRECTION('',(0.,0.,-1.));
#9311=DIRECTION('',(0.,0.,-1.));
#9312=DIRECTION('',(0.,0.,-1.));
#9313=DIRECTION('',(0.,0.,-1.));
#9314=DIRECTION('center_axis',(0.,-1.,0.));
#9315=DIRECTION('ref_axis',(-1.,0.,0.));
#9316=DIRECTION('',(-1.,0.,0.));
#9317=DIRECTION('',(0.,0.,-1.));
#9318=DIRECTION('',(-1.,0.,0.));
#9319=DIRECTION('center_axis',(1.,0.,0.));
#9320=DIRECTION('ref_axis',(0.,-1.,0.));
#9321=DIRECTION('',(0.,-1.,0.));
#9322=DIRECTION('',(0.,0.,-1.));
#9323=DIRECTION('',(0.,-1.,0.));
#9324=DIRECTION('',(0.,0.,-1.));
#9325=DIRECTION('',(0.,0.,-1.));
#9326=DIRECTION('',(0.,0.,-1.));
#9327=DIRECTION('center_axis',(0.,0.,1.));
#9328=DIRECTION('ref_axis',(1.,0.,0.));
#9329=DIRECTION('center_axis',(1.,0.,0.));
#9330=DIRECTION('ref_axis',(0.,-1.,0.));
#9331=DIRECTION('',(0.,-1.,0.));
#9332=DIRECTION('',(0.,0.,-1.));
#9333=DIRECTION('',(0.,-1.,0.));
#9334=DIRECTION('',(0.,0.,-1.));
#9335=DIRECTION('center_axis',(0.,1.,0.));
#9336=DIRECTION('ref_axis',(1.,0.,0.));
#9337=DIRECTION('',(1.,0.,0.));
#9338=DIRECTION('',(0.,0.,-1.));
#9339=DIRECTION('',(1.,0.,0.));
#9340=DIRECTION('center_axis',(1.,0.,0.));
#9341=DIRECTION('ref_axis',(0.,-1.,0.));
#9342=DIRECTION('',(0.,-1.,0.));
#9343=DIRECTION('',(0.,0.,-1.));
#9344=DIRECTION('',(0.,-1.,0.));
#9345=DIRECTION('center_axis',(0.,1.,0.));
#9346=DIRECTION('ref_axis',(1.,0.,0.));
#9347=DIRECTION('',(1.,0.,0.));
#9348=DIRECTION('',(0.,0.,-1.));
#9349=DIRECTION('',(1.,0.,0.));
#9350=DIRECTION('center_axis',(-1.,0.,0.));
#9351=DIRECTION('ref_axis',(0.,1.,0.));
#9352=DIRECTION('',(0.,1.,0.));
#9353=DIRECTION('',(0.,0.,-1.));
#9354=DIRECTION('',(0.,1.,0.));
#9355=DIRECTION('center_axis',(0.,-1.,0.));
#9356=DIRECTION('ref_axis',(-1.,0.,0.));
#9357=DIRECTION('',(-1.,0.,0.));
#9358=DIRECTION('',(-1.,0.,0.));
#9359=DIRECTION('center_axis',(0.,0.,-1.));
#9360=DIRECTION('ref_axis',(-1.,0.,0.));
#9361=DIRECTION('center_axis',(0.,0.,-1.));
#9362=DIRECTION('ref_axis',(-1.,0.,0.));
#9363=DIRECTION('center_axis',(0.,0.,-1.));
#9364=DIRECTION('ref_axis',(-1.,0.,0.));
#9365=DIRECTION('',(0.,0.,-1.));
#9366=DIRECTION('center_axis',(0.,0.,-1.));
#9367=DIRECTION('ref_axis',(-1.,0.,0.));
#9368=DIRECTION('center_axis',(0.,0.,1.));
#9369=DIRECTION('ref_axis',(1.,0.,0.));
#9370=DIRECTION('center_axis',(0.,1.,0.));
#9371=DIRECTION('ref_axis',(1.,0.,0.));
#9372=DIRECTION('',(1.,0.,0.));
#9373=DIRECTION('',(0.,0.,-1.));
#9374=DIRECTION('',(1.,0.,0.));
#9375=DIRECTION('',(0.,0.,-1.));
#9376=DIRECTION('center_axis',(-0.952371286946294,0.30494086607121,0.));
#9377=DIRECTION('ref_axis',(0.30494086607121,0.952371286946294,0.));
#9378=DIRECTION('',(0.30494086607121,0.952371286946294,0.));
#9379=DIRECTION('',(0.,0.,-1.));
#9380=DIRECTION('',(0.30494086607121,0.952371286946294,0.));
#9381=DIRECTION('center_axis',(0.952040395247855,0.305972361196739,0.));
#9382=DIRECTION('ref_axis',(0.305972361196739,-0.952040395247855,0.));
#9383=DIRECTION('',(0.305972361196739,-0.952040395247855,0.));
#9384=DIRECTION('',(0.,0.,-1.));
#9385=DIRECTION('',(0.305972361196739,-0.952040395247855,0.));
#9386=DIRECTION('center_axis',(0.,1.,0.));
#9387=DIRECTION('ref_axis',(1.,0.,0.));
#9388=DIRECTION('',(1.,0.,0.));
#9389=DIRECTION('',(0.,0.,-1.));
#9390=DIRECTION('',(1.,0.,0.));
#9391=DIRECTION('center_axis',(-0.945730767022141,-0.3249512522021,0.));
#9392=DIRECTION('ref_axis',(-0.3249512522021,0.945730767022141,0.));
#9393=DIRECTION('',(-0.3249512522021,0.945730767022141,0.));
#9394=DIRECTION('',(0.,0.,-1.));
#9395=DIRECTION('',(-0.3249512522021,0.945730767022141,0.));
#9396=DIRECTION('center_axis',(0.,-1.,0.));
#9397=DIRECTION('ref_axis',(-1.,0.,0.));
#9398=DIRECTION('',(-1.,0.,0.));
#9399=DIRECTION('',(0.,0.,-1.));
#9400=DIRECTION('',(-1.,0.,0.));
#9401=DIRECTION('center_axis',(0.945730767022143,-0.324951252202095,0.));
#9402=DIRECTION('ref_axis',(-0.324951252202095,-0.945730767022143,0.));
#9403=DIRECTION('',(-0.324951252202095,-0.945730767022143,0.));
#9404=DIRECTION('',(-0.324951252202095,-0.945730767022143,0.));
#9405=DIRECTION('center_axis',(0.,0.,-1.));
#9406=DIRECTION('ref_axis',(-1.,0.,0.));
#9407=DIRECTION('center_axis',(1.,0.,0.));
#9408=DIRECTION('ref_axis',(0.,-1.,0.));
#9409=DIRECTION('',(0.,-1.,0.));
#9410=DIRECTION('',(0.,0.,-1.));
#9411=DIRECTION('',(0.,-1.,0.));
#9412=DIRECTION('',(0.,0.,-1.));
#9413=DIRECTION('center_axis',(0.,1.,0.));
#9414=DIRECTION('ref_axis',(1.,0.,0.));
#9415=DIRECTION('',(1.,0.,0.));
#9416=DIRECTION('',(0.,0.,-1.));
#9417=DIRECTION('',(1.,0.,0.));
#9418=DIRECTION('center_axis',(1.,0.,0.));
#9419=DIRECTION('ref_axis',(0.,-1.,0.));
#9420=DIRECTION('',(0.,-1.,0.));
#9421=DIRECTION('',(0.,0.,-1.));
#9422=DIRECTION('',(0.,-1.,0.));
#9423=DIRECTION('center_axis',(0.,1.,0.));
#9424=DIRECTION('ref_axis',(1.,0.,0.));
#9425=DIRECTION('',(1.,0.,0.));
#9426=DIRECTION('',(0.,0.,-1.));
#9427=DIRECTION('',(1.,0.,0.));
#9428=DIRECTION('',(0.,0.,-1.));
#9429=DIRECTION('',(0.,0.,-1.));
#9430=DIRECTION('center_axis',(-1.,0.,0.));
#9431=DIRECTION('ref_axis',(0.,1.,0.));
#9432=DIRECTION('',(0.,1.,0.));
#9433=DIRECTION('',(0.,0.,-1.));
#9434=DIRECTION('',(0.,1.,0.));
#9435=DIRECTION('center_axis',(0.,-1.,0.));
#9436=DIRECTION('ref_axis',(-1.,0.,0.));
#9437=DIRECTION('',(-1.,0.,0.));
#9438=DIRECTION('',(0.,0.,-1.));
#9439=DIRECTION('',(-1.,0.,0.));
#9440=DIRECTION('center_axis',(-1.,0.,0.));
#9441=DIRECTION('ref_axis',(0.,1.,0.));
#9442=DIRECTION('',(0.,1.,0.));
#9443=DIRECTION('',(0.,0.,-1.));
#9444=DIRECTION('',(0.,1.,0.));
#9445=DIRECTION('center_axis',(0.,1.,0.));
#9446=DIRECTION('ref_axis',(1.,0.,0.));
#9447=DIRECTION('',(1.,0.,0.));
#9448=DIRECTION('',(0.,0.,-1.));
#9449=DIRECTION('',(1.,0.,0.));
#9450=DIRECTION('center_axis',(-1.,0.,0.));
#9451=DIRECTION('ref_axis',(0.,1.,0.));
#9452=DIRECTION('',(0.,1.,0.));
#9453=DIRECTION('',(0.,0.,-1.));
#9454=DIRECTION('',(0.,1.,0.));
#9455=DIRECTION('center_axis',(0.,-1.,0.));
#9456=DIRECTION('ref_axis',(-1.,0.,0.));
#9457=DIRECTION('',(-1.,0.,0.));
#9458=DIRECTION('',(-1.,0.,0.));
#9459=DIRECTION('center_axis',(0.,0.,1.));
#9460=DIRECTION('ref_axis',(1.,0.,0.));
#9461=DIRECTION('',(0.,0.,-1.));
#9462=DIRECTION('',(0.,0.,-1.));
#9463=DIRECTION('',(0.,0.,-1.));
#9464=DIRECTION('',(0.,0.,-1.));
#9465=DIRECTION('center_axis',(1.,0.,0.));
#9466=DIRECTION('ref_axis',(0.,-1.,0.));
#9467=DIRECTION('',(0.,-1.,0.));
#9468=DIRECTION('',(0.,0.,-1.));
#9469=DIRECTION('',(0.,-1.,0.));
#9470=DIRECTION('center_axis',(0.,-1.,0.));
#9471=DIRECTION('ref_axis',(-1.,0.,0.));
#9472=DIRECTION('',(-1.,0.,0.));
#9473=DIRECTION('',(0.,0.,-1.));
#9474=DIRECTION('',(-1.,0.,0.));
#9475=DIRECTION('center_axis',(1.,0.,0.));
#9476=DIRECTION('ref_axis',(0.,-1.,0.));
#9477=DIRECTION('',(0.,-1.,0.));
#9478=DIRECTION('',(0.,0.,-1.));
#9479=DIRECTION('',(0.,-1.,0.));
#9480=DIRECTION('center_axis',(0.,1.,0.));
#9481=DIRECTION('ref_axis',(1.,0.,0.));
#9482=DIRECTION('',(1.,0.,0.));
#9483=DIRECTION('',(0.,0.,-1.));
#9484=DIRECTION('',(1.,0.,0.));
#9485=DIRECTION('center_axis',(-1.,0.,0.));
#9486=DIRECTION('ref_axis',(0.,1.,0.));
#9487=DIRECTION('',(0.,1.,0.));
#9488=DIRECTION('',(0.,0.,-1.));
#9489=DIRECTION('',(0.,1.,0.));
#9490=DIRECTION('center_axis',(0.,-1.,0.));
#9491=DIRECTION('ref_axis',(-1.,0.,0.));
#9492=DIRECTION('',(-1.,0.,0.));
#9493=DIRECTION('',(0.,0.,-1.));
#9494=DIRECTION('',(-1.,0.,0.));
#9495=DIRECTION('',(0.,0.,-1.));
#9496=DIRECTION('',(0.,0.,-1.));
#9497=DIRECTION('',(0.,0.,-1.));
#9498=DIRECTION('',(0.,0.,-1.));
#9499=DIRECTION('',(0.,0.,-1.));
#9500=DIRECTION('',(0.,0.,-1.));
#9501=DIRECTION('',(0.,0.,-1.));
#9502=DIRECTION('center_axis',(0.,1.,0.));
#9503=DIRECTION('ref_axis',(1.,0.,0.));
#9504=DIRECTION('',(1.,0.,0.));
#9505=DIRECTION('',(0.,0.,-1.));
#9506=DIRECTION('',(1.,0.,0.));
#9507=DIRECTION('center_axis',(-1.,0.,0.));
#9508=DIRECTION('ref_axis',(0.,1.,0.));
#9509=DIRECTION('',(0.,1.,0.));
#9510=DIRECTION('',(0.,0.,-1.));
#9511=DIRECTION('',(0.,1.,0.));
#9512=DIRECTION('',(0.,0.,-1.));
#9513=DIRECTION('',(0.,0.,-1.));
#9514=DIRECTION('center_axis',(0.,0.,1.));
#9515=DIRECTION('ref_axis',(1.,0.,0.));
#9516=DIRECTION('center_axis',(0.,0.,1.));
#9517=DIRECTION('ref_axis',(1.,0.,0.));
#9518=DIRECTION('',(-1.,0.,0.));
#9519=DIRECTION('',(0.,-1.,0.));
#9520=DIRECTION('',(1.,0.,0.));
#9521=DIRECTION('',(0.,1.,0.));
#9522=DIRECTION('center_axis',(0.,1.,0.));
#9523=DIRECTION('ref_axis',(-1.,0.,0.));
#9524=DIRECTION('',(0.,0.,-1.));
#9525=DIRECTION('',(-1.,0.,0.));
#9526=DIRECTION('',(0.,0.,1.));
#9527=DIRECTION('center_axis',(1.,0.,0.));
#9528=DIRECTION('ref_axis',(0.,1.,0.));
#9529=DIRECTION('',(0.,1.,0.));
#9530=DIRECTION('',(0.,0.,1.));
#9531=DIRECTION('center_axis',(0.,-1.,0.));
#9532=DIRECTION('ref_axis',(1.,0.,0.));
#9533=DIRECTION('',(0.,0.,1.));
#9534=DIRECTION('',(1.,0.,0.));
#9535=DIRECTION('center_axis',(0.,0.,1.));
#9536=DIRECTION('ref_axis',(1.,0.,0.));
#9537=DIRECTION('',(0.,1.,0.));
#9538=DIRECTION('center_axis',(0.,1.,0.));
#9539=DIRECTION('ref_axis',(-1.,0.,0.));
#9540=DIRECTION('',(0.,0.,-1.));
#9541=DIRECTION('',(-1.,0.,0.));
#9542=DIRECTION('',(0.,0.,1.));
#9543=DIRECTION('center_axis',(1.,0.,0.));
#9544=DIRECTION('ref_axis',(0.,1.,0.));
#9545=DIRECTION('',(0.,1.,0.));
#9546=DIRECTION('',(0.,0.,1.));
#9547=DIRECTION('center_axis',(0.,-1.,0.));
#9548=DIRECTION('ref_axis',(1.,0.,0.));
#9549=DIRECTION('',(0.,0.,1.));
#9550=DIRECTION('',(1.,0.,0.));
#9551=DIRECTION('center_axis',(0.,0.,1.));
#9552=DIRECTION('ref_axis',(1.,0.,0.));
#9553=DIRECTION('',(0.,1.,0.));
#9554=DIRECTION('center_axis',(0.,1.,0.));
#9555=DIRECTION('ref_axis',(-1.,0.,0.));
#9556=DIRECTION('',(0.,0.,-1.));
#9557=DIRECTION('',(-1.,0.,0.));
#9558=DIRECTION('',(0.,0.,1.));
#9559=DIRECTION('center_axis',(1.,0.,0.));
#9560=DIRECTION('ref_axis',(0.,1.,0.));
#9561=DIRECTION('',(0.,1.,0.));
#9562=DIRECTION('',(0.,0.,1.));
#9563=DIRECTION('center_axis',(0.,-1.,0.));
#9564=DIRECTION('ref_axis',(1.,0.,0.));
#9565=DIRECTION('',(0.,0.,1.));
#9566=DIRECTION('',(1.,0.,0.));
#9567=DIRECTION('center_axis',(0.,0.,1.));
#9568=DIRECTION('ref_axis',(1.,0.,0.));
#9569=DIRECTION('',(0.,1.,0.));
#9570=DIRECTION('center_axis',(0.,-1.,0.));
#9571=DIRECTION('ref_axis',(1.,0.,0.));
#9572=DIRECTION('',(0.,0.,-1.));
#9573=DIRECTION('',(1.,0.,0.));
#9574=DIRECTION('',(0.,0.,1.));
#9575=DIRECTION('center_axis',(-1.,0.,0.));
#9576=DIRECTION('ref_axis',(0.,-1.,0.));
#9577=DIRECTION('',(0.,-1.,0.));
#9578=DIRECTION('',(0.,0.,1.));
#9579=DIRECTION('center_axis',(0.,1.,0.));
#9580=DIRECTION('ref_axis',(-1.,0.,0.));
#9581=DIRECTION('',(-1.,0.,0.));
#9582=DIRECTION('',(0.,0.,1.));
#9583=DIRECTION('center_axis',(0.,0.,1.));
#9584=DIRECTION('ref_axis',(1.,0.,0.));
#9585=DIRECTION('',(0.,-1.,0.));
#9586=DIRECTION('center_axis',(0.,-1.,0.));
#9587=DIRECTION('ref_axis',(1.,0.,0.));
#9588=DIRECTION('',(0.,0.,-1.));
#9589=DIRECTION('',(1.,0.,0.));
#9590=DIRECTION('',(0.,0.,1.));
#9591=DIRECTION('center_axis',(-1.,0.,0.));
#9592=DIRECTION('ref_axis',(0.,-1.,0.));
#9593=DIRECTION('',(0.,-1.,0.));
#9594=DIRECTION('',(0.,0.,1.));
#9595=DIRECTION('center_axis',(0.,1.,0.));
#9596=DIRECTION('ref_axis',(-1.,0.,0.));
#9597=DIRECTION('',(-1.,0.,0.));
#9598=DIRECTION('',(0.,0.,1.));
#9599=DIRECTION('center_axis',(0.,0.,1.));
#9600=DIRECTION('ref_axis',(1.,0.,0.));
#9601=DIRECTION('',(0.,-1.,0.));
#9602=DIRECTION('center_axis',(0.,-1.,0.));
#9603=DIRECTION('ref_axis',(1.,0.,0.));
#9604=DIRECTION('',(0.,0.,-1.));
#9605=DIRECTION('',(1.,0.,0.));
#9606=DIRECTION('',(0.,0.,1.));
#9607=DIRECTION('center_axis',(-1.,0.,0.));
#9608=DIRECTION('ref_axis',(0.,-1.,0.));
#9609=DIRECTION('',(0.,-1.,0.));
#9610=DIRECTION('',(0.,0.,1.));
#9611=DIRECTION('center_axis',(0.,1.,0.));
#9612=DIRECTION('ref_axis',(-1.,0.,0.));
#9613=DIRECTION('',(-1.,0.,0.));
#9614=DIRECTION('',(0.,0.,1.));
#9615=DIRECTION('center_axis',(0.,0.,1.));
#9616=DIRECTION('ref_axis',(1.,0.,0.));
#9617=DIRECTION('',(0.,-1.,0.));
#9618=DIRECTION('center_axis',(0.,-1.,0.));
#9619=DIRECTION('ref_axis',(1.,0.,0.));
#9620=DIRECTION('',(0.,0.,-1.));
#9621=DIRECTION('',(1.,0.,0.));
#9622=DIRECTION('',(0.,0.,1.));
#9623=DIRECTION('center_axis',(-1.,0.,0.));
#9624=DIRECTION('ref_axis',(0.,-1.,0.));
#9625=DIRECTION('',(0.,-1.,0.));
#9626=DIRECTION('',(0.,0.,1.));
#9627=DIRECTION('center_axis',(0.,1.,0.));
#9628=DIRECTION('ref_axis',(-1.,0.,0.));
#9629=DIRECTION('',(-1.,0.,0.));
#9630=DIRECTION('',(0.,0.,1.));
#9631=DIRECTION('center_axis',(0.,0.,1.));
#9632=DIRECTION('ref_axis',(1.,0.,0.));
#9633=DIRECTION('',(0.,-1.,0.));
#9634=DIRECTION('center_axis',(0.,-1.,0.));
#9635=DIRECTION('ref_axis',(1.,0.,0.));
#9636=DIRECTION('',(0.,0.,-1.));
#9637=DIRECTION('',(1.,0.,0.));
#9638=DIRECTION('',(0.,0.,1.));
#9639=DIRECTION('center_axis',(-1.,0.,0.));
#9640=DIRECTION('ref_axis',(0.,-1.,0.));
#9641=DIRECTION('',(0.,-1.,0.));
#9642=DIRECTION('',(0.,0.,1.));
#9643=DIRECTION('center_axis',(0.,1.,0.));
#9644=DIRECTION('ref_axis',(-1.,0.,0.));
#9645=DIRECTION('',(-1.,0.,0.));
#9646=DIRECTION('',(0.,0.,1.));
#9647=DIRECTION('center_axis',(0.,0.,1.));
#9648=DIRECTION('ref_axis',(1.,0.,0.));
#9649=DIRECTION('',(0.,-1.,0.));
#9650=DIRECTION('center_axis',(0.,-1.,0.));
#9651=DIRECTION('ref_axis',(1.,0.,0.));
#9652=DIRECTION('',(0.,0.,-1.));
#9653=DIRECTION('',(1.,0.,0.));
#9654=DIRECTION('',(0.,0.,1.));
#9655=DIRECTION('center_axis',(-1.,0.,0.));
#9656=DIRECTION('ref_axis',(0.,-1.,0.));
#9657=DIRECTION('',(0.,-1.,0.));
#9658=DIRECTION('',(0.,0.,1.));
#9659=DIRECTION('center_axis',(0.,1.,0.));
#9660=DIRECTION('ref_axis',(-1.,0.,0.));
#9661=DIRECTION('',(-1.,0.,0.));
#9662=DIRECTION('',(0.,0.,1.));
#9663=DIRECTION('center_axis',(0.,0.,1.));
#9664=DIRECTION('ref_axis',(1.,0.,0.));
#9665=DIRECTION('',(0.,-1.,0.));
#9666=DIRECTION('center_axis',(0.,-1.,0.));
#9667=DIRECTION('ref_axis',(1.,0.,0.));
#9668=DIRECTION('',(0.,0.,-1.));
#9669=DIRECTION('',(1.,0.,0.));
#9670=DIRECTION('',(0.,0.,1.));
#9671=DIRECTION('center_axis',(-1.,0.,0.));
#9672=DIRECTION('ref_axis',(0.,-1.,0.));
#9673=DIRECTION('',(0.,-1.,0.));
#9674=DIRECTION('',(0.,0.,1.));
#9675=DIRECTION('center_axis',(0.,1.,0.));
#9676=DIRECTION('ref_axis',(-1.,0.,0.));
#9677=DIRECTION('',(-1.,0.,0.));
#9678=DIRECTION('',(0.,0.,1.));
#9679=DIRECTION('center_axis',(0.,0.,1.));
#9680=DIRECTION('ref_axis',(1.,0.,0.));
#9681=DIRECTION('',(0.,-1.,0.));
#9682=DIRECTION('center_axis',(0.,1.,0.));
#9683=DIRECTION('ref_axis',(-1.,0.,0.));
#9684=DIRECTION('',(0.,0.,-1.));
#9685=DIRECTION('',(-1.,0.,0.));
#9686=DIRECTION('',(0.,0.,1.));
#9687=DIRECTION('center_axis',(1.,0.,0.));
#9688=DIRECTION('ref_axis',(0.,1.,0.));
#9689=DIRECTION('',(0.,1.,0.));
#9690=DIRECTION('',(0.,0.,1.));
#9691=DIRECTION('center_axis',(0.,-1.,0.));
#9692=DIRECTION('ref_axis',(1.,0.,0.));
#9693=DIRECTION('',(0.,0.,1.));
#9694=DIRECTION('',(1.,0.,0.));
#9695=DIRECTION('center_axis',(0.,0.,1.));
#9696=DIRECTION('ref_axis',(1.,0.,0.));
#9697=DIRECTION('',(0.,1.,0.));
#9698=DIRECTION('center_axis',(0.,1.,0.));
#9699=DIRECTION('ref_axis',(-1.,0.,0.));
#9700=DIRECTION('',(0.,0.,-1.));
#9701=DIRECTION('',(-1.,0.,0.));
#9702=DIRECTION('',(0.,0.,1.));
#9703=DIRECTION('center_axis',(1.,0.,0.));
#9704=DIRECTION('ref_axis',(0.,1.,0.));
#9705=DIRECTION('',(0.,1.,0.));
#9706=DIRECTION('',(0.,0.,1.));
#9707=DIRECTION('center_axis',(0.,-1.,0.));
#9708=DIRECTION('ref_axis',(1.,0.,0.));
#9709=DIRECTION('',(0.,0.,1.));
#9710=DIRECTION('',(1.,0.,0.));
#9711=DIRECTION('center_axis',(0.,0.,1.));
#9712=DIRECTION('ref_axis',(1.,0.,0.));
#9713=DIRECTION('',(0.,1.,0.));
#9714=DIRECTION('center_axis',(0.,1.,0.));
#9715=DIRECTION('ref_axis',(-1.,0.,0.));
#9716=DIRECTION('',(0.,0.,-1.));
#9717=DIRECTION('',(-1.,0.,0.));
#9718=DIRECTION('',(0.,0.,1.));
#9719=DIRECTION('center_axis',(1.,0.,0.));
#9720=DIRECTION('ref_axis',(0.,1.,0.));
#9721=DIRECTION('',(0.,1.,0.));
#9722=DIRECTION('',(0.,0.,1.));
#9723=DIRECTION('center_axis',(0.,-1.,0.));
#9724=DIRECTION('ref_axis',(1.,0.,0.));
#9725=DIRECTION('',(0.,0.,1.));
#9726=DIRECTION('',(1.,0.,0.));
#9727=DIRECTION('center_axis',(0.,0.,1.));
#9728=DIRECTION('ref_axis',(1.,0.,0.));
#9729=DIRECTION('',(0.,1.,0.));
#9730=DIRECTION('center_axis',(0.,1.,0.));
#9731=DIRECTION('ref_axis',(-1.,0.,0.));
#9732=DIRECTION('',(0.,0.,-1.));
#9733=DIRECTION('',(-1.,0.,0.));
#9734=DIRECTION('',(0.,0.,1.));
#9735=DIRECTION('center_axis',(1.,0.,0.));
#9736=DIRECTION('ref_axis',(0.,1.,0.));
#9737=DIRECTION('',(0.,1.,0.));
#9738=DIRECTION('',(0.,0.,1.));
#9739=DIRECTION('center_axis',(0.,-1.,0.));
#9740=DIRECTION('ref_axis',(1.,0.,0.));
#9741=DIRECTION('',(0.,0.,1.));
#9742=DIRECTION('',(1.,0.,0.));
#9743=DIRECTION('center_axis',(0.,0.,1.));
#9744=DIRECTION('ref_axis',(1.,0.,0.));
#9745=DIRECTION('',(0.,1.,0.));
#9746=DIRECTION('center_axis',(1.,0.,0.));
#9747=DIRECTION('ref_axis',(0.,1.,0.));
#9748=DIRECTION('',(0.,0.,1.));
#9749=DIRECTION('',(0.,0.,1.));
#9750=DIRECTION('center_axis',(0.,-1.,0.));
#9751=DIRECTION('ref_axis',(1.,0.,0.));
#9752=DIRECTION('',(0.,0.,1.));
#9753=DIRECTION('center_axis',(-1.,0.,0.));
#9754=DIRECTION('ref_axis',(0.,-1.,0.));
#9755=DIRECTION('',(0.,0.,1.));
#9756=DIRECTION('center_axis',(0.,1.,0.));
#9757=DIRECTION('ref_axis',(-1.,0.,0.));
#9758=DIRECTION('center_axis',(0.,0.,1.));
#9759=DIRECTION('ref_axis',(1.,0.,0.));
#9760=DIRECTION('center_axis',(0.,0.,1.));
#9761=DIRECTION('ref_axis',(1.,0.,0.));
#9762=DIRECTION('',(-1.,0.,0.));
#9763=DIRECTION('',(0.,-1.,0.));
#9764=DIRECTION('',(1.,0.,0.));
#9765=DIRECTION('',(0.,-1.,0.));
#9766=DIRECTION('',(-1.,0.,0.));
#9767=DIRECTION('',(0.,1.,0.));
#9768=DIRECTION('',(1.,0.,0.));
#9769=DIRECTION('',(0.,-1.,0.));
#9770=DIRECTION('',(-0.447213595499958,-0.894427190999916,0.));
#9771=DIRECTION('',(2.3373116307898E-16,-1.,0.));
#9772=DIRECTION('',(-1.,0.,0.));
#9773=DIRECTION('',(0.,1.,0.));
#9774=DIRECTION('',(1.,0.,0.));
#9775=DIRECTION('',(0.,-1.,0.));
#9776=DIRECTION('',(-1.,0.,0.));
#9777=DIRECTION('',(0.,1.,0.));
#9778=DIRECTION('',(1.,0.,0.));
#9779=DIRECTION('',(0.,-1.,0.));
#9780=DIRECTION('',(-1.,0.,0.));
#9781=DIRECTION('',(0.,1.,0.));
#9782=DIRECTION('center_axis',(-1.,0.,0.));
#9783=DIRECTION('ref_axis',(0.,0.707106781186548,0.707106781186548));
#9784=DIRECTION('center_axis',(1.,1.82602471155453E-16,0.));
#9785=DIRECTION('ref_axis',(-1.29119445615442E-16,0.707106781186548,0.707106781186548));
#9786=DIRECTION('',(1.,0.,0.));
#9787=DIRECTION('center_axis',(-1.,0.,0.));
#9788=DIRECTION('ref_axis',(0.,0.707106781186548,0.707106781186548));
#9789=DIRECTION('',(-1.,0.,0.));
#9790=DIRECTION('center_axis',(1.,1.82602471155453E-16,0.));
#9791=DIRECTION('ref_axis',(0.,0.,-1.));
#9792=DIRECTION('',(0.,0.,-1.));
#9793=DIRECTION('',(0.,0.,-1.));
#9794=DIRECTION('',(-1.82602471155453E-16,1.,-4.80616027976258E-17));
#9795=DIRECTION('',(0.,0.,1.));
#9796=DIRECTION('',(1.82602471155453E-16,-1.,1.44184808392877E-16));
#9797=DIRECTION('',(0.,0.,-1.));
#9798=DIRECTION('',(2.3373116307898E-16,-1.,0.));
#9799=DIRECTION('center_axis',(0.,-1.,0.));
#9800=DIRECTION('ref_axis',(0.,0.,-1.));
#9801=DIRECTION('',(1.,0.,0.));
#9802=DIRECTION('',(-1.,0.,0.));
#9803=DIRECTION('',(0.,0.,-1.));
#9804=DIRECTION('',(-1.,0.,0.));
#9805=DIRECTION('',(0.,0.,-1.));
#9806=DIRECTION('',(0.,0.,1.));
#9807=DIRECTION('',(-1.,0.,0.));
#9808=DIRECTION('',(0.,0.,-1.));
#9809=DIRECTION('center_axis',(-1.,0.,0.));
#9810=DIRECTION('ref_axis',(0.,0.707106781186548,0.707106781186548));
#9811=DIRECTION('center_axis',(1.,0.,0.));
#9812=DIRECTION('ref_axis',(0.,0.707106781186548,0.707106781186548));
#9813=DIRECTION('',(1.,0.,0.));
#9814=DIRECTION('center_axis',(-0.707106781186548,0.707106781186547,7.85046229341887E-15));
#9815=DIRECTION('ref_axis',(0.707106781186547,0.707106781186548,7.85046229341887E-15));
#9816=DIRECTION('center_axis',(0.,1.,0.));
#9817=DIRECTION('ref_axis',(0.707106781186547,0.,0.707106781186548));
#9818=DIRECTION('',(0.,-1.,0.));
#9819=DIRECTION('center_axis',(0.,1.,0.));
#9820=DIRECTION('ref_axis',(-6.93889390390722E-16,0.,1.));
#9821=DIRECTION('',(0.,1.,0.));
#9822=DIRECTION('center_axis',(-1.,0.,0.));
#9823=DIRECTION('ref_axis',(0.,0.,1.));
#9824=DIRECTION('center_axis',(0.,0.,1.));
#9825=DIRECTION('ref_axis',(0.,-1.,0.));
#9826=DIRECTION('center_axis',(-1.,0.,0.));
#9827=DIRECTION('ref_axis',(0.,-0.707106781186548,0.707106781186548));
#9828=DIRECTION('center_axis',(1.,0.,0.));
#9829=DIRECTION('ref_axis',(0.,-0.707106781186547,0.707106781186547));
#9830=DIRECTION('center_axis',(0.,0.,-1.));
#9831=DIRECTION('ref_axis',(0.707106781186548,-0.707106781186548,0.));
#9832=DIRECTION('center_axis',(0.,0.,-1.));
#9833=DIRECTION('ref_axis',(0.707106781186548,-0.707106781186548,0.));
#9834=DIRECTION('',(0.,0.,1.));
#9835=DIRECTION('',(0.,0.,-1.));
#9836=DIRECTION('center_axis',(1.,0.,0.));
#9837=DIRECTION('ref_axis',(0.,-1.,0.));
#9838=DIRECTION('',(0.,-1.,0.));
#9839=DIRECTION('',(0.,0.,-1.));
#9840=DIRECTION('',(0.,-1.,0.));
#9841=DIRECTION('center_axis',(-1.,0.,0.));
#9842=DIRECTION('ref_axis',(0.,0.,1.));
#9843=DIRECTION('',(0.,1.,0.));
#9844=DIRECTION('',(0.,0.,1.));
#9845=DIRECTION('',(0.,0.,1.));
#9846=DIRECTION('',(0.,1.,0.));
#9847=DIRECTION('center_axis',(1.,0.,0.));
#9848=DIRECTION('ref_axis',(0.,-0.707106781186548,0.707106781186548));
#9849=DIRECTION('center_axis',(1.,0.,0.));
#9850=DIRECTION('ref_axis',(0.,-0.707106781186548,0.707106781186548));
#9851=DIRECTION('',(1.,0.,0.));
#9852=DIRECTION('center_axis',(-1.,0.,0.));
#9853=DIRECTION('ref_axis',(0.,-0.707106781186548,0.707106781186548));
#9854=DIRECTION('',(-1.,0.,0.));
#9855=DIRECTION('center_axis',(-1.,0.,0.));
#9856=DIRECTION('ref_axis',(0.,1.,0.));
#9857=DIRECTION('',(0.,1.,0.));
#9858=DIRECTION('',(0.,0.,-1.));
#9859=DIRECTION('',(0.,1.,0.));
#9860=DIRECTION('center_axis',(0.,1.,0.));
#9861=DIRECTION('ref_axis',(0.,0.,1.));
#9862=DIRECTION('',(0.,0.,-1.));
#9863=DIRECTION('',(0.,0.,1.));
#9864=DIRECTION('',(1.,0.,0.));
#9865=DIRECTION('',(0.,0.,-1.));
#9866=DIRECTION('',(0.,0.,1.));
#9867=DIRECTION('',(1.,0.,0.));
#9868=DIRECTION('',(-1.,0.,0.));
#9869=DIRECTION('center_axis',(1.,0.,0.));
#9870=DIRECTION('ref_axis',(0.,-0.707106781186548,0.707106781186548));
#9871=DIRECTION('center_axis',(-1.,0.,0.));
#9872=DIRECTION('ref_axis',(0.,-0.707106781186548,0.707106781186548));
#9873=DIRECTION('',(-1.,0.,0.));
#9874=DIRECTION('center_axis',(1.,0.,0.));
#9875=DIRECTION('ref_axis',(0.,-0.707106781186548,0.707106781186548));
#9876=DIRECTION('center_axis',(1.,0.,0.));
#9877=DIRECTION('ref_axis',(0.,-1.,0.));
#9878=DIRECTION('',(0.,-1.,0.));
#9879=DIRECTION('',(0.,0.,-1.));
#9880=DIRECTION('',(0.,-1.,0.));
#9881=DIRECTION('center_axis',(1.,0.,0.));
#9882=DIRECTION('ref_axis',(0.,-0.707106781186547,0.707106781186547));
#9883=DIRECTION('',(-1.,0.,0.));
#9884=DIRECTION('center_axis',(-1.,0.,0.));
#9885=DIRECTION('ref_axis',(0.,-0.707106781186547,0.707106781186547));
#9886=DIRECTION('',(1.,0.,0.));
#9887=DIRECTION('center_axis',(0.,1.,0.));
#9888=DIRECTION('ref_axis',(1.,0.,0.));
#9889=DIRECTION('',(0.,0.,-1.));
#9890=DIRECTION('',(0.,0.,1.));
#9891=DIRECTION('',(1.,0.,0.));
#9892=DIRECTION('center_axis',(-1.,0.,0.));
#9893=DIRECTION('ref_axis',(0.,-1.,0.));
#9894=DIRECTION('',(0.,-1.,0.));
#9895=DIRECTION('',(0.,0.,1.));
#9896=DIRECTION('center_axis',(0.,1.,0.));
#9897=DIRECTION('ref_axis',(-1.,0.,0.));
#9898=DIRECTION('',(-1.,0.,0.));
#9899=DIRECTION('',(0.,0.,1.));
#9900=DIRECTION('center_axis',(1.,0.,0.));
#9901=DIRECTION('ref_axis',(0.,1.,0.));
#9902=DIRECTION('',(0.,1.,0.));
#9903=DIRECTION('center_axis',(0.,0.,1.));
#9904=DIRECTION('ref_axis',(1.,0.,0.));
#9905=DIRECTION('center_axis',(-1.,0.,0.));
#9906=DIRECTION('ref_axis',(0.,-1.,0.));
#9907=DIRECTION('',(0.,-1.,0.));
#9908=DIRECTION('',(0.,0.,1.));
#9909=DIRECTION('center_axis',(0.,1.,0.));
#9910=DIRECTION('ref_axis',(-1.,0.,0.));
#9911=DIRECTION('',(-1.,0.,0.));
#9912=DIRECTION('center_axis',(0.,0.,1.));
#9913=DIRECTION('ref_axis',(1.,0.,0.));
#9914=DIRECTION('center_axis',(1.,0.,0.));
#9915=DIRECTION('ref_axis',(0.,1.,0.));
#9916=DIRECTION('',(0.,1.,0.));
#9917=DIRECTION('',(0.,0.,1.));
#9918=DIRECTION('center_axis',(0.,-1.,0.));
#9919=DIRECTION('ref_axis',(1.,0.,0.));
#9920=DIRECTION('',(1.,0.,0.));
#9921=DIRECTION('',(0.,0.,1.));
#9922=DIRECTION('center_axis',(-1.,0.,0.));
#9923=DIRECTION('ref_axis',(0.,-1.,0.));
#9924=DIRECTION('',(0.,-1.,0.));
#9925=DIRECTION('center_axis',(0.,0.,1.));
#9926=DIRECTION('ref_axis',(1.,0.,0.));
#9927=DIRECTION('center_axis',(0.,-1.,0.));
#9928=DIRECTION('ref_axis',(1.,0.,0.));
#9929=DIRECTION('',(1.,0.,0.));
#9930=DIRECTION('',(0.,0.,1.));
#9931=DIRECTION('center_axis',(-1.,0.,0.));
#9932=DIRECTION('ref_axis',(0.,-1.,0.));
#9933=DIRECTION('',(0.,-1.,0.));
#9934=DIRECTION('center_axis',(0.,0.,1.));
#9935=DIRECTION('ref_axis',(1.,0.,0.));
#9936=DIRECTION('center_axis',(-1.,0.,0.));
#9937=DIRECTION('ref_axis',(0.,1.,0.));
#9938=DIRECTION('',(0.,1.,0.));
#9939=DIRECTION('center_axis',(0.,1.,0.));
#9940=DIRECTION('ref_axis',(1.,0.,0.));
#9941=DIRECTION('',(1.,0.,0.));
#9942=DIRECTION('',(0.,0.,-1.));
#9943=DIRECTION('',(1.,0.,0.));
#9944=DIRECTION('center_axis',(-0.707106781186548,0.707106781186548,0.));
#9945=DIRECTION('ref_axis',(0.707106781186548,0.707106781186548,0.));
#9946=DIRECTION('',(0.707106781186547,0.707106781186547,0.));
#9947=DIRECTION('',(0.,0.,-1.));
#9948=DIRECTION('',(0.707106781186547,0.707106781186547,0.));
#9949=DIRECTION('center_axis',(0.,1.,0.));
#9950=DIRECTION('ref_axis',(1.,0.,0.));
#9951=DIRECTION('',(1.,0.,0.));
#9952=DIRECTION('',(0.,0.,-1.));
#9953=DIRECTION('',(1.,0.,0.));
#9954=DIRECTION('center_axis',(-1.,0.,0.));
#9955=DIRECTION('ref_axis',(0.,1.,0.));
#9956=DIRECTION('',(0.,1.,0.));
#9957=DIRECTION('',(0.,0.,-1.));
#9958=DIRECTION('',(0.,1.,0.));
#9959=DIRECTION('center_axis',(0.,-1.,0.));
#9960=DIRECTION('ref_axis',(-1.,0.,0.));
#9961=DIRECTION('',(-1.,0.,0.));
#9962=DIRECTION('',(0.,0.,-1.));
#9963=DIRECTION('',(-1.,0.,0.));
#9964=DIRECTION('center_axis',(0.707106781186548,-0.707106781186548,0.));
#9965=DIRECTION('ref_axis',(-0.707106781186548,-0.707106781186548,0.));
#9966=DIRECTION('',(-0.707106781186547,-0.707106781186547,0.));
#9967=DIRECTION('',(0.,0.,-1.));
#9968=DIRECTION('',(-0.707106781186547,-0.707106781186547,0.));
#9969=DIRECTION('center_axis',(0.,-1.,0.));
#9970=DIRECTION('ref_axis',(-1.,0.,0.));
#9971=DIRECTION('',(-1.,0.,0.));
#9972=DIRECTION('',(0.,0.,-1.));
#9973=DIRECTION('',(-1.,0.,0.));
#9974=DIRECTION('center_axis',(-1.,0.,0.));
#9975=DIRECTION('ref_axis',(0.,1.,0.));
#9976=DIRECTION('',(0.,1.,0.));
#9977=DIRECTION('',(0.,0.,-1.));
#9978=DIRECTION('',(0.,1.,0.));
#9979=DIRECTION('center_axis',(-1.20676415720126E-16,1.,0.));
#9980=DIRECTION('ref_axis',(1.,1.20676415720126E-16,0.));
#9981=DIRECTION('',(1.,1.20676415720126E-16,0.));
#9982=DIRECTION('',(1.,1.20676415720126E-16,0.));
#9983=DIRECTION('center_axis',(0.,0.,-1.));
#9984=DIRECTION('ref_axis',(-1.,0.,0.));
#9985=DIRECTION('center_axis',(0.,0.,-1.));
#9986=DIRECTION('ref_axis',(-1.,0.,0.));
#9987=DIRECTION('',(0.,1.,0.));
#9988=DIRECTION('',(-1.,0.,0.));
#9989=DIRECTION('',(0.,1.,0.));
#9990=DIRECTION('',(-1.,0.,0.));
#9991=DIRECTION('center_axis',(-1.,0.,0.));
#9992=DIRECTION('ref_axis',(0.,1.,0.));
#9993=DIRECTION('',(0.,1.,0.));
#9994=DIRECTION('',(0.,0.,-1.));
#9995=DIRECTION('',(0.,-1.,1.44184808392877E-16));
#9996=DIRECTION('',(0.,0.,1.));
#9997=DIRECTION('center_axis',(0.,-1.,0.));
#9998=DIRECTION('ref_axis',(-1.,0.,0.));
#9999=DIRECTION('',(0.,0.,-1.));
#10000=DIRECTION('',(1.,0.,0.));
#10001=DIRECTION('',(-1.,0.,0.));
#10002=DIRECTION('center_axis',(1.,0.,0.));
#10003=DIRECTION('ref_axis',(0.,0.,-1.));
#10004=DIRECTION('',(0.,0.,1.));
#10005=DIRECTION('',(0.,1.,-4.80616027976258E-17));
#10006=DIRECTION('',(0.,0.,-1.));
#10007=DIRECTION('',(0.,-1.,1.44184808392877E-16));
#10008=DIRECTION('center_axis',(0.,1.,0.));
#10009=DIRECTION('ref_axis',(0.,0.,1.));
#10010=DIRECTION('',(1.,0.,0.));
#10011=DIRECTION('',(1.,0.,0.));
#10012=DIRECTION('center_axis',(0.,-4.80616027976258E-17,-1.));
#10013=DIRECTION('ref_axis',(0.,1.,-4.80616027976258E-17));
#10014=DIRECTION('',(0.447213595499958,0.894427190999916,-4.29876043852342E-17));
#10015=DIRECTION('',(0.,1.,-4.80616027976258E-17));
#10016=DIRECTION('',(1.,0.,0.));
#10017=DIRECTION('center_axis',(0.,-1.,0.));
#10018=DIRECTION('ref_axis',(0.,0.,-1.));
#10019=DIRECTION('',(0.,0.,-1.));
#10020=DIRECTION('',(1.,0.,0.));
#10021=DIRECTION('center_axis',(0.,1.44184808392877E-16,1.));
#10022=DIRECTION('ref_axis',(0.,-1.,1.44184808392877E-16));
#10023=DIRECTION('',(0.,-1.,1.44184808392877E-16));
#10024=DIRECTION('',(-0.447213595499958,-0.894427190999916,1.28962813155702E-16));
#10025=DIRECTION('center_axis',(0.894427190999916,-0.447213595499958,0.));
#10026=DIRECTION('ref_axis',(0.,0.,-1.));
#10027=DIRECTION('',(0.,0.,-1.));
#10028=DIRECTION('',(-0.447213595499958,-0.894427190999916,0.));
#10029=DIRECTION('center_axis',(0.894427190999916,-0.447213595499958,0.));
#10030=DIRECTION('ref_axis',(0.,0.,-1.));
#10031=DIRECTION('',(0.,0.,-1.));
#10032=DIRECTION('center_axis',(1.,0.,0.));
#10033=DIRECTION('ref_axis',(0.,0.,-1.));
#10034=DIRECTION('',(0.,-1.,0.));
#10035=DIRECTION('center_axis',(0.,0.,1.));
#10036=DIRECTION('ref_axis',(1.,0.,0.));
#10037=DIRECTION('axis',(0.,0.,1.));
#10038=DIRECTION('refdir',(1.,0.,0.));
#10039=DIRECTION('center_axis',(0.,1.,0.));
#10040=DIRECTION('ref_axis',(0.,0.,1.));
#10041=DIRECTION('',(-1.,0.,0.));
#10042=DIRECTION('',(-0.523661280051143,0.,0.851926560083203));
#10043=DIRECTION('',(0.,0.,1.));
#10044=DIRECTION('',(1.,0.,0.));
#10045=DIRECTION('',(0.,0.,1.));
#10046=DIRECTION('',(1.,0.,0.));
#10047=DIRECTION('',(0.,0.,-1.));
#10048=DIRECTION('',(1.,0.,0.));
#10049=DIRECTION('',(0.,0.,-1.));
#10050=DIRECTION('',(-1.,0.,0.));
#10051=DIRECTION('',(0.,0.,-1.));
#10052=DIRECTION('',(0.519079975846891,0.,-0.854725674514807));
#10053=DIRECTION('',(0.,0.,1.));
#10054=DIRECTION('',(-1.,0.,0.));
#10055=DIRECTION('center_axis',(0.,1.,0.));
#10056=DIRECTION('ref_axis',(0.,0.,1.));
#10057=DIRECTION('center_axis',(0.,1.,0.));
#10058=DIRECTION('ref_axis',(0.,0.,1.));
#10059=DIRECTION('',(1.,0.,0.));
#10060=DIRECTION('',(0.,0.,1.));
#10061=DIRECTION('',(1.,0.,0.));
#10062=DIRECTION('',(0.,0.,-1.));
#10063=DIRECTION('',(-1.,0.,0.));
#10064=DIRECTION('',(0.664363838829916,0.,-0.747409318683663));
#10065=DIRECTION('center_axis',(0.,1.,0.));
#10066=DIRECTION('ref_axis',(0.,0.,1.));
#10067=DIRECTION('',(-1.,0.,0.));
#10068=DIRECTION('center_axis',(0.,1.,0.));
#10069=DIRECTION('ref_axis',(0.,0.,1.));
#10070=DIRECTION('center_axis',(0.,1.,0.));
#10071=DIRECTION('ref_axis',(0.,0.,1.));
#10072=DIRECTION('',(0.,0.,1.));
#10073=DIRECTION('',(0.,0.,-1.));
#10074=DIRECTION('',(0.,0.,1.));
#10075=DIRECTION('',(0.,0.,-1.));
#10076=DIRECTION('center_axis',(0.,1.,0.));
#10077=DIRECTION('ref_axis',(0.,0.,1.));
#10078=DIRECTION('center_axis',(0.,1.,0.));
#10079=DIRECTION('ref_axis',(0.,0.,1.));
#10080=DIRECTION('',(1.,0.,0.));
#10081=DIRECTION('',(-1.,0.,0.));
#10082=DIRECTION('',(0.,0.,1.));
#10083=DIRECTION('',(1.,0.,0.));
#10084=DIRECTION('',(0.,0.,-1.));
#10085=DIRECTION('',(-1.,0.,0.));
#10086=DIRECTION('',(0.,0.,1.));
#10087=DIRECTION('center_axis',(0.,1.,0.));
#10088=DIRECTION('ref_axis',(0.,0.,1.));
#10089=DIRECTION('',(-1.,0.,0.));
#10090=DIRECTION('',(0.,0.,1.));
#10091=DIRECTION('',(1.,0.,0.));
#10092=DIRECTION('',(0.,0.,-1.));
#10093=DIRECTION('center_axis',(0.,1.,0.));
#10094=DIRECTION('ref_axis',(0.,0.,1.));
#10095=DIRECTION('',(1.,0.,0.));
#10096=DIRECTION('',(-1.,0.,0.));
#10097=DIRECTION('',(0.,0.,1.));
#10098=DIRECTION('',(1.,0.,0.));
#10099=DIRECTION('',(0.,0.,-1.));
#10100=DIRECTION('',(-1.,0.,0.));
#10101=DIRECTION('',(0.,0.,1.));
#10102=DIRECTION('center_axis',(0.,1.,0.));
#10103=DIRECTION('ref_axis',(0.,0.,1.));
#10104=DIRECTION('',(-1.,0.,0.));
#10105=DIRECTION('',(0.,0.,1.));
#10106=DIRECTION('',(1.,0.,0.));
#10107=DIRECTION('',(-0.300997981241715,0.,0.953624776989573));
#10108=DIRECTION('',(1.,0.,0.));
#10109=DIRECTION('',(0.306629464075347,0.,-0.951828961400558));
#10110=DIRECTION('',(0.,0.,-1.));
#10111=DIRECTION('center_axis',(0.,1.,0.));
#10112=DIRECTION('ref_axis',(0.,0.,1.));
#10113=DIRECTION('',(-1.,0.,0.));
#10114=DIRECTION('',(0.,0.,1.));
#10115=DIRECTION('',(1.,0.,0.));
#10116=DIRECTION('',(0.,0.,1.));
#10117=DIRECTION('',(1.,0.,0.));
#10118=DIRECTION('',(0.,0.,-1.));
#10119=DIRECTION('',(-1.,0.,0.));
#10120=DIRECTION('center_axis',(0.,1.,0.));
#10121=DIRECTION('ref_axis',(0.,0.,1.));
#10122=DIRECTION('',(-1.,0.,0.));
#10123=DIRECTION('',(0.,0.,1.));
#10124=DIRECTION('',(1.,0.,0.));
#10125=DIRECTION('',(0.,0.,1.));
#10126=DIRECTION('',(1.,0.,0.));
#10127=DIRECTION('',(0.,0.,-1.));
#10128=DIRECTION('',(-1.,0.,0.));
#10129=DIRECTION('center_axis',(0.,1.,0.));
#10130=DIRECTION('ref_axis',(0.,0.,1.));
#10131=DIRECTION('',(-1.,0.,0.));
#10132=DIRECTION('',(0.,0.,1.));
#10133=DIRECTION('',(1.,0.,0.));
#10134=DIRECTION('',(0.,0.,1.));
#10135=DIRECTION('',(1.,0.,0.));
#10136=DIRECTION('',(0.,0.,-1.));
#10137=DIRECTION('',(-1.,0.,0.));
#10138=DIRECTION('center_axis',(0.,1.,0.));
#10139=DIRECTION('ref_axis',(0.,0.,1.));
#10140=DIRECTION('',(-1.,0.,0.));
#10141=DIRECTION('',(1.,0.,0.));
#10142=DIRECTION('center_axis',(0.,1.,0.));
#10143=DIRECTION('ref_axis',(0.,0.,1.));
#10144=DIRECTION('',(-1.,0.,0.));
#10145=DIRECTION('',(0.,0.,1.));
#10146=DIRECTION('',(1.,0.,0.));
#10147=DIRECTION('',(0.,0.,-1.));
#10148=DIRECTION('',(0.331312718508754,0.,0.943521002709711));
#10149=DIRECTION('',(1.,0.,0.));
#10150=DIRECTION('',(0.327027973395129,0.,-0.945014658413865));
#10151=DIRECTION('',(0.,0.,1.));
#10152=DIRECTION('',(1.,0.,0.));
#10153=DIRECTION('',(0.,0.,-1.));
#10154=DIRECTION('',(-1.,0.,0.));
#10155=DIRECTION('',(-0.326866496661462,0.,0.945070522955966));
#10156=DIRECTION('',(-0.326866496661462,0.,-0.945070522955966));
#10157=DIRECTION('center_axis',(0.,1.,0.));
#10158=DIRECTION('ref_axis',(0.,0.,1.));
#10159=DIRECTION('',(-0.365818809973838,0.,0.930686090080498));
#10160=DIRECTION('',(1.,0.,0.));
#10161=DIRECTION('',(0.374004939800625,0.,-0.927426711392728));
#10162=DIRECTION('',(1.,0.,0.));
#10163=DIRECTION('',(0.374004939800624,0.,0.927426711392729));
#10164=DIRECTION('',(1.,0.,0.));
#10165=DIRECTION('',(-0.365818809973837,0.,-0.930686090080498));
#10166=DIRECTION('',(-1.,0.,0.));
#10167=DIRECTION('',(0.352609234174338,0.,-0.935770659924207));
#10168=DIRECTION('',(0.352609234174339,0.,0.935770659924207));
#10169=DIRECTION('',(-1.,0.,0.));
#10170=DIRECTION('center_axis',(0.,1.,0.));
#10171=DIRECTION('ref_axis',(0.,0.,1.));
#10172=DIRECTION('center_axis',(0.,0.224951054343866,0.974370064785235));
#10173=DIRECTION('ref_axis',(1.,0.,0.));
#10174=DIRECTION('',(0.219466743499904,-0.950614904677543,0.219466743499905));
#10175=DIRECTION('',(1.,0.,0.));
#10176=DIRECTION('',(-0.219466743499905,-0.950614904677543,0.219466743499905));
#10177=DIRECTION('',(1.,0.,0.));
#10178=DIRECTION('',(-1.77339029578701E-15,-0.974370064785235,0.224951054343865));
#10179=DIRECTION('',(1.,0.,6.75467548167958E-15));
#10180=DIRECTION('',(-8.86695147893512E-16,-0.974370064785235,0.224951054343866));
#10181=DIRECTION('',(1.,0.,0.));
#10182=DIRECTION('',(0.,0.974370064785235,-0.224951054343865));
#10183=DIRECTION('',(-1.,0.,0.));
#10184=DIRECTION('',(0.,0.974370064785235,-0.224951054343865));
#10185=DIRECTION('',(1.,0.,0.));
#10186=DIRECTION('',(0.,0.974370064785235,-0.224951054343865));
#10187=DIRECTION('',(-1.,0.,0.));
#10188=DIRECTION('',(0.,0.974370064785235,-0.224951054343865));
#10189=DIRECTION('',(1.,0.,0.));
#10190=DIRECTION('center_axis',(0.,0.224951054343866,-0.974370064785235));
#10191=DIRECTION('ref_axis',(-1.,0.,0.));
#10192=DIRECTION('',(-0.219466743499904,-0.950614904677543,-0.219466743499904));
#10193=DIRECTION('',(-1.,0.,0.));
#10194=DIRECTION('',(0.219466743499904,-0.950614904677543,-0.219466743499904));
#10195=DIRECTION('',(-1.,0.,0.));
#10196=DIRECTION('',(0.,-0.974370064785235,-0.224951054343865));
#10197=DIRECTION('',(-1.,0.,0.));
#10198=DIRECTION('',(0.,-0.974370064785235,-0.224951054343865));
#10199=DIRECTION('',(-1.,0.,0.));
#10200=DIRECTION('center_axis',(0.974370064785235,0.224951054343866,0.));
#10201=DIRECTION('ref_axis',(0.,0.,-1.));
#10202=DIRECTION('',(0.,0.,-1.));
#10203=DIRECTION('',(0.,0.,-1.));
#10204=DIRECTION('center_axis',(-0.974370064785235,0.224951054343866,2.41121629910412E-16));
#10205=DIRECTION('ref_axis',(2.48425039760267E-16,4.16220398612988E-18,
1.));
#10206=DIRECTION('',(3.67320660920216E-16,0.,1.));
#10207=DIRECTION('',(1.58377036323132E-16,0.,1.));
#10208=DIRECTION('center_axis',(0.,1.,0.));
#10209=DIRECTION('ref_axis',(0.,0.,1.));
#10210=DIRECTION('',(1.,0.,0.));
#10211=DIRECTION('',(-2.10849189803445E-16,0.,-1.));
#10212=DIRECTION('',(-1.,0.,0.));
#10213=DIRECTION('',(0.,0.,1.));
#10214=DIRECTION('center_axis',(0.974370064785235,-0.224951054343866,0.));
#10215=DIRECTION('ref_axis',(0.,0.,-1.));
#10216=DIRECTION('',(0.219466743499904,0.950614904677543,0.219466743499905));
#10217=DIRECTION('',(0.,0.,-1.));
#10218=DIRECTION('',(0.219466743499904,0.950614904677543,-0.219466743499904));
#10219=DIRECTION('center_axis',(0.,-0.224951054343866,0.974370064785235));
#10220=DIRECTION('ref_axis',(1.,0.,0.));
#10221=DIRECTION('',(-0.219466743499905,0.950614904677543,0.219466743499904));
#10222=DIRECTION('',(1.,0.,0.));
#10223=DIRECTION('',(-1.,0.,0.));
#10224=DIRECTION('',(-1.,0.,0.));
#10225=DIRECTION('',(1.,0.,7.36873688910502E-15));
#10226=DIRECTION('center_axis',(-0.974370064785235,-0.224951054343866,2.41121629910412E-16));
#10227=DIRECTION('ref_axis',(2.48425039760267E-16,-4.16220398612988E-18,
1.));
#10228=DIRECTION('',(-0.219466743499904,0.950614904677543,-0.219466743499905));
#10229=DIRECTION('',(3.36478955761446E-16,0.,1.));
#10230=DIRECTION('center_axis',(0.,-0.224951054343866,-0.974370064785235));
#10231=DIRECTION('ref_axis',(-1.,0.,0.));
#10232=DIRECTION('',(-1.,0.,0.));
#10233=DIRECTION('',(-1.,0.,0.));
#10234=DIRECTION('center_axis',(0.,1.,0.));
#10235=DIRECTION('ref_axis',(0.,0.,1.));
#10236=DIRECTION('',(1.,0.,0.));
#10237=DIRECTION('',(3.8154828654478E-16,0.,1.));
#10238=DIRECTION('',(-1.,0.,0.));
#10239=DIRECTION('',(0.,0.,-1.));
#10240=DIRECTION('center_axis',(0.,-0.858234414055046,-0.513257918138232));
#10241=DIRECTION('ref_axis',(-1.,0.,0.));
#10242=DIRECTION('',(0.,-0.513257918138232,0.858234414055046));
#10243=DIRECTION('',(-1.,0.,0.));
#10244=DIRECTION('',(0.,-0.513257918138232,0.858234414055046));
#10245=DIRECTION('',(-1.,0.,0.));
#10246=DIRECTION('center_axis',(0.,-0.990268068741571,-0.139173100960059));
#10247=DIRECTION('ref_axis',(0.,0.139173100960059,-0.990268068741571));
#10248=DIRECTION('',(0.,-0.139173100960059,0.990268068741571));
#10249=DIRECTION('',(-1.,0.,0.));
#10250=DIRECTION('',(0.,-0.139173100960059,0.990268068741571));
#10251=DIRECTION('',(-1.,0.,0.));
#10252=DIRECTION('center_axis',(0.,0.,-1.));
#10253=DIRECTION('ref_axis',(-1.,0.,0.));
#10254=DIRECTION('',(0.,-1.,0.));
#10255=DIRECTION('',(-1.,0.,0.));
#10256=DIRECTION('',(0.,-1.,0.));
#10257=DIRECTION('center_axis',(0.,0.990268068741571,0.139173100960059));
#10258=DIRECTION('ref_axis',(0.,-0.139173100960059,0.990268068741571));
#10259=DIRECTION('',(0.,0.139173100960059,-0.990268068741571));
#10260=DIRECTION('',(-1.,0.,0.));
#10261=DIRECTION('',(0.,0.139173100960059,-0.990268068741571));
#10262=DIRECTION('center_axis',(0.,0.858234414055046,0.513257918138232));
#10263=DIRECTION('ref_axis',(1.,0.,0.));
#10264=DIRECTION('',(0.,0.513257918138232,-0.858234414055046));
#10265=DIRECTION('',(-1.,0.,0.));
#10266=DIRECTION('',(0.,0.513257918138232,-0.858234414055046));
#10267=DIRECTION('',(-1.,0.,0.));
#10268=DIRECTION('center_axis',(0.,1.,1.50624868343263E-17));
#10269=DIRECTION('ref_axis',(0.,-1.50624868343263E-17,1.));
#10270=DIRECTION('',(0.,1.50624868343263E-17,-1.));
#10271=DIRECTION('',(-1.,0.,0.));
#10272=DIRECTION('',(0.,1.50624868343263E-17,-1.));
#10273=DIRECTION('center_axis',(0.,-1.,2.07531270431067E-16));
#10274=DIRECTION('ref_axis',(0.,-2.07531270431067E-16,-1.));
#10275=DIRECTION('',(0.,3.36884139706174E-16,1.));
#10276=DIRECTION('',(-1.,0.,0.));
#10277=DIRECTION('',(0.,3.36884139706174E-16,1.));
#10278=DIRECTION('center_axis',(1.,0.,0.));
#10279=DIRECTION('ref_axis',(0.,0.,-1.));
#10280=DIRECTION('center_axis',(1.,0.,0.));
#10281=DIRECTION('ref_axis',(0.,0.,-1.));
#10282=DIRECTION('center_axis',(1.,0.,0.));
#10283=DIRECTION('ref_axis',(0.,0.,-1.));
#10284=DIRECTION('center_axis',(1.,0.,0.));
#10285=DIRECTION('ref_axis',(0.,0.,-1.));
#10286=DIRECTION('center_axis',(1.,0.,0.));
#10287=DIRECTION('ref_axis',(0.,0.,-1.));
#10288=DIRECTION('center_axis',(1.,0.,0.));
#10289=DIRECTION('ref_axis',(0.,0.,-1.));
#10290=DIRECTION('center_axis',(1.,0.,0.));
#10291=DIRECTION('ref_axis',(0.,0.,-1.));
#10292=DIRECTION('center_axis',(1.,0.,0.));
#10293=DIRECTION('ref_axis',(0.,0.,-1.));
#10294=DIRECTION('center_axis',(1.,0.,0.));
#10295=DIRECTION('ref_axis',(0.,0.,-1.));
#10296=DIRECTION('center_axis',(1.,0.,0.));
#10297=DIRECTION('ref_axis',(0.,0.,-1.));
#10298=DIRECTION('center_axis',(0.,0.858234414055046,-0.513257918138232));
#10299=DIRECTION('ref_axis',(-1.,0.,0.));
#10300=DIRECTION('',(-1.,0.,0.));
#10301=DIRECTION('',(0.,0.513257918138232,0.858234414055046));
#10302=DIRECTION('',(-1.,0.,0.));
#10303=DIRECTION('',(0.,0.513257918138232,0.858234414055046));
#10304=DIRECTION('center_axis',(0.,1.,2.07531270431067E-16));
#10305=DIRECTION('ref_axis',(0.,-2.07531270431067E-16,1.));
#10306=DIRECTION('',(0.,-2.65640026151766E-16,1.));
#10307=DIRECTION('',(0.,-2.65640026151766E-16,1.));
#10308=DIRECTION('center_axis',(0.,-1.,1.50624868343263E-17));
#10309=DIRECTION('ref_axis',(0.,-1.50624868343263E-17,-1.));
#10310=DIRECTION('',(0.,-1.50624868343263E-17,-1.));
#10311=DIRECTION('',(-1.,0.,0.));
#10312=DIRECTION('',(0.,-1.50624868343263E-17,-1.));
#10313=DIRECTION('center_axis',(0.,-0.858234414055046,0.513257918138232));
#10314=DIRECTION('ref_axis',(1.,0.,0.));
#10315=DIRECTION('',(0.,-0.513257918138232,-0.858234414055046));
#10316=DIRECTION('',(-1.,0.,0.));
#10317=DIRECTION('',(0.,-0.513257918138232,-0.858234414055046));
#10318=DIRECTION('',(-1.,0.,0.));
#10319=DIRECTION('center_axis',(0.,-0.990268068741571,0.139173100960059));
#10320=DIRECTION('ref_axis',(0.,-0.139173100960059,-0.990268068741571));
#10321=DIRECTION('',(0.,-0.139173100960059,-0.990268068741571));
#10322=DIRECTION('',(-1.,0.,0.));
#10323=DIRECTION('',(0.,-0.139173100960059,-0.990268068741571));
#10324=DIRECTION('',(-1.,0.,0.));
#10325=DIRECTION('center_axis',(0.,0.,-1.));
#10326=DIRECTION('ref_axis',(-1.,0.,0.));
#10327=DIRECTION('',(0.,1.,0.));
#10328=DIRECTION('',(-1.,0.,0.));
#10329=DIRECTION('',(0.,1.,0.));
#10330=DIRECTION('center_axis',(0.,0.990268068741571,-0.139173100960059));
#10331=DIRECTION('ref_axis',(0.,0.139173100960059,0.990268068741571));
#10332=DIRECTION('',(0.,0.139173100960059,0.990268068741571));
#10333=DIRECTION('',(0.,0.139173100960059,0.990268068741571));
#10334=DIRECTION('center_axis',(-1.,0.,0.));
#10335=DIRECTION('ref_axis',(0.,0.,1.));
#10336=DIRECTION('center_axis',(-1.,0.,0.));
#10337=DIRECTION('ref_axis',(0.,0.,1.));
#10338=DIRECTION('center_axis',(-1.,0.,0.));
#10339=DIRECTION('ref_axis',(0.,0.,1.));
#10340=DIRECTION('center_axis',(-1.,0.,0.));
#10341=DIRECTION('ref_axis',(0.,0.,1.));
#10342=DIRECTION('center_axis',(-1.,0.,0.));
#10343=DIRECTION('ref_axis',(0.,0.,1.));
#10344=DIRECTION('center_axis',(-1.,0.,0.));
#10345=DIRECTION('ref_axis',(0.,0.,1.));
#10346=DIRECTION('center_axis',(-9.71840569741953E-16,0.990268068741571,
0.139173100960059));
#10347=DIRECTION('ref_axis',(2.46519032881566E-32,-0.139173100960059,0.990268068741571));
#10348=DIRECTION('',(-6.66395438786577E-15,-0.139173100960059,0.990268068741571));
#10349=DIRECTION('',(1.,0.,6.14061407425418E-15));
#10350=DIRECTION('',(-6.66395438786576E-15,-0.139173100960059,0.990268068741571));
#10351=DIRECTION('',(1.,0.,7.36873688910502E-15));
#10352=DIRECTION('center_axis',(6.98296267768627E-15,0.,-1.));
#10353=DIRECTION('ref_axis',(-1.,0.,-6.98296267768627E-15));
#10354=DIRECTION('',(0.,1.,0.));
#10355=DIRECTION('',(1.,0.,7.36873688910502E-15));
#10356=DIRECTION('',(0.,1.,0.));
#10357=DIRECTION('center_axis',(9.71840569741952E-16,-0.990268068741571,
-0.139173100960059));
#10358=DIRECTION('ref_axis',(0.,0.139173100960059,-0.990268068741571));
#10359=DIRECTION('',(5.92839232341034E-15,0.139173100960059,-0.990268068741571));
#10360=DIRECTION('',(1.,0.,6.14061407425418E-15));
#10361=DIRECTION('',(5.92839232341034E-15,0.139173100960059,-0.990268068741571));
#10362=DIRECTION('center_axis',(3.58406088638623E-15,-0.858234414055046,
-0.513257918138232));
#10363=DIRECTION('ref_axis',(-1.,-4.74065031898659E-18,-6.97503568989909E-15));
#10364=DIRECTION('',(5.96791648646159E-15,0.513257918138232,-0.858234414055046));
#10365=DIRECTION('',(1.,0.,6.7546754816796E-15));
#10366=DIRECTION('',(5.96791648646159E-15,0.513257918138232,-0.858234414055046));
#10367=DIRECTION('',(1.,0.,6.14061407425418E-15));
#10368=DIRECTION('center_axis',(-1.44918311587296E-30,-1.,2.07531270431067E-16));
#10369=DIRECTION('ref_axis',(-3.10126762843302E-48,-2.07531270431067E-16,
-1.));
#10370=DIRECTION('',(8.08521935294887E-15,-3.36884139706203E-16,-1.));
#10371=DIRECTION('',(1.,0.,7.36873688910501E-15));
#10372=DIRECTION('',(5.39014623529916E-15,-3.36884139706197E-16,-1.));
#10373=DIRECTION('center_axis',(-1.05180783397241E-31,1.,1.50624868343263E-17));
#10374=DIRECTION('ref_axis',(0.,-1.50624868343263E-17,1.));
#10375=DIRECTION('',(-1.08177908443133E-14,-1.50624868343263E-17,1.));
#10376=DIRECTION('',(1.,0.,6.7546754816796E-15));
#10377=DIRECTION('',(-1.0817790844317E-14,-1.50624868343263E-17,1.));
#10378=DIRECTION('center_axis',(-3.58406088638623E-15,0.858234414055046,
0.513257918138232));
#10379=DIRECTION('ref_axis',(1.,4.74065031898659E-18,6.97503568989909E-15));
#10380=DIRECTION('',(-5.54747711216443E-15,-0.513257918138232,0.858234414055046));
#10381=DIRECTION('',(1.,0.,6.14061407425418E-15));
#10382=DIRECTION('',(-6.10222482338087E-15,-0.513257918138232,0.858234414055046));
#10383=DIRECTION('',(1.,0.,7.36873688910502E-15));
#10384=DIRECTION('center_axis',(-1.,0.,-6.8149850841946E-15));
#10385=DIRECTION('ref_axis',(-6.8149850841946E-15,0.,1.));
#10386=DIRECTION('center_axis',(-1.,0.,-6.8149850841946E-15));
#10387=DIRECTION('ref_axis',(-6.8149850841946E-15,0.,1.));
#10388=DIRECTION('center_axis',(-1.,0.,-6.8149850841946E-15));
#10389=DIRECTION('ref_axis',(-6.8149850841946E-15,0.,1.));
#10390=DIRECTION('center_axis',(-1.,0.,-6.8149850841946E-15));
#10391=DIRECTION('ref_axis',(-6.8149850841946E-15,0.,1.));
#10392=DIRECTION('center_axis',(-1.,0.,-6.8149850841946E-15));
#10393=DIRECTION('ref_axis',(-6.8149850841946E-15,0.,1.));
#10394=DIRECTION('center_axis',(-1.,0.,-6.8149850841946E-15));
#10395=DIRECTION('ref_axis',(-6.8149850841946E-15,0.,1.));
#10396=DIRECTION('center_axis',(-1.,0.,-6.8149850841946E-15));
#10397=DIRECTION('ref_axis',(-6.8149850841946E-15,0.,1.));
#10398=DIRECTION('center_axis',(-1.,0.,-6.8149850841946E-15));
#10399=DIRECTION('ref_axis',(-6.8149850841946E-15,0.,1.));
#10400=DIRECTION('center_axis',(-1.,0.,-6.8149850841946E-15));
#10401=DIRECTION('ref_axis',(-6.8149850841946E-15,0.,1.));
#10402=DIRECTION('center_axis',(-1.,0.,-6.8149850841946E-15));
#10403=DIRECTION('ref_axis',(-6.8149850841946E-15,0.,1.));
#10404=DIRECTION('center_axis',(0.,0.990268068741571,0.139173100960059));
#10405=DIRECTION('ref_axis',(0.,-0.139173100960059,0.990268068741571));
#10406=DIRECTION('',(0.,0.139173100960059,-0.990268068741571));
#10407=DIRECTION('',(-1.,0.,0.));
#10408=DIRECTION('',(0.,0.139173100960059,-0.990268068741571));
#10409=DIRECTION('',(-1.,0.,0.));
#10410=DIRECTION('center_axis',(0.,0.858234414055046,0.513257918138232));
#10411=DIRECTION('ref_axis',(1.,0.,0.));
#10412=DIRECTION('',(0.,0.513257918138232,-0.858234414055046));
#10413=DIRECTION('',(-1.,0.,0.));
#10414=DIRECTION('',(0.,0.513257918138232,-0.858234414055046));
#10415=DIRECTION('',(-1.,0.,0.));
#10416=DIRECTION('center_axis',(0.,1.,1.50624868343263E-17));
#10417=DIRECTION('ref_axis',(0.,-1.50624868343263E-17,1.));
#10418=DIRECTION('',(0.,1.50624868343263E-17,-1.));
#10419=DIRECTION('',(-1.,0.,0.));
#10420=DIRECTION('',(0.,1.50624868343263E-17,-1.));
#10421=DIRECTION('center_axis',(0.,-1.,2.07531270431067E-16));
#10422=DIRECTION('ref_axis',(0.,-2.07531270431067E-16,-1.));
#10423=DIRECTION('',(0.,3.36884139706175E-16,1.));
#10424=DIRECTION('',(-1.,0.,0.));
#10425=DIRECTION('',(0.,3.36884139706175E-16,1.));
#10426=DIRECTION('center_axis',(0.,-0.858234414055046,-0.513257918138232));
#10427=DIRECTION('ref_axis',(-1.,0.,0.));
#10428=DIRECTION('',(0.,-0.513257918138232,0.858234414055046));
#10429=DIRECTION('',(-1.,0.,0.));
#10430=DIRECTION('',(0.,-0.513257918138232,0.858234414055046));
#10431=DIRECTION('',(-1.,0.,0.));
#10432=DIRECTION('center_axis',(0.,-0.990268068741571,-0.139173100960059));
#10433=DIRECTION('ref_axis',(0.,0.139173100960059,-0.990268068741571));
#10434=DIRECTION('',(0.,-0.139173100960059,0.990268068741571));
#10435=DIRECTION('',(-1.,0.,0.));
#10436=DIRECTION('',(0.,-0.139173100960059,0.990268068741571));
#10437=DIRECTION('',(-1.,0.,0.));
#10438=DIRECTION('center_axis',(0.,0.,-1.));
#10439=DIRECTION('ref_axis',(-1.,0.,0.));
#10440=DIRECTION('',(0.,-1.,0.));
#10441=DIRECTION('',(0.,-1.,0.));
#10442=DIRECTION('center_axis',(-1.,0.,0.));
#10443=DIRECTION('ref_axis',(0.,0.,1.));
#10444=DIRECTION('center_axis',(-1.,0.,0.));
#10445=DIRECTION('ref_axis',(0.,0.,1.));
#10446=DIRECTION('center_axis',(-1.,0.,0.));
#10447=DIRECTION('ref_axis',(0.,0.,1.));
#10448=DIRECTION('center_axis',(-1.,0.,0.));
#10449=DIRECTION('ref_axis',(0.,0.,1.));
#10450=DIRECTION('center_axis',(-1.,0.,0.));
#10451=DIRECTION('ref_axis',(0.,0.,1.));
#10452=DIRECTION('center_axis',(-1.,0.,0.));
#10453=DIRECTION('ref_axis',(0.,0.,1.));
#10454=DIRECTION('center_axis',(-1.,0.,0.));
#10455=DIRECTION('ref_axis',(0.,0.,1.));
#10456=DIRECTION('center_axis',(-1.,0.,0.));
#10457=DIRECTION('ref_axis',(0.,0.,1.));
#10458=DIRECTION('center_axis',(-1.,0.,0.));
#10459=DIRECTION('ref_axis',(0.,0.,1.));
#10460=DIRECTION('center_axis',(-1.,0.,0.));
#10461=DIRECTION('ref_axis',(0.,0.,1.));
#10462=DIRECTION('center_axis',(0.,0.,1.));
#10463=DIRECTION('ref_axis',(1.,0.,0.));
#10464=DIRECTION('center_axis',(-0.707106781186548,0.,0.707106781186548));
#10465=DIRECTION('ref_axis',(0.707106781186548,0.,0.707106781186548));
#10466=DIRECTION('center_axis',(0.707106781186548,0.,0.707106781186548));
#10467=DIRECTION('ref_axis',(-0.707106781186548,0.,0.707106781186548));
#10468=DIRECTION('center_axis',(1.,0.,0.));
#10469=DIRECTION('ref_axis',(0.,0.,-1.));
#10470=DIRECTION('center_axis',(0.707106781186547,0.,-0.707106781186548));
#10471=DIRECTION('ref_axis',(0.707106781186548,0.,0.707106781186547));
#10472=DIRECTION('center_axis',(-1.,0.,0.));
#10473=DIRECTION('ref_axis',(0.,0.,1.));
#10474=DIRECTION('center_axis',(-0.707106781186548,0.,-0.707106781186547));
#10475=DIRECTION('ref_axis',(-0.707106781186547,0.,0.707106781186548));
#10476=DIRECTION('center_axis',(-2.47464119254894E-16,0.,-1.));
#10477=DIRECTION('ref_axis',(-1.,0.,2.47464119254894E-16));
#10478=DIRECTION('center_axis',(0.,0.,-1.));
#10479=DIRECTION('ref_axis',(-1.,0.,0.));
#10480=DIRECTION('center_axis',(0.707106781186548,0.,-0.707106781186548));
#10481=DIRECTION('ref_axis',(-0.707106781186548,0.,-0.707106781186548));
#10482=DIRECTION('center_axis',(-0.707106781186548,0.,-0.707106781186548));
#10483=DIRECTION('ref_axis',(0.707106781186548,0.,-0.707106781186548));
#10484=DIRECTION('center_axis',(-1.,0.,0.));
#10485=DIRECTION('ref_axis',(0.,0.,1.));
#10486=DIRECTION('center_axis',(-0.707106781186547,0.,0.707106781186548));
#10487=DIRECTION('ref_axis',(-0.707106781186548,0.,-0.707106781186547));
#10488=DIRECTION('center_axis',(1.,0.,0.));
#10489=DIRECTION('ref_axis',(0.,0.,-1.));
#10490=DIRECTION('center_axis',(0.707106781186548,0.,0.707106781186547));
#10491=DIRECTION('ref_axis',(0.707106781186547,0.,-0.707106781186548));
#10492=DIRECTION('center_axis',(2.47464119254894E-16,0.,1.));
#10493=DIRECTION('ref_axis',(1.,0.,-2.47464119254894E-16));
#10494=DIRECTION('center_axis',(-1.,0.,0.));
#10495=DIRECTION('ref_axis',(0.,0.,1.));
#10496=DIRECTION('center_axis',(1.,0.,0.));
#10497=DIRECTION('ref_axis',(0.,0.,-1.));
#10498=DIRECTION('center_axis',(1.,2.53607500347918E-31,6.98296267768627E-15));
#10499=DIRECTION('ref_axis',(6.98296267768627E-15,0.,-1.));
#10500=DIRECTION('center_axis',(-1.,0.,-6.98296267768627E-15));
#10501=DIRECTION('ref_axis',(-6.98296267768627E-15,0.,1.));
#10502=DIRECTION('center_axis',(-1.,0.,0.));
#10503=DIRECTION('ref_axis',(0.,0.,1.));
#10504=DIRECTION('center_axis',(1.,0.,0.));
#10505=DIRECTION('ref_axis',(0.,0.,-1.));
#10506=DIRECTION('center_axis',(-1.,0.,0.));
#10507=DIRECTION('ref_axis',(0.,0.,1.));
#10508=DIRECTION('center_axis',(1.,0.,0.));
#10509=DIRECTION('ref_axis',(0.,0.,-1.));
#10510=DIRECTION('center_axis',(1.,-1.89445910682264E-62,6.98296267768627E-15));
#10511=DIRECTION('ref_axis',(6.98296267768627E-15,0.,-1.));
#10512=DIRECTION('center_axis',(-1.,-6.91384960030045E-31,-6.98296267768626E-15));
#10513=DIRECTION('ref_axis',(-6.98296267768626E-15,0.,1.));
#10514=DIRECTION('center_axis',(-1.,0.,0.));
#10515=DIRECTION('ref_axis',(0.,0.,1.));
#10516=DIRECTION('center_axis',(1.,0.,0.));
#10517=DIRECTION('ref_axis',(0.,0.,-1.));
#10518=DIRECTION('center_axis',(1.,0.,0.));
#10519=DIRECTION('ref_axis',(0.,0.,-1.));
#10520=DIRECTION('center_axis',(-1.,0.,0.));
#10521=DIRECTION('ref_axis',(0.,0.,1.));
#10522=DIRECTION('axis',(0.,0.,1.));
#10523=DIRECTION('refdir',(1.,0.,0.));
#10524=DIRECTION('center_axis',(0.,0.,-1.));
#10525=DIRECTION('ref_axis',(-1.,0.,0.));
#10526=DIRECTION('',(-1.,0.,0.));
#10527=DIRECTION('center_axis',(0.,0.,1.));
#10528=DIRECTION('ref_axis',(-1.,0.,0.));
#10529=DIRECTION('',(0.,1.,0.));
#10530=DIRECTION('',(-0.832050294337843,0.554700196225229,0.));
#10531=DIRECTION('',(0.,1.,0.));
#10532=DIRECTION('',(1.,2.77555756156289E-16,0.));
#10533=DIRECTION('',(-1.11022302462516E-15,1.,0.));
#10534=DIRECTION('',(-0.857492925712544,0.514495755427526,0.));
#10535=DIRECTION('',(0.,1.,0.));
#10536=DIRECTION('center_axis',(0.,0.,1.));
#10537=DIRECTION('ref_axis',(-1.,0.,0.));
#10538=DIRECTION('',(1.,1.13288063737261E-16,0.));
#10539=DIRECTION('center_axis',(0.,0.,1.));
#10540=DIRECTION('ref_axis',(-1.,0.,0.));
#10541=DIRECTION('',(0.,-1.,0.));
#10542=DIRECTION('center_axis',(0.,0.,1.));
#10543=DIRECTION('ref_axis',(-1.,0.,0.));
#10544=DIRECTION('',(0.,-1.,0.));
#10545=DIRECTION('',(1.,0.,0.));
#10546=DIRECTION('',(1.42859580374561E-16,1.,0.));
#10547=DIRECTION('',(-1.,0.,0.));
#10548=DIRECTION('',(0.,-1.,0.));
#10549=DIRECTION('',(1.,0.,0.));
#10550=DIRECTION('',(1.85037170770859E-16,1.,0.));
#10551=DIRECTION('',(-1.,0.,0.));
#10552=DIRECTION('',(0.,-1.,0.));
#10553=DIRECTION('',(1.,0.,0.));
#10554=DIRECTION('',(1.38777878078145E-16,1.,0.));
#10555=DIRECTION('',(-1.,0.,0.));
#10556=DIRECTION('',(0.,-1.,0.));
#10557=DIRECTION('',(1.,0.,0.));
#10558=DIRECTION('',(0.,1.,0.));
#10559=DIRECTION('',(-1.,0.,0.));
#10560=DIRECTION('',(0.,-1.,0.));
#10561=DIRECTION('',(1.,0.,0.));
#10562=DIRECTION('',(1.85037170770859E-16,1.,0.));
#10563=DIRECTION('',(-1.,0.,0.));
#10564=DIRECTION('',(0.,-1.,0.));
#10565=DIRECTION('',(1.,0.,0.));
#10566=DIRECTION('',(1.85037170770859E-16,1.,0.));
#10567=DIRECTION('',(-1.,0.,0.));
#10568=DIRECTION('',(0.,-1.,0.));
#10569=DIRECTION('',(1.,0.,0.));
#10570=DIRECTION('',(0.,1.,0.));
#10571=DIRECTION('',(-1.,0.,0.));
#10572=DIRECTION('',(-1.,0.,0.));
#10573=DIRECTION('',(0.,-1.,0.));
#10574=DIRECTION('',(1.,0.,0.));
#10575=DIRECTION('',(1.85037170770859E-16,1.,0.));
#10576=DIRECTION('center_axis',(0.,0.,-1.));
#10577=DIRECTION('ref_axis',(-1.,0.,0.));
#10578=DIRECTION('center_axis',(0.,0.,1.));
#10579=DIRECTION('ref_axis',(1.,0.,0.));
#10580=DIRECTION('',(0.,1.,0.));
#10581=DIRECTION('',(-0.857492925712544,0.514495755427526,0.));
#10582=DIRECTION('',(-1.11022302462516E-15,1.,0.));
#10583=DIRECTION('',(1.,2.77555756156289E-16,0.));
#10584=DIRECTION('',(0.,1.,0.));
#10585=DIRECTION('',(-0.832050294337843,0.554700196225229,0.));
#10586=DIRECTION('',(0.,1.,0.));
#10587=DIRECTION('center_axis',(0.,0.,1.));
#10588=DIRECTION('ref_axis',(-1.,0.,0.));
#10589=DIRECTION('',(-1.,0.,0.));
#10590=DIRECTION('center_axis',(0.,0.,1.));
#10591=DIRECTION('ref_axis',(-1.,0.,0.));
#10592=DIRECTION('',(0.,-1.,0.));
#10593=DIRECTION('center_axis',(0.,0.,-1.));
#10594=DIRECTION('ref_axis',(-1.,0.,0.));
#10595=DIRECTION('center_axis',(0.,-0.707106781186548,0.707106781186547));
#10596=DIRECTION('ref_axis',(0.,-0.707106781186547,-0.707106781186548));
#10597=DIRECTION('',(0.,0.,-1.));
#10598=DIRECTION('',(0.,0.,-1.));
#10599=DIRECTION('center_axis',(0.,-1.,0.));
#10600=DIRECTION('ref_axis',(0.,0.,-1.));
#10601=DIRECTION('',(1.,0.,0.));
#10602=DIRECTION('',(0.,0.,-1.));
#10603=DIRECTION('center_axis',(0.,0.,-1.));
#10604=DIRECTION('ref_axis',(-1.,0.,0.));
#10605=DIRECTION('center_axis',(0.,-0.707106781186548,0.707106781186547));
#10606=DIRECTION('ref_axis',(0.,-0.707106781186547,-0.707106781186548));
#10607=DIRECTION('',(0.,0.,-1.));
#10608=DIRECTION('center_axis',(1.,0.,0.));
#10609=DIRECTION('ref_axis',(0.,0.,-1.));
#10610=DIRECTION('',(0.,-1.,0.));
#10611=DIRECTION('',(0.,0.,-1.));
#10612=DIRECTION('center_axis',(0.,0.,-1.));
#10613=DIRECTION('ref_axis',(-1.,0.,0.));
#10614=DIRECTION('',(0.,0.,-1.));
#10615=DIRECTION('center_axis',(0.,0.,1.));
#10616=DIRECTION('ref_axis',(-1.,0.,0.));
#10617=DIRECTION('center_axis',(-8.85062997947351E-17,1.,0.));
#10618=DIRECTION('ref_axis',(0.,0.,1.));
#10619=DIRECTION('',(0.,0.,-1.));
#10620=DIRECTION('',(1.,1.13288063737261E-16,0.));
#10621=DIRECTION('center_axis',(0.,0.,-1.));
#10622=DIRECTION('ref_axis',(-1.,0.,0.));
#10623=DIRECTION('',(0.,0.,-1.));
#10624=DIRECTION('center_axis',(0.,0.,1.));
#10625=DIRECTION('ref_axis',(1.,0.,0.));
#10626=DIRECTION('center_axis',(-1.,0.,0.));
#10627=DIRECTION('ref_axis',(0.,0.,1.));
#10628=DIRECTION('',(0.,1.,0.));
#10629=DIRECTION('',(0.,0.,-1.));
#10630=DIRECTION('center_axis',(-0.514495755427526,-0.857492925712544,0.));
#10631=DIRECTION('ref_axis',(0.,0.,1.));
#10632=DIRECTION('',(0.,0.,-1.));
#10633=DIRECTION('center_axis',(-1.,-8.67361737988403E-16,0.));
#10634=DIRECTION('ref_axis',(0.,0.,1.));
#10635=DIRECTION('',(0.,0.,-1.));
#10636=DIRECTION('center_axis',(-2.16840434497101E-16,1.,0.));
#10637=DIRECTION('ref_axis',(0.,0.,1.));
#10638=DIRECTION('',(0.,0.,-1.));
#10639=DIRECTION('center_axis',(-1.,0.,0.));
#10640=DIRECTION('ref_axis',(0.,0.,1.));
#10641=DIRECTION('',(0.,0.,-1.));
#10642=DIRECTION('center_axis',(-0.554700196225229,-0.832050294337843,0.));
#10643=DIRECTION('ref_axis',(0.,0.,1.));
#10644=DIRECTION('',(0.,0.,-1.));
#10645=DIRECTION('center_axis',(-1.,0.,0.));
#10646=DIRECTION('ref_axis',(0.,0.,1.));
#10647=DIRECTION('center_axis',(0.,0.,1.));
#10648=DIRECTION('ref_axis',(1.,0.,0.));
#10649=DIRECTION('center_axis',(0.,0.,1.));
#10650=DIRECTION('ref_axis',(1.,0.,0.));
#10651=DIRECTION('center_axis',(0.,-0.707106781186548,0.707106781186547));
#10652=DIRECTION('ref_axis',(1.,0.,0.));
#10653=DIRECTION('center_axis',(-1.,0.,0.));
#10654=DIRECTION('ref_axis',(0.,0.,1.));
#10655=DIRECTION('',(0.,0.,1.));
#10656=DIRECTION('',(0.,-1.,0.));
#10657=DIRECTION('',(0.,0.,1.));
#10658=DIRECTION('center_axis',(0.,1.,0.));
#10659=DIRECTION('ref_axis',(0.,0.,1.));
#10660=DIRECTION('',(0.,0.,1.));
#10661=DIRECTION('',(-1.,0.,0.));
#10662=DIRECTION('center_axis',(1.,-1.44560289664734E-16,0.));
#10663=DIRECTION('ref_axis',(0.,0.,-1.));
#10664=DIRECTION('',(0.,0.,1.));
#10665=DIRECTION('',(1.85037170770859E-16,1.,0.));
#10666=DIRECTION('center_axis',(0.,-1.,0.));
#10667=DIRECTION('ref_axis',(0.,0.,-1.));
#10668=DIRECTION('',(1.,0.,0.));
#10669=DIRECTION('center_axis',(0.,0.,-1.));
#10670=DIRECTION('ref_axis',(-1.,0.,0.));
#10671=DIRECTION('center_axis',(0.,-1.,0.));
#10672=DIRECTION('ref_axis',(0.,0.,-1.));
#10673=DIRECTION('',(0.,0.,1.));
#10674=DIRECTION('',(1.,0.,0.));
#10675=DIRECTION('',(0.,0.,1.));
#10676=DIRECTION('center_axis',(-1.,0.,0.));
#10677=DIRECTION('ref_axis',(0.,0.,1.));
#10678=DIRECTION('',(0.,0.,1.));
#10679=DIRECTION('',(0.,-1.,0.));
#10680=DIRECTION('center_axis',(0.,1.,0.));
#10681=DIRECTION('ref_axis',(0.,0.,1.));
#10682=DIRECTION('',(0.,0.,1.));
#10683=DIRECTION('',(-1.,0.,0.));
#10684=DIRECTION('center_axis',(1.,-1.44560289664734E-16,0.));
#10685=DIRECTION('ref_axis',(0.,0.,-1.));
#10686=DIRECTION('',(0.,1.,0.));
#10687=DIRECTION('center_axis',(0.,0.,-1.));
#10688=DIRECTION('ref_axis',(-1.,0.,0.));
#10689=DIRECTION('center_axis',(0.,-1.,0.));
#10690=DIRECTION('ref_axis',(0.,0.,-1.));
#10691=DIRECTION('',(0.,0.,1.));
#10692=DIRECTION('',(1.,0.,0.));
#10693=DIRECTION('',(0.,0.,1.));
#10694=DIRECTION('center_axis',(-1.,0.,0.));
#10695=DIRECTION('ref_axis',(0.,0.,1.));
#10696=DIRECTION('',(0.,0.,1.));
#10697=DIRECTION('',(0.,-1.,0.));
#10698=DIRECTION('center_axis',(0.,1.,0.));
#10699=DIRECTION('ref_axis',(0.,0.,1.));
#10700=DIRECTION('',(0.,0.,1.));
#10701=DIRECTION('',(-1.,0.,0.));
#10702=DIRECTION('center_axis',(1.,0.,0.));
#10703=DIRECTION('ref_axis',(0.,0.,-1.));
#10704=DIRECTION('',(1.63268091856641E-16,1.,0.));
#10705=DIRECTION('center_axis',(0.,0.,1.));
#10706=DIRECTION('ref_axis',(1.,0.,0.));
#10707=DIRECTION('center_axis',(0.,-1.,0.));
#10708=DIRECTION('ref_axis',(0.,0.,-1.));
#10709=DIRECTION('',(0.,0.,1.));
#10710=DIRECTION('',(1.,0.,0.));
#10711=DIRECTION('',(0.,0.,1.));
#10712=DIRECTION('center_axis',(-1.,0.,0.));
#10713=DIRECTION('ref_axis',(0.,0.,1.));
#10714=DIRECTION('',(0.,0.,1.));
#10715=DIRECTION('',(0.,-1.,0.));
#10716=DIRECTION('center_axis',(0.,1.,0.));
#10717=DIRECTION('ref_axis',(0.,0.,1.));
#10718=DIRECTION('',(0.,0.,1.));
#10719=DIRECTION('',(-1.,0.,0.));
#10720=DIRECTION('center_axis',(1.,-1.44560289664734E-16,0.));
#10721=DIRECTION('ref_axis',(0.,0.,-1.));
#10722=DIRECTION('',(1.85037170770859E-16,1.,0.));
#10723=DIRECTION('center_axis',(0.,0.,1.));
#10724=DIRECTION('ref_axis',(1.,0.,0.));
#10725=DIRECTION('center_axis',(0.,-1.,0.));
#10726=DIRECTION('ref_axis',(0.,0.,-1.));
#10727=DIRECTION('',(0.,0.,1.));
#10728=DIRECTION('',(1.,0.,0.));
#10729=DIRECTION('',(0.,0.,1.));
#10730=DIRECTION('center_axis',(-1.,0.,0.));
#10731=DIRECTION('ref_axis',(0.,0.,1.));
#10732=DIRECTION('',(0.,0.,1.));
#10733=DIRECTION('',(0.,-1.,0.));
#10734=DIRECTION('center_axis',(0.,1.,0.));
#10735=DIRECTION('ref_axis',(0.,0.,1.));
#10736=DIRECTION('',(0.,0.,1.));
#10737=DIRECTION('',(-1.,0.,0.));
#10738=DIRECTION('center_axis',(1.,-1.44560289664734E-16,0.));
#10739=DIRECTION('ref_axis',(0.,0.,-1.));
#10740=DIRECTION('',(1.85037170770859E-16,1.,0.));
#10741=DIRECTION('center_axis',(0.,0.,1.));
#10742=DIRECTION('ref_axis',(1.,0.,0.));
#10743=DIRECTION('center_axis',(0.,-1.,0.));
#10744=DIRECTION('ref_axis',(0.,0.,-1.));
#10745=DIRECTION('',(0.,0.,1.));
#10746=DIRECTION('',(1.,0.,0.));
#10747=DIRECTION('',(0.,0.,1.));
#10748=DIRECTION('center_axis',(-1.,0.,0.));
#10749=DIRECTION('ref_axis',(0.,0.,1.));
#10750=DIRECTION('',(0.,0.,1.));
#10751=DIRECTION('',(0.,-1.,0.));
#10752=DIRECTION('center_axis',(0.,1.,0.));
#10753=DIRECTION('ref_axis',(0.,0.,1.));
#10754=DIRECTION('',(0.,0.,1.));
#10755=DIRECTION('',(-1.,0.,0.));
#10756=DIRECTION('center_axis',(1.,-1.44560289664734E-16,0.));
#10757=DIRECTION('ref_axis',(0.,0.,-1.));
#10758=DIRECTION('',(1.38777878078145E-16,1.,0.));
#10759=DIRECTION('center_axis',(0.,0.,1.));
#10760=DIRECTION('ref_axis',(1.,0.,0.));
#10761=DIRECTION('center_axis',(0.,-1.,0.));
#10762=DIRECTION('ref_axis',(0.,0.,-1.));
#10763=DIRECTION('',(0.,0.,1.));
#10764=DIRECTION('',(1.,0.,0.));
#10765=DIRECTION('',(0.,0.,1.));
#10766=DIRECTION('center_axis',(-1.,0.,0.));
#10767=DIRECTION('ref_axis',(0.,0.,1.));
#10768=DIRECTION('',(0.,0.,1.));
#10769=DIRECTION('',(0.,-1.,0.));
#10770=DIRECTION('center_axis',(0.,1.,0.));
#10771=DIRECTION('ref_axis',(0.,0.,1.));
#10772=DIRECTION('',(0.,0.,1.));
#10773=DIRECTION('',(-1.,0.,0.));
#10774=DIRECTION('center_axis',(1.,-1.44560289664734E-16,0.));
#10775=DIRECTION('ref_axis',(0.,0.,-1.));
#10776=DIRECTION('',(1.85037170770859E-16,1.,0.));
#10777=DIRECTION('center_axis',(0.,0.,1.));
#10778=DIRECTION('ref_axis',(1.,0.,0.));
#10779=DIRECTION('center_axis',(0.,-1.,0.));
#10780=DIRECTION('ref_axis',(0.,0.,-1.));
#10781=DIRECTION('',(0.,0.,1.));
#10782=DIRECTION('',(1.,0.,0.));
#10783=DIRECTION('',(0.,0.,1.));
#10784=DIRECTION('center_axis',(-1.,0.,0.));
#10785=DIRECTION('ref_axis',(0.,0.,1.));
#10786=DIRECTION('',(0.,0.,1.));
#10787=DIRECTION('',(0.,-1.,0.));
#10788=DIRECTION('center_axis',(0.,1.,0.));
#10789=DIRECTION('ref_axis',(0.,0.,1.));
#10790=DIRECTION('',(0.,0.,1.));
#10791=DIRECTION('',(-1.,0.,0.));
#10792=DIRECTION('center_axis',(1.,0.,0.));
#10793=DIRECTION('ref_axis',(0.,0.,-1.));
#10794=DIRECTION('',(0.,1.,0.));
#10795=DIRECTION('center_axis',(0.,0.,1.));
#10796=DIRECTION('ref_axis',(1.,0.,0.));
#10797=DIRECTION('center_axis',(0.,0.,-1.));
#10798=DIRECTION('ref_axis',(-1.,0.,0.));
#10799=DIRECTION('',(0.,0.,1.));
#10800=DIRECTION('',(1.,0.,0.));
#10801=DIRECTION('',(-2.13213285411192E-16,-1.,7.80133796724416E-16));
#10802=DIRECTION('',(1.,-2.13213285411191E-16,7.00663233473242E-16));
#10803=DIRECTION('',(-4.13914039559883E-17,1.4418480839289E-16,1.));
#10804=DIRECTION('',(-8.85062997948175E-17,-1.,1.4418480839289E-16));
#10805=CARTESIAN_POINT('',(0.,0.,0.));
#10806=CARTESIAN_POINT('',(0.,0.,0.));
#10807=CARTESIAN_POINT('Origin',(20.8764705882353,4.64,-0.3));
#10808=CARTESIAN_POINT('',(20.2264705882353,4.64,0.));
#10809=CARTESIAN_POINT('Origin',(20.8764705882353,4.64,0.));
#10810=CARTESIAN_POINT('',(20.2264705882353,4.64,1.4));
#10811=CARTESIAN_POINT('',(20.2264705882353,4.64,-0.3));
#10812=CARTESIAN_POINT('Origin',(20.8764705882353,4.64,1.4));
#10813=CARTESIAN_POINT('Origin',(20.8764705882353,-0.599999999999996,-0.3));
#10814=CARTESIAN_POINT('',(20.2264705882353,-0.599999999999996,0.));
#10815=CARTESIAN_POINT('Origin',(20.8764705882353,-0.599999999999996,0.));
#10816=CARTESIAN_POINT('',(20.2264705882353,-0.599999999999996,1.4));
#10817=CARTESIAN_POINT('',(20.2264705882353,-0.599999999999996,-0.3));
#10818=CARTESIAN_POINT('Origin',(20.8764705882353,-0.599999999999996,1.4));
#10819=CARTESIAN_POINT('Origin',(20.8764705882353,-5.84,-0.3));
#10820=CARTESIAN_POINT('',(20.2264705882353,-5.84,0.));
#10821=CARTESIAN_POINT('Origin',(20.8764705882353,-5.84,0.));
#10822=CARTESIAN_POINT('',(20.2264705882353,-5.84,1.4));
#10823=CARTESIAN_POINT('',(20.2264705882353,-5.84,-0.3));
#10824=CARTESIAN_POINT('Origin',(20.8764705882353,-5.84,1.4));
#10825=CARTESIAN_POINT('Origin',(20.8764705882353,-3.22,-0.3));
#10826=CARTESIAN_POINT('',(20.2264705882353,-3.22,0.));
#10827=CARTESIAN_POINT('Origin',(20.8764705882353,-3.22,0.));
#10828=CARTESIAN_POINT('',(20.2264705882353,-3.22,1.4));
#10829=CARTESIAN_POINT('',(20.2264705882353,-3.22,-0.3));
#10830=CARTESIAN_POINT('Origin',(20.8764705882353,-3.22,1.4));
#10831=CARTESIAN_POINT('Origin',(20.8764705882353,2.02,-0.3));
#10832=CARTESIAN_POINT('',(20.2264705882353,2.02,0.));
#10833=CARTESIAN_POINT('Origin',(20.8764705882353,2.02,0.));
#10834=CARTESIAN_POINT('',(20.2264705882353,2.02,1.4));
#10835=CARTESIAN_POINT('',(20.2264705882353,2.02,-0.3));
#10836=CARTESIAN_POINT('Origin',(20.8764705882353,2.02,1.4));
#10837=CARTESIAN_POINT('Origin',(20.8764705882353,7.26,-0.3));
#10838=CARTESIAN_POINT('',(20.2264705882353,7.26,0.));
#10839=CARTESIAN_POINT('Origin',(20.8764705882353,7.26,0.));
#10840=CARTESIAN_POINT('',(20.2264705882353,7.26,1.4));
#10841=CARTESIAN_POINT('',(20.2264705882353,7.26,-0.3));
#10842=CARTESIAN_POINT('Origin',(20.8764705882353,7.26,1.4));
#10843=CARTESIAN_POINT('Origin',(-15.8742856722611,-9.26919344519916,1.4));
#10844=CARTESIAN_POINT('',(-17.1242856722611,-9.26919344519916,2.77555756156289E-16));
#10845=CARTESIAN_POINT('Origin',(-15.8742856722611,-9.26919344519916,2.16840434497101E-16));
#10846=CARTESIAN_POINT('',(-17.1242856722611,-9.26919344519916,1.4));
#10847=CARTESIAN_POINT('',(-17.1242856722611,-9.26919344519916,1.4));
#10848=CARTESIAN_POINT('Origin',(-15.8742856722611,-9.26919344519916,1.4));
#10849=CARTESIAN_POINT('Origin',(-15.8742856722611,11.3127142545331,1.4));
#10850=CARTESIAN_POINT('',(-17.1242856722611,11.3127142545331,2.77555756156289E-16));
#10851=CARTESIAN_POINT('Origin',(-15.8742856722611,11.3127142545331,2.16840434497101E-16));
#10852=CARTESIAN_POINT('',(-17.1242856722611,11.3127142545331,1.4));
#10853=CARTESIAN_POINT('',(-17.1242856722611,11.3127142545331,1.4));
#10854=CARTESIAN_POINT('Origin',(-15.8742856722611,11.3127142545331,1.4));
#10855=CARTESIAN_POINT('Origin',(22.7107540657485,-9.26919344519916,1.4));
#10856=CARTESIAN_POINT('',(21.4607540657485,-9.26919344519916,2.77555756156289E-16));
#10857=CARTESIAN_POINT('Origin',(22.7107540657485,-9.26919344519916,2.16840434497101E-16));
#10858=CARTESIAN_POINT('',(21.4607540657485,-9.26919344519916,1.4));
#10859=CARTESIAN_POINT('',(21.4607540657485,-9.26919344519916,1.4));
#10860=CARTESIAN_POINT('Origin',(22.7107540657485,-9.26919344519916,1.4));
#10861=CARTESIAN_POINT('Origin',(22.7107540657485,11.3127142545331,1.4));
#10862=CARTESIAN_POINT('',(21.4607540657485,11.3127142545331,2.77555756156289E-16));
#10863=CARTESIAN_POINT('Origin',(22.7107540657485,11.3127142545331,2.16840434497101E-16));
#10864=CARTESIAN_POINT('',(21.4607540657485,11.3127142545331,1.4));
#10865=CARTESIAN_POINT('',(21.4607540657485,11.3127142545331,1.4));
#10866=CARTESIAN_POINT('Origin',(22.7107540657485,11.3127142545331,1.4));
#10867=CARTESIAN_POINT('Origin',(-17.6235294117647,12.,1.4));
#10868=CARTESIAN_POINT('',(-17.6235294117647,12.,0.));
#10869=CARTESIAN_POINT('',(-16.6235294117647,13.,0.));
#10870=CARTESIAN_POINT('',(-17.6235294117647,12.,0.));
#10871=CARTESIAN_POINT('',(-17.6235294117647,12.,1.4));
#10872=CARTESIAN_POINT('',(-17.6235294117647,12.,1.4));
#10873=CARTESIAN_POINT('',(-16.6235294117647,13.,1.4));
#10874=CARTESIAN_POINT('',(-17.6235294117647,12.,1.4));
#10875=CARTESIAN_POINT('',(-16.6235294117647,13.,1.4));
#10876=CARTESIAN_POINT('Origin',(-16.6235294117647,13.,1.4));
#10877=CARTESIAN_POINT('',(23.3764705882353,13.,0.));
#10878=CARTESIAN_POINT('',(-16.6235294117647,13.,0.));
#10879=CARTESIAN_POINT('',(23.3764705882353,13.,1.4));
#10880=CARTESIAN_POINT('',(-16.6235294117647,13.,1.4));
#10881=CARTESIAN_POINT('',(23.3764705882353,13.,1.4));
#10882=CARTESIAN_POINT('Origin',(23.3764705882353,13.,1.4));
#10883=CARTESIAN_POINT('',(24.3764705882353,12.,0.));
#10884=CARTESIAN_POINT('',(23.3764705882353,13.,0.));
#10885=CARTESIAN_POINT('',(24.3764705882353,12.,1.4));
#10886=CARTESIAN_POINT('',(23.3764705882353,13.,1.4));
#10887=CARTESIAN_POINT('',(24.3764705882353,12.,1.4));
#10888=CARTESIAN_POINT('Origin',(24.3764705882353,-10.,1.4));
#10889=CARTESIAN_POINT('',(24.3764705882353,-10.,0.));
#10890=CARTESIAN_POINT('',(24.3764705882353,-10.,0.));
#10891=CARTESIAN_POINT('',(24.3764705882353,-10.,1.4));
#10892=CARTESIAN_POINT('',(24.3764705882353,-10.,1.4));
#10893=CARTESIAN_POINT('',(24.3764705882353,-10.,1.4));
#10894=CARTESIAN_POINT('Origin',(23.3764705882353,-11.,1.4));
#10895=CARTESIAN_POINT('',(23.3764705882353,-11.,0.));
#10896=CARTESIAN_POINT('',(23.3764705882353,-11.,0.));
#10897=CARTESIAN_POINT('',(23.3764705882353,-11.,1.4));
#10898=CARTESIAN_POINT('',(23.3764705882353,-11.,1.4));
#10899=CARTESIAN_POINT('',(23.3764705882353,-11.,1.4));
#10900=CARTESIAN_POINT('Origin',(-17.6235294117647,-11.,1.4));
#10901=CARTESIAN_POINT('',(-16.6235294117647,-11.,1.4));
#10902=CARTESIAN_POINT('',(-16.6235294117647,-11.,0.));
#10903=CARTESIAN_POINT('',(-16.6235294117647,-11.,1.4));
#10904=CARTESIAN_POINT('',(-17.6235294117647,-11.,0.));
#10905=CARTESIAN_POINT('',(-17.6235294117647,-11.,1.4));
#10906=CARTESIAN_POINT('Origin',(-17.6235294117647,0.,1.4));
#10907=CARTESIAN_POINT('',(-17.6235294117647,0.,0.));
#10908=CARTESIAN_POINT('',(-16.8235294117647,0.,0.));
#10909=CARTESIAN_POINT('',(-17.6235294117647,0.,0.));
#10910=CARTESIAN_POINT('',(-17.6235294117647,0.,1.4));
#10911=CARTESIAN_POINT('',(-17.6235294117647,0.,1.4));
#10912=CARTESIAN_POINT('',(-16.8235294117647,0.,1.4));
#10913=CARTESIAN_POINT('',(-17.6235294117647,0.,1.4));
#10914=CARTESIAN_POINT('',(-16.8235294117647,0.,1.4));
#10915=CARTESIAN_POINT('Origin',(-16.8235294117647,0.,1.4));
#10916=CARTESIAN_POINT('',(-16.8235294117647,5.,0.));
#10917=CARTESIAN_POINT('',(-16.8235294117647,0.,0.));
#10918=CARTESIAN_POINT('',(-16.8235294117647,5.,1.4));
#10919=CARTESIAN_POINT('',(-16.8235294117647,0.,1.4));
#10920=CARTESIAN_POINT('',(-16.8235294117647,5.,1.4));
#10921=CARTESIAN_POINT('Origin',(-16.8235294117647,5.,1.4));
#10922=CARTESIAN_POINT('',(-17.6235294117647,5.,0.));
#10923=CARTESIAN_POINT('',(-16.8235294117647,5.,0.));
#10924=CARTESIAN_POINT('',(-17.6235294117647,5.,1.4));
#10925=CARTESIAN_POINT('',(-16.8235294117647,5.,1.4));
#10926=CARTESIAN_POINT('',(-17.6235294117647,5.,1.4));
#10927=CARTESIAN_POINT('Origin',(-17.6235294117647,5.,1.4));
#10928=CARTESIAN_POINT('',(-17.6235294117647,5.,0.));
#10929=CARTESIAN_POINT('',(-17.6235294117647,5.,1.4));
#10930=CARTESIAN_POINT('Origin',(0.,0.,0.));
#10931=CARTESIAN_POINT('',(-17.6235294117647,-10.,0.));
#10932=CARTESIAN_POINT('',(-15.7176470588235,-11.9058823529412,0.));
#10933=CARTESIAN_POINT('',(-17.6235294117647,0.,0.));
#10934=CARTESIAN_POINT('Origin',(-17.6235294117647,0.,1.4));
#10935=CARTESIAN_POINT('',(-17.6235294117647,-10.,1.4));
#10936=CARTESIAN_POINT('',(-17.6235294117647,-10.,1.4));
#10937=CARTESIAN_POINT('',(-17.6235294117647,0.,1.4));
#10938=CARTESIAN_POINT('Origin',(-17.6235294117647,-10.,1.4));
#10939=CARTESIAN_POINT('',(-15.7176470588235,-11.9058823529412,1.4));
#10940=CARTESIAN_POINT('Origin',(5.82647058823525,1.,1.4));
#10941=CARTESIAN_POINT('Origin',(5.82647058823525,1.,1.4));
#10942=CARTESIAN_POINT('',(11.3764705882353,7.65373408031144,1.4));
#10943=CARTESIAN_POINT('',(13.0964705882353,7.65373408031144,1.4));
#10944=CARTESIAN_POINT('',(6.54823529411765,7.65373408031144,1.4));
#10945=CARTESIAN_POINT('',(13.0964705882353,7.35373408031145,1.4));
#10946=CARTESIAN_POINT('',(13.0964705882353,3.67686704015572,1.4));
#10947=CARTESIAN_POINT('',(11.3764705882353,7.35373408031145,1.4));
#10948=CARTESIAN_POINT('',(5.63867650840635,7.35373408031145,1.4));
#10949=CARTESIAN_POINT('',(11.3764705882353,7.01,1.4));
#10950=CARTESIAN_POINT('',(11.3764705882353,3.505,1.4));
#10951=CARTESIAN_POINT('',(6.19647058823529,7.01,1.4));
#10952=CARTESIAN_POINT('',(3.09823529411765,7.01,1.4));
#10953=CARTESIAN_POINT('',(6.19647058823529,7.35373408031145,1.4));
#10954=CARTESIAN_POINT('',(6.19647058823529,5.65,1.4));
#10955=CARTESIAN_POINT('',(4.37735301681271,7.35373408031145,1.4));
#10956=CARTESIAN_POINT('',(2.18867650840635,7.35373408031145,1.4));
#10957=CARTESIAN_POINT('',(4.37735301681271,7.65373408031144,1.4));
#10958=CARTESIAN_POINT('',(4.37735301681271,3.82686704015572,1.4));
#10959=CARTESIAN_POINT('',(6.19647058823529,7.65373408031144,1.4));
#10960=CARTESIAN_POINT('',(3.09823529411765,7.65373408031144,1.4));
#10961=CARTESIAN_POINT('',(6.19647058823529,7.90373408031145,1.4));
#10962=CARTESIAN_POINT('',(6.19647058823529,5.65,1.4));
#10963=CARTESIAN_POINT('',(4.37735301681271,7.90373408031145,1.4));
#10964=CARTESIAN_POINT('',(2.18867650840635,7.90373408031145,1.4));
#10965=CARTESIAN_POINT('',(4.37735301681271,8.20373408031145,1.4));
#10966=CARTESIAN_POINT('',(4.37735301681271,4.10186704015572,1.4));
#10967=CARTESIAN_POINT('',(6.19647058823529,8.20373408031145,1.4));
#10968=CARTESIAN_POINT('',(3.09823529411765,8.20373408031145,1.4));
#10969=CARTESIAN_POINT('',(6.19647058823529,8.45373408031145,1.4));
#10970=CARTESIAN_POINT('',(6.19647058823529,5.65,1.4));
#10971=CARTESIAN_POINT('',(4.37735301681271,8.45373408031145,1.4));
#10972=CARTESIAN_POINT('',(2.18867650840635,8.45373408031145,1.4));
#10973=CARTESIAN_POINT('',(4.37735301681271,8.75373408031145,1.4));
#10974=CARTESIAN_POINT('',(4.37735301681271,4.37686704015572,1.4));
#10975=CARTESIAN_POINT('',(6.19647058823529,8.75373408031145,1.4));
#10976=CARTESIAN_POINT('',(3.09823529411765,8.75373408031145,1.4));
#10977=CARTESIAN_POINT('',(6.19647058823529,9.00373408031145,1.4));
#10978=CARTESIAN_POINT('',(6.19647058823529,5.65,1.4));
#10979=CARTESIAN_POINT('',(4.37735301681271,9.00373408031145,1.4));
#10980=CARTESIAN_POINT('',(2.18867650840635,9.00373408031145,1.4));
#10981=CARTESIAN_POINT('',(4.37735301681271,9.30373408031144,1.4));
#10982=CARTESIAN_POINT('',(4.37735301681271,4.65186704015572,1.4));
#10983=CARTESIAN_POINT('',(6.19647058823529,9.30373408031144,1.4));
#10984=CARTESIAN_POINT('',(3.09823529411765,9.30373408031144,1.4));
#10985=CARTESIAN_POINT('',(6.19647058823529,9.55373408031145,1.4));
#10986=CARTESIAN_POINT('',(6.19647058823529,5.65,1.4));
#10987=CARTESIAN_POINT('',(4.37735301681271,9.55373408031145,1.4));
#10988=CARTESIAN_POINT('',(2.18867650840635,9.55373408031145,1.4));
#10989=CARTESIAN_POINT('',(4.37735301681271,9.85373408031145,1.4));
#10990=CARTESIAN_POINT('',(4.37735301681271,4.92686704015572,1.4));
#10991=CARTESIAN_POINT('',(6.19647058823529,9.85373408031145,1.4));
#10992=CARTESIAN_POINT('',(3.09823529411765,9.85373408031145,1.4));
#10993=CARTESIAN_POINT('',(6.19647058823529,10.1037340803114,1.4));
#10994=CARTESIAN_POINT('',(6.19647058823529,5.65,1.4));
#10995=CARTESIAN_POINT('',(4.37735301681271,10.1037340803114,1.4));
#10996=CARTESIAN_POINT('',(2.18867650840635,10.1037340803114,1.4));
#10997=CARTESIAN_POINT('',(4.37735301681271,10.4037340803114,1.4));
#10998=CARTESIAN_POINT('',(4.37735301681271,5.20186704015572,1.4));
#10999=CARTESIAN_POINT('',(6.19647058823529,10.4037340803114,1.4));
#11000=CARTESIAN_POINT('',(3.09823529411765,10.4037340803114,1.4));
#11001=CARTESIAN_POINT('',(6.19647058823529,10.6537340803114,1.4));
#11002=CARTESIAN_POINT('',(6.19647058823529,5.65,1.4));
#11003=CARTESIAN_POINT('',(4.37735301681271,10.6537340803114,1.4));
#11004=CARTESIAN_POINT('',(2.18867650840635,10.6537340803114,1.4));
#11005=CARTESIAN_POINT('',(4.37735301681271,10.9537340803114,1.4));
#11006=CARTESIAN_POINT('',(4.37735301681271,5.47686704015572,1.4));
#11007=CARTESIAN_POINT('',(6.19647058823529,10.9537340803114,1.4));
#11008=CARTESIAN_POINT('',(3.09823529411765,10.9537340803114,1.4));
#11009=CARTESIAN_POINT('',(6.19647058823529,11.3,1.4));
#11010=CARTESIAN_POINT('',(6.19647058823529,5.65,1.4));
#11011=CARTESIAN_POINT('',(11.3764705882353,11.3,1.4));
#11012=CARTESIAN_POINT('',(5.68823529411765,11.3,1.4));
#11013=CARTESIAN_POINT('',(11.3764705882353,10.9537340803114,1.4));
#11014=CARTESIAN_POINT('',(11.3764705882353,3.505,1.4));
#11015=CARTESIAN_POINT('',(13.0964705882353,10.9537340803114,1.4));
#11016=CARTESIAN_POINT('',(6.54823529411765,10.9537340803114,1.4));
#11017=CARTESIAN_POINT('',(13.0964705882353,10.6537340803114,1.4));
#11018=CARTESIAN_POINT('',(13.0964705882353,5.32686704015572,1.4));
#11019=CARTESIAN_POINT('',(11.3764705882353,10.6537340803114,1.4));
#11020=CARTESIAN_POINT('',(5.63867650840635,10.6537340803114,1.4));
#11021=CARTESIAN_POINT('',(11.3764705882353,10.4037340803114,1.4));
#11022=CARTESIAN_POINT('',(11.3764705882353,3.505,1.4));
#11023=CARTESIAN_POINT('',(13.0964705882353,10.4037340803114,1.4));
#11024=CARTESIAN_POINT('',(6.54823529411765,10.4037340803114,1.4));
#11025=CARTESIAN_POINT('',(13.0964705882353,10.1037340803114,1.4));
#11026=CARTESIAN_POINT('',(13.0964705882353,5.05186704015572,1.4));
#11027=CARTESIAN_POINT('',(11.3764705882353,10.1037340803114,1.4));
#11028=CARTESIAN_POINT('',(5.63867650840635,10.1037340803114,1.4));
#11029=CARTESIAN_POINT('',(11.3764705882353,9.85373408031145,1.4));
#11030=CARTESIAN_POINT('',(11.3764705882353,3.505,1.4));
#11031=CARTESIAN_POINT('',(13.0964705882353,9.85373408031145,1.4));
#11032=CARTESIAN_POINT('',(6.54823529411765,9.85373408031145,1.4));
#11033=CARTESIAN_POINT('',(13.0964705882353,9.55373408031145,1.4));
#11034=CARTESIAN_POINT('',(13.0964705882353,4.77686704015572,1.4));
#11035=CARTESIAN_POINT('',(11.3764705882353,9.55373408031145,1.4));
#11036=CARTESIAN_POINT('',(5.63867650840635,9.55373408031145,1.4));
#11037=CARTESIAN_POINT('',(11.3764705882353,9.30373408031144,1.4));
#11038=CARTESIAN_POINT('',(11.3764705882353,3.505,1.4));
#11039=CARTESIAN_POINT('',(13.0964705882353,9.30373408031144,1.4));
#11040=CARTESIAN_POINT('',(6.54823529411765,9.30373408031144,1.4));
#11041=CARTESIAN_POINT('',(13.0964705882353,9.00373408031145,1.4));
#11042=CARTESIAN_POINT('',(13.0964705882353,4.50186704015572,1.4));
#11043=CARTESIAN_POINT('',(11.3764705882353,9.00373408031145,1.4));
#11044=CARTESIAN_POINT('',(5.63867650840635,9.00373408031145,1.4));
#11045=CARTESIAN_POINT('',(11.3764705882353,8.75373408031145,1.4));
#11046=CARTESIAN_POINT('',(11.3764705882353,3.505,1.4));
#11047=CARTESIAN_POINT('',(13.0964705882353,8.75373408031145,1.4));
#11048=CARTESIAN_POINT('',(6.54823529411765,8.75373408031145,1.4));
#11049=CARTESIAN_POINT('',(13.0964705882353,8.45373408031145,1.4));
#11050=CARTESIAN_POINT('',(13.0964705882353,4.22686704015572,1.4));
#11051=CARTESIAN_POINT('',(11.3764705882353,8.45373408031145,1.4));
#11052=CARTESIAN_POINT('',(5.63867650840635,8.45373408031145,1.4));
#11053=CARTESIAN_POINT('',(11.3764705882353,8.20373408031145,1.4));
#11054=CARTESIAN_POINT('',(11.3764705882353,3.505,1.4));
#11055=CARTESIAN_POINT('',(13.0964705882353,8.20373408031145,1.4));
#11056=CARTESIAN_POINT('',(6.54823529411765,8.20373408031145,1.4));
#11057=CARTESIAN_POINT('',(13.0964705882353,7.90373408031145,1.4));
#11058=CARTESIAN_POINT('',(13.0964705882353,3.95186704015572,1.4));
#11059=CARTESIAN_POINT('',(11.3764705882353,7.90373408031145,1.4));
#11060=CARTESIAN_POINT('',(5.63867650840635,7.90373408031145,1.4));
#11061=CARTESIAN_POINT('',(11.3764705882353,3.505,1.4));
#11062=CARTESIAN_POINT('Origin',(10.8029822198162,8.87925313731047,2.4));
#11063=CARTESIAN_POINT('',(10.8853160915577,9.1437588040077,2.4));
#11064=CARTESIAN_POINT('',(10.8029822198162,8.87925313731047,2.4));
#11065=CARTESIAN_POINT('',(10.7530454296089,8.71882628373107,2.4));
#11066=CARTESIAN_POINT('',(10.8853160915577,9.1437588040077,2.3));
#11067=CARTESIAN_POINT('',(10.8853160915577,9.1437588040077,2.4));
#11068=CARTESIAN_POINT('',(10.8029822198162,8.87925313731047,2.3));
#11069=CARTESIAN_POINT('',(10.8078034557254,8.89474183219975,2.3));
#11070=CARTESIAN_POINT('',(10.8029822198162,8.87925313731047,2.4));
#11071=CARTESIAN_POINT('Origin',(10.9670016650966,8.87925313731047,2.4));
#11072=CARTESIAN_POINT('',(10.9670016650966,8.87925313731047,2.4));
#11073=CARTESIAN_POINT('',(9.87673612666594,8.87925313731047,2.4));
#11074=CARTESIAN_POINT('',(10.9670016650966,8.87925313731047,2.3));
#11075=CARTESIAN_POINT('',(10.9273530501687,8.87925313731047,2.3));
#11076=CARTESIAN_POINT('',(10.9670016650966,8.87925313731047,2.4));
#11077=CARTESIAN_POINT('Origin',(10.8853160915577,9.1437588040077,2.4));
#11078=CARTESIAN_POINT('',(10.7923601888093,9.44475887005043,2.4));
#11079=CARTESIAN_POINT('',(10.921634411897,9.02615662386141,2.3));
#11080=CARTESIAN_POINT('Origin',(10.7089789804262,8.57066319283035,2.4));
#11081=CARTESIAN_POINT('',(10.7089789804262,8.57066319283035,2.4));
#11082=CARTESIAN_POINT('',(10.5080065375926,8.57066319283035,2.4));
#11083=CARTESIAN_POINT('',(9.74772478433077,8.57066319283035,2.4));
#11084=CARTESIAN_POINT('',(10.7089789804262,8.57066319283035,2.3));
#11085=CARTESIAN_POINT('',(10.7089789804262,8.57066319283035,2.4));
#11086=CARTESIAN_POINT('',(10.5080065375926,8.57066319283035,2.3));
#11087=CARTESIAN_POINT('',(10.7089789804262,8.57066319283035,2.3));
#11088=CARTESIAN_POINT('',(10.5080065375926,8.57066319283035,2.4));
#11089=CARTESIAN_POINT('Origin',(10.759546240236,8.73403433990806,2.4));
#11090=CARTESIAN_POINT('',(10.759546240236,8.73403433990806,2.4));
#11091=CARTESIAN_POINT('',(10.7327478608315,8.64745496029341,2.4));
#11092=CARTESIAN_POINT('',(10.759546240236,8.73403433990806,2.3));
#11093=CARTESIAN_POINT('',(10.759546240236,8.73403433990806,2.4));
#11094=CARTESIAN_POINT('',(10.759546240236,8.73403433990806,2.3));
#11095=CARTESIAN_POINT('Origin',(11.0110859428795,8.73403433990806,2.4));
#11096=CARTESIAN_POINT('',(11.0110859428795,8.73403433990806,2.4));
#11097=CARTESIAN_POINT('',(9.89877826555738,8.73403433990806,2.4));
#11098=CARTESIAN_POINT('',(11.0110859428795,8.73403433990806,2.3));
#11099=CARTESIAN_POINT('',(11.0110859428795,8.73403433990806,2.4));
#11100=CARTESIAN_POINT('',(11.0110859428795,8.73403433990806,2.3));
#11101=CARTESIAN_POINT('Origin',(11.0610049044865,8.57066319283035,2.4));
#11102=CARTESIAN_POINT('',(11.0610049044865,8.57066319283035,2.4));
#11103=CARTESIAN_POINT('',(10.882241309601,9.15570768518299,2.4));
#11104=CARTESIAN_POINT('',(11.0610049044865,8.57066319283035,2.3));
#11105=CARTESIAN_POINT('',(11.0610049044865,8.57066319283035,2.4));
#11106=CARTESIAN_POINT('',(11.0610049044865,8.57066319283035,2.3));
#11107=CARTESIAN_POINT('Origin',(11.2678120311444,8.57066319283035,2.4));
#11108=CARTESIAN_POINT('',(11.2678120311444,8.57066319283035,2.4));
#11109=CARTESIAN_POINT('',(10.0271413096899,8.57066319283035,2.4));
#11110=CARTESIAN_POINT('',(11.2678120311444,8.57066319283035,2.3));
#11111=CARTESIAN_POINT('',(11.2678120311444,8.57066319283035,2.4));
#11112=CARTESIAN_POINT('',(11.2678120311444,8.57066319283035,2.3));
#11113=CARTESIAN_POINT('Origin',(10.997471680623,9.37066317494896,2.4));
#11114=CARTESIAN_POINT('',(10.997471680623,9.37066317494896,2.4));
#11115=CARTESIAN_POINT('',(10.9168734282734,9.60917215192591,2.4));
#11116=CARTESIAN_POINT('',(10.997471680623,9.37066317494896,2.3));
#11117=CARTESIAN_POINT('',(10.997471680623,9.37066317494896,2.4));
#11118=CARTESIAN_POINT('',(10.997471680623,9.37066317494896,2.3));
#11119=CARTESIAN_POINT('Origin',(10.778346888114,9.37066317494896,2.4));
#11120=CARTESIAN_POINT('',(10.778346888114,9.37066317494896,2.4));
#11121=CARTESIAN_POINT('',(9.78240873817465,9.37066317494896,2.4));
#11122=CARTESIAN_POINT('',(10.778346888114,9.37066317494896,2.3));
#11123=CARTESIAN_POINT('',(10.778346888114,9.37066317494896,2.4));
#11124=CARTESIAN_POINT('',(10.778346888114,9.37066317494896,2.3));
#11125=CARTESIAN_POINT('Origin',(10.5080065375926,8.57066319283035,2.4));
#11126=CARTESIAN_POINT('',(10.5083986941315,8.57182367525009,2.4));
#11127=CARTESIAN_POINT('',(10.5080065375926,8.57066319283035,2.3));
#11128=CARTESIAN_POINT('Origin',(10.8877044352408,8.88686011670179,2.3));
#11129=CARTESIAN_POINT('Origin',(9.77867105956708,8.72171667405696,2.4));
#11130=CARTESIAN_POINT('',(9.77867105956708,8.72171667405696,2.4));
#11131=CARTESIAN_POINT('',(9.77867105956708,8.57066319283035,2.4));
#11132=CARTESIAN_POINT('',(9.77867105956708,8.93835833702848,2.4));
#11133=CARTESIAN_POINT('',(9.77867105956708,8.72171667405696,2.3));
#11134=CARTESIAN_POINT('',(9.77867105956708,8.72171667405696,2.4));
#11135=CARTESIAN_POINT('',(9.77867105956708,8.57066319283035,2.3));
#11136=CARTESIAN_POINT('',(9.77867105956708,8.72171667405696,2.3));
#11137=CARTESIAN_POINT('',(9.77867105956708,8.57066319283035,2.4));
#11138=CARTESIAN_POINT('Origin',(9.43961109956058,8.72171667405696,2.4));
#11139=CARTESIAN_POINT('',(9.43961109956058,8.72171667405696,2.4));
#11140=CARTESIAN_POINT('',(9.11304084389793,8.72171667405696,2.4));
#11141=CARTESIAN_POINT('',(9.43961109956058,8.72171667405696,2.3));
#11142=CARTESIAN_POINT('',(9.43961109956058,8.72171667405696,2.4));
#11143=CARTESIAN_POINT('',(9.43961109956058,8.72171667405696,2.3));
#11144=CARTESIAN_POINT('Ctrl Pts',(9.59974075562483,8.85980419122978,2.4));
#11145=CARTESIAN_POINT('Ctrl Pts',(9.59974075562483,8.85980419122978,2.28));
#11146=CARTESIAN_POINT('Ctrl Pts',(9.55111839042314,8.81183012423078,2.4));
#11147=CARTESIAN_POINT('Ctrl Pts',(9.55111839042314,8.81183012423078,2.28));
#11148=CARTESIAN_POINT('Ctrl Pts',(9.45970834384394,8.73727583092151,2.4));
#11149=CARTESIAN_POINT('Ctrl Pts',(9.45970834384394,8.73727583092151,2.28));
#11150=CARTESIAN_POINT('Ctrl Pts',(9.43961109956058,8.72171667405696,2.4));
#11151=CARTESIAN_POINT('Ctrl Pts',(9.43961109956058,8.72171667405696,2.28));
#11152=CARTESIAN_POINT('',(9.59974075562483,8.85980419122978,2.4));
#11153=CARTESIAN_POINT('Ctrl Pts',(9.59974075562483,8.85980419122978,2.4));
#11154=CARTESIAN_POINT('Ctrl Pts',(9.55111839042314,8.81183012423078,2.4));
#11155=CARTESIAN_POINT('Ctrl Pts',(9.45970834384394,8.73727583092151,2.4));
#11156=CARTESIAN_POINT('Ctrl Pts',(9.43961109956058,8.72171667405696,2.4));
#11157=CARTESIAN_POINT('',(9.59974075562483,8.85980419122978,2.3));
#11158=CARTESIAN_POINT('',(9.59974075562483,8.85980419122978,2.4));
#11159=CARTESIAN_POINT('Ctrl Pts',(9.59974075562483,8.85980419122978,2.3));
#11160=CARTESIAN_POINT('Ctrl Pts',(9.55111839042314,8.81183012423078,2.3));
#11161=CARTESIAN_POINT('Ctrl Pts',(9.45970834384394,8.73727583092151,2.3));
#11162=CARTESIAN_POINT('Ctrl Pts',(9.43961109956058,8.72171667405696,2.3));
#11163=CARTESIAN_POINT('Ctrl Pts',(9.74366295662186,9.14440710221039,2.4));
#11164=CARTESIAN_POINT('Ctrl Pts',(9.74366295662186,9.14440710221039,2.28));
#11165=CARTESIAN_POINT('Ctrl Pts',(9.74366295662186,9.07374259811726,2.4));
#11166=CARTESIAN_POINT('Ctrl Pts',(9.74366295662186,9.07374259811726,2.28));
#11167=CARTESIAN_POINT('Ctrl Pts',(9.67688824174486,8.9375999755525,2.4));
#11168=CARTESIAN_POINT('Ctrl Pts',(9.67688824174486,8.9375999755525,2.28));
#11169=CARTESIAN_POINT('Ctrl Pts',(9.59974075562483,8.85980419122978,2.4));
#11170=CARTESIAN_POINT('Ctrl Pts',(9.59974075562483,8.85980419122978,2.28));
#11171=CARTESIAN_POINT('',(9.74366295662186,9.14440710221039,2.4));
#11172=CARTESIAN_POINT('Ctrl Pts',(9.74366295662186,9.14440710221039,2.4));
#11173=CARTESIAN_POINT('Ctrl Pts',(9.74366295662186,9.07374259811726,2.4));
#11174=CARTESIAN_POINT('Ctrl Pts',(9.67688824174486,8.9375999755525,2.4));
#11175=CARTESIAN_POINT('Ctrl Pts',(9.59974075562483,8.85980419122978,2.4));
#11176=CARTESIAN_POINT('',(9.74366295662186,9.14440710221039,2.3));
#11177=CARTESIAN_POINT('',(9.74366295662186,9.14440710221039,2.4));
#11178=CARTESIAN_POINT('Ctrl Pts',(9.74366295662186,9.14440710221039,2.3));
#11179=CARTESIAN_POINT('Ctrl Pts',(9.74366295662186,9.07374259811726,2.3));
#11180=CARTESIAN_POINT('Ctrl Pts',(9.67688824174486,8.9375999755525,2.3));
#11181=CARTESIAN_POINT('Ctrl Pts',(9.59974075562483,8.85980419122978,2.3));
#11182=CARTESIAN_POINT('Ctrl Pts',(9.45452195822243,9.3862223318135,2.4));
#11183=CARTESIAN_POINT('Ctrl Pts',(9.45452195822243,9.3862223318135,2.28));
#11184=CARTESIAN_POINT('Ctrl Pts',(9.59714756281408,9.3862223318135,2.4));
#11185=CARTESIAN_POINT('Ctrl Pts',(9.59714756281408,9.3862223318135,2.28));
#11186=CARTESIAN_POINT('Ctrl Pts',(9.74366295662186,9.2591558840864,2.4));
#11187=CARTESIAN_POINT('Ctrl Pts',(9.74366295662186,9.2591558840864,2.28));
#11188=CARTESIAN_POINT('Ctrl Pts',(9.74366295662186,9.14440710221039,2.4));
#11189=CARTESIAN_POINT('Ctrl Pts',(9.74366295662186,9.14440710221039,2.28));
#11190=CARTESIAN_POINT('',(9.45452195822243,9.3862223318135,2.4));
#11191=CARTESIAN_POINT('Ctrl Pts',(9.45452195822243,9.3862223318135,2.4));
#11192=CARTESIAN_POINT('Ctrl Pts',(9.59714756281408,9.3862223318135,2.4));
#11193=CARTESIAN_POINT('Ctrl Pts',(9.74366295662186,9.2591558840864,2.4));
#11194=CARTESIAN_POINT('Ctrl Pts',(9.74366295662186,9.14440710221039,2.4));
#11195=CARTESIAN_POINT('',(9.45452195822243,9.3862223318135,2.3));
#11196=CARTESIAN_POINT('',(9.45452195822243,9.3862223318135,2.4));
#11197=CARTESIAN_POINT('Ctrl Pts',(9.45452195822243,9.3862223318135,2.3));
#11198=CARTESIAN_POINT('Ctrl Pts',(9.59714756281408,9.3862223318135,2.3));
#11199=CARTESIAN_POINT('Ctrl Pts',(9.74366295662186,9.2591558840864,2.3));
#11200=CARTESIAN_POINT('Ctrl Pts',(9.74366295662186,9.14440710221039,2.3));
#11201=CARTESIAN_POINT('Ctrl Pts',(9.21011353580856,9.33630337020643,2.4));
#11202=CARTESIAN_POINT('Ctrl Pts',(9.21011353580856,9.33630337020643,2.28));
#11203=CARTESIAN_POINT('Ctrl Pts',(9.2438250423484,9.35251082527366,2.4));
#11204=CARTESIAN_POINT('Ctrl Pts',(9.2438250423484,9.35251082527366,2.28));
#11205=CARTESIAN_POINT('Ctrl Pts',(9.38774724334543,9.3862223318135,2.4));
#11206=CARTESIAN_POINT('Ctrl Pts',(9.38774724334543,9.3862223318135,2.28));
#11207=CARTESIAN_POINT('Ctrl Pts',(9.45452195822243,9.3862223318135,2.4));
#11208=CARTESIAN_POINT('Ctrl Pts',(9.45452195822243,9.3862223318135,2.28));
#11209=CARTESIAN_POINT('',(9.21011353580856,9.33630337020643,2.4));
#11210=CARTESIAN_POINT('Ctrl Pts',(9.21011353580856,9.33630337020643,2.4));
#11211=CARTESIAN_POINT('Ctrl Pts',(9.2438250423484,9.35251082527366,2.4));
#11212=CARTESIAN_POINT('Ctrl Pts',(9.38774724334543,9.3862223318135,2.4));
#11213=CARTESIAN_POINT('Ctrl Pts',(9.45452195822243,9.3862223318135,2.4));
#11214=CARTESIAN_POINT('',(9.21011353580856,9.33630337020643,2.3));
#11215=CARTESIAN_POINT('',(9.21011353580856,9.33630337020643,2.4));
#11216=CARTESIAN_POINT('Ctrl Pts',(9.21011353580856,9.33630337020643,2.3));
#11217=CARTESIAN_POINT('Ctrl Pts',(9.2438250423484,9.35251082527366,2.3));
#11218=CARTESIAN_POINT('Ctrl Pts',(9.38774724334543,9.3862223318135,2.3));
#11219=CARTESIAN_POINT('Ctrl Pts',(9.45452195822243,9.3862223318135,2.3));
#11220=CARTESIAN_POINT('Origin',(9.21011353580856,9.161911153683,2.4));
#11221=CARTESIAN_POINT('',(9.21011353580856,9.161911153683,2.4));
#11222=CARTESIAN_POINT('',(9.21011353580856,9.1584555768415,2.4));
#11223=CARTESIAN_POINT('',(9.21011353580856,9.161911153683,2.3));
#11224=CARTESIAN_POINT('',(9.21011353580856,9.161911153683,2.4));
#11225=CARTESIAN_POINT('',(9.21011353580856,9.161911153683,2.3));
#11226=CARTESIAN_POINT('Origin',(9.2256726926731,9.161911153683,2.4));
#11227=CARTESIAN_POINT('',(9.2256726926731,9.161911153683,2.4));
#11228=CARTESIAN_POINT('',(9.0060716404542,9.161911153683,2.4));
#11229=CARTESIAN_POINT('',(9.2256726926731,9.161911153683,2.3));
#11230=CARTESIAN_POINT('',(9.2256726926731,9.161911153683,2.4));
#11231=CARTESIAN_POINT('',(9.2256726926731,9.161911153683,2.3));
#11232=CARTESIAN_POINT('Ctrl Pts',(9.30152358238775,9.20664372966857,2.4));
#11233=CARTESIAN_POINT('Ctrl Pts',(9.30152358238775,9.20664372966857,2.28));
#11234=CARTESIAN_POINT('Ctrl Pts',(9.2742950578748,9.19432606381747,2.4));
#11235=CARTESIAN_POINT('Ctrl Pts',(9.2742950578748,9.19432606381747,2.28));
#11236=CARTESIAN_POINT('Ctrl Pts',(9.23539716571344,9.1683941357099,2.4));
#11237=CARTESIAN_POINT('Ctrl Pts',(9.23539716571344,9.1683941357099,2.28));
#11238=CARTESIAN_POINT('Ctrl Pts',(9.2256726926731,9.161911153683,2.4));
#11239=CARTESIAN_POINT('Ctrl Pts',(9.2256726926731,9.161911153683,2.28));
#11240=CARTESIAN_POINT('',(9.30152358238775,9.20664372966857,2.4));
#11241=CARTESIAN_POINT('Ctrl Pts',(9.30152358238775,9.20664372966857,2.4));
#11242=CARTESIAN_POINT('Ctrl Pts',(9.2742950578748,9.19432606381747,2.4));
#11243=CARTESIAN_POINT('Ctrl Pts',(9.23539716571344,9.1683941357099,2.4));
#11244=CARTESIAN_POINT('Ctrl Pts',(9.2256726926731,9.161911153683,2.4));
#11245=CARTESIAN_POINT('',(9.30152358238775,9.20664372966857,2.3));
#11246=CARTESIAN_POINT('',(9.30152358238775,9.20664372966857,2.4));
#11247=CARTESIAN_POINT('Ctrl Pts',(9.30152358238775,9.20664372966857,2.3));
#11248=CARTESIAN_POINT('Ctrl Pts',(9.2742950578748,9.19432606381747,2.3));
#11249=CARTESIAN_POINT('Ctrl Pts',(9.23539716571344,9.1683941357099,2.3));
#11250=CARTESIAN_POINT('Ctrl Pts',(9.2256726926731,9.161911153683,2.3));
#11251=CARTESIAN_POINT('Ctrl Pts',(9.41432746965569,9.23322395597883,2.4));
#11252=CARTESIAN_POINT('Ctrl Pts',(9.41432746965569,9.23322395597883,2.28));
#11253=CARTESIAN_POINT('Ctrl Pts',(9.3838574541293,9.23322395597883,2.4));
#11254=CARTESIAN_POINT('Ctrl Pts',(9.3838574541293,9.23322395597883,2.28));
#11255=CARTESIAN_POINT('Ctrl Pts',(9.32940040510339,9.21831309731697,2.4));
#11256=CARTESIAN_POINT('Ctrl Pts',(9.32940040510339,9.21831309731697,2.28));
#11257=CARTESIAN_POINT('Ctrl Pts',(9.30152358238775,9.20664372966857,2.4));
#11258=CARTESIAN_POINT('Ctrl Pts',(9.30152358238775,9.20664372966857,2.28));
#11259=CARTESIAN_POINT('',(9.41432746965569,9.23322395597883,2.4));
#11260=CARTESIAN_POINT('Ctrl Pts',(9.41432746965569,9.23322395597883,2.4));
#11261=CARTESIAN_POINT('Ctrl Pts',(9.3838574541293,9.23322395597883,2.4));
#11262=CARTESIAN_POINT('Ctrl Pts',(9.32940040510339,9.21831309731697,2.4));
#11263=CARTESIAN_POINT('Ctrl Pts',(9.30152358238775,9.20664372966857,2.4));
#11264=CARTESIAN_POINT('',(9.41432746965569,9.23322395597883,2.3));
#11265=CARTESIAN_POINT('',(9.41432746965569,9.23322395597883,2.4));
#11266=CARTESIAN_POINT('Ctrl Pts',(9.41432746965569,9.23322395597883,2.3));
#11267=CARTESIAN_POINT('Ctrl Pts',(9.3838574541293,9.23322395597883,2.3));
#11268=CARTESIAN_POINT('Ctrl Pts',(9.32940040510339,9.21831309731697,2.3));
#11269=CARTESIAN_POINT('Ctrl Pts',(9.30152358238775,9.20664372966857,2.3));
#11270=CARTESIAN_POINT('Ctrl Pts',(9.54074561918011,9.11782687590013,2.4));
#11271=CARTESIAN_POINT('Ctrl Pts',(9.54074561918011,9.11782687590013,2.28));
#11272=CARTESIAN_POINT('Ctrl Pts',(9.54074561918011,9.17358052133141,2.4));
#11273=CARTESIAN_POINT('Ctrl Pts',(9.54074561918011,9.17358052133141,2.28));
#11274=CARTESIAN_POINT('Ctrl Pts',(9.47397090430311,9.23322395597883,2.4));
#11275=CARTESIAN_POINT('Ctrl Pts',(9.47397090430311,9.23322395597883,2.28));
#11276=CARTESIAN_POINT('Ctrl Pts',(9.41432746965569,9.23322395597883,2.4));
#11277=CARTESIAN_POINT('Ctrl Pts',(9.41432746965569,9.23322395597883,2.28));
#11278=CARTESIAN_POINT('',(9.54074561918011,9.11782687590013,2.4));
#11279=CARTESIAN_POINT('Ctrl Pts',(9.54074561918011,9.11782687590013,2.4));
#11280=CARTESIAN_POINT('Ctrl Pts',(9.54074561918011,9.17358052133141,2.4));
#11281=CARTESIAN_POINT('Ctrl Pts',(9.47397090430311,9.23322395597883,2.4));
#11282=CARTESIAN_POINT('Ctrl Pts',(9.41432746965569,9.23322395597883,2.4));
#11283=CARTESIAN_POINT('',(9.54074561918011,9.11782687590013,2.3));
#11284=CARTESIAN_POINT('',(9.54074561918011,9.11782687590013,2.4));
#11285=CARTESIAN_POINT('Ctrl Pts',(9.54074561918011,9.11782687590013,2.3));
#11286=CARTESIAN_POINT('Ctrl Pts',(9.54074561918011,9.17358052133141,2.3));
#11287=CARTESIAN_POINT('Ctrl Pts',(9.47397090430311,9.23322395597883,2.3));
#11288=CARTESIAN_POINT('Ctrl Pts',(9.41432746965569,9.23322395597883,2.3));
#11289=CARTESIAN_POINT('Ctrl Pts',(9.42923832831755,8.91296464385031,2.4));
#11290=CARTESIAN_POINT('Ctrl Pts',(9.42923832831755,8.91296464385031,2.28));
#11291=CARTESIAN_POINT('Ctrl Pts',(9.48823346476227,8.97455297310579,2.4));
#11292=CARTESIAN_POINT('Ctrl Pts',(9.48823346476227,8.97455297310579,2.28));
#11293=CARTESIAN_POINT('Ctrl Pts',(9.54074561918011,9.06855621249574,2.4));
#11294=CARTESIAN_POINT('Ctrl Pts',(9.54074561918011,9.06855621249574,2.28));
#11295=CARTESIAN_POINT('Ctrl Pts',(9.54074561918011,9.11782687590013,2.4));
#11296=CARTESIAN_POINT('Ctrl Pts',(9.54074561918011,9.11782687590013,2.28));
#11297=CARTESIAN_POINT('',(9.42923832831755,8.91296464385031,2.4));
#11298=CARTESIAN_POINT('Ctrl Pts',(9.42923832831755,8.91296464385031,2.4));
#11299=CARTESIAN_POINT('Ctrl Pts',(9.48823346476227,8.97455297310579,2.4));
#11300=CARTESIAN_POINT('Ctrl Pts',(9.54074561918011,9.06855621249574,2.4));
#11301=CARTESIAN_POINT('Ctrl Pts',(9.54074561918011,9.11782687590013,2.4));
#11302=CARTESIAN_POINT('',(9.42923832831755,8.91296464385031,2.3));
#11303=CARTESIAN_POINT('',(9.42923832831755,8.91296464385031,2.4));
#11304=CARTESIAN_POINT('Ctrl Pts',(9.42923832831755,8.91296464385031,2.3));
#11305=CARTESIAN_POINT('Ctrl Pts',(9.48823346476227,8.97455297310579,2.3));
#11306=CARTESIAN_POINT('Ctrl Pts',(9.54074561918011,9.06855621249574,2.3));
#11307=CARTESIAN_POINT('Ctrl Pts',(9.54074561918011,9.11782687590013,2.3));
#11308=CARTESIAN_POINT('Ctrl Pts',(9.19066458972788,8.7009711315709,2.4));
#11309=CARTESIAN_POINT('Ctrl Pts',(9.19066458972788,8.7009711315709,2.28));
#11310=CARTESIAN_POINT('Ctrl Pts',(9.26521888303715,8.76061456621832,2.4));
#11311=CARTESIAN_POINT('Ctrl Pts',(9.26521888303715,8.76061456621832,2.28));
#11312=CARTESIAN_POINT('Ctrl Pts',(9.38450575233198,8.86563887505399,2.4));
#11313=CARTESIAN_POINT('Ctrl Pts',(9.38450575233198,8.86563887505399,2.28));
#11314=CARTESIAN_POINT('Ctrl Pts',(9.42923832831755,8.91296464385031,2.4));
#11315=CARTESIAN_POINT('Ctrl Pts',(9.42923832831755,8.91296464385031,2.28));
#11316=CARTESIAN_POINT('',(9.19066458972788,8.7009711315709,2.4));
#11317=CARTESIAN_POINT('Ctrl Pts',(9.19066458972788,8.7009711315709,2.4));
#11318=CARTESIAN_POINT('Ctrl Pts',(9.26521888303715,8.76061456621832,2.4));
#11319=CARTESIAN_POINT('Ctrl Pts',(9.38450575233198,8.86563887505399,2.4));
#11320=CARTESIAN_POINT('Ctrl Pts',(9.42923832831755,8.91296464385031,2.4));
#11321=CARTESIAN_POINT('',(9.19066458972788,8.7009711315709,2.3));
#11322=CARTESIAN_POINT('',(9.19066458972788,8.7009711315709,2.4));
#11323=CARTESIAN_POINT('Ctrl Pts',(9.19066458972788,8.7009711315709,2.3));
#11324=CARTESIAN_POINT('Ctrl Pts',(9.26521888303715,8.76061456621832,2.3));
#11325=CARTESIAN_POINT('Ctrl Pts',(9.38450575233198,8.86563887505399,2.3));
#11326=CARTESIAN_POINT('Ctrl Pts',(9.42923832831755,8.91296464385031,2.3));
#11327=CARTESIAN_POINT('Origin',(9.19066458972788,8.57066319283035,2.4));
#11328=CARTESIAN_POINT('',(9.19066458972788,8.57066319283035,2.4));
#11329=CARTESIAN_POINT('',(9.19066458972788,8.86283159641518,2.4));
#11330=CARTESIAN_POINT('',(9.19066458972788,8.57066319283035,2.3));
#11331=CARTESIAN_POINT('',(9.19066458972788,8.57066319283035,2.4));
#11332=CARTESIAN_POINT('',(9.19066458972788,8.57066319283035,2.3));
#11333=CARTESIAN_POINT('Origin',(9.77867105956708,8.57066319283035,2.4));
#11334=CARTESIAN_POINT('',(9.28257082390119,8.57066319283035,2.4));
#11335=CARTESIAN_POINT('',(9.77867105956708,8.57066319283035,2.3));
#11336=CARTESIAN_POINT('Origin',(9.48799169958859,8.91640880108991,2.3));
#11337=CARTESIAN_POINT('Ctrl Pts',(8.26230156347679,8.57844277126263,2.4));
#11338=CARTESIAN_POINT('Ctrl Pts',(8.26230156347679,8.57844277126263,2.28));
#11339=CARTESIAN_POINT('Ctrl Pts',(8.22470026772081,8.56677340361422,2.4));
#11340=CARTESIAN_POINT('Ctrl Pts',(8.22470026772081,8.56677340361422,2.28));
#11341=CARTESIAN_POINT('Ctrl Pts',(8.15922214924919,8.55510403596581,2.4));
#11342=CARTESIAN_POINT('Ctrl Pts',(8.15922214924919,8.55510403596581,2.28));
#11343=CARTESIAN_POINT('Ctrl Pts',(8.10217190741253,8.55510403596581,2.4));
#11344=CARTESIAN_POINT('Ctrl Pts',(8.10217190741253,8.55510403596581,2.28));
#11345=CARTESIAN_POINT('',(8.26230156347679,8.57844277126263,2.4));
#11346=CARTESIAN_POINT('',(8.10217190741253,8.55510403596581,2.4));
#11347=CARTESIAN_POINT('Ctrl Pts',(8.26230156347679,8.57844277126263,2.4));
#11348=CARTESIAN_POINT('Ctrl Pts',(8.22470026772081,8.56677340361422,2.4));
#11349=CARTESIAN_POINT('Ctrl Pts',(8.15922214924919,8.55510403596581,2.4));
#11350=CARTESIAN_POINT('Ctrl Pts',(8.10217190741253,8.55510403596581,2.4));
#11351=CARTESIAN_POINT('',(8.26230156347679,8.57844277126263,2.3));
#11352=CARTESIAN_POINT('',(8.26230156347679,8.57844277126263,2.4));
#11353=CARTESIAN_POINT('',(8.10217190741253,8.55510403596581,2.3));
#11354=CARTESIAN_POINT('Ctrl Pts',(8.26230156347679,8.57844277126263,2.3));
#11355=CARTESIAN_POINT('Ctrl Pts',(8.22470026772081,8.56677340361422,2.3));
#11356=CARTESIAN_POINT('Ctrl Pts',(8.15922214924919,8.55510403596581,2.3));
#11357=CARTESIAN_POINT('Ctrl Pts',(8.10217190741253,8.55510403596581,2.3));
#11358=CARTESIAN_POINT('',(8.10217190741253,8.55510403596581,2.4));
#11359=CARTESIAN_POINT('Ctrl Pts',(8.37316055613666,8.62382364545088,2.4));
#11360=CARTESIAN_POINT('Ctrl Pts',(8.37316055613666,8.62382364545088,2.28));
#11361=CARTESIAN_POINT('Ctrl Pts',(8.35111841724522,8.61345087420785,2.4));
#11362=CARTESIAN_POINT('Ctrl Pts',(8.35111841724522,8.61345087420785,2.28));
#11363=CARTESIAN_POINT('Ctrl Pts',(8.29341987720587,8.58751894610028,2.4));
#11364=CARTESIAN_POINT('Ctrl Pts',(8.29341987720587,8.58751894610028,2.28));
#11365=CARTESIAN_POINT('Ctrl Pts',(8.26230156347679,8.57844277126263,2.4));
#11366=CARTESIAN_POINT('Ctrl Pts',(8.26230156347679,8.57844277126263,2.28));
#11367=CARTESIAN_POINT('',(8.37316055613666,8.62382364545088,2.4));
#11368=CARTESIAN_POINT('Ctrl Pts',(8.37316055613666,8.62382364545088,2.4));
#11369=CARTESIAN_POINT('Ctrl Pts',(8.35111841724522,8.61345087420785,2.4));
#11370=CARTESIAN_POINT('Ctrl Pts',(8.29341987720587,8.58751894610028,2.4));
#11371=CARTESIAN_POINT('Ctrl Pts',(8.26230156347679,8.57844277126263,2.4));
#11372=CARTESIAN_POINT('',(8.37316055613666,8.62382364545088,2.3));
#11373=CARTESIAN_POINT('',(8.37316055613666,8.62382364545088,2.4));
#11374=CARTESIAN_POINT('Ctrl Pts',(8.37316055613666,8.62382364545088,2.3));
#11375=CARTESIAN_POINT('Ctrl Pts',(8.35111841724522,8.61345087420785,2.3));
#11376=CARTESIAN_POINT('Ctrl Pts',(8.29341987720587,8.58751894610028,2.3));
#11377=CARTESIAN_POINT('Ctrl Pts',(8.26230156347679,8.57844277126263,2.3));
#11378=CARTESIAN_POINT('Origin',(8.37316055613666,8.81183012423078,2.4));
#11379=CARTESIAN_POINT('',(8.37316055613666,8.81183012423078,2.4));
#11380=CARTESIAN_POINT('',(8.37316055613666,8.98341506211539,2.4));
#11381=CARTESIAN_POINT('',(8.37316055613666,8.81183012423078,2.3));
#11382=CARTESIAN_POINT('',(8.37316055613666,8.81183012423078,2.4));
#11383=CARTESIAN_POINT('',(8.37316055613666,8.81183012423078,2.3));
#11384=CARTESIAN_POINT('Origin',(8.35500820646136,8.81183012423078,2.4));
#11385=CARTESIAN_POINT('',(8.35500820646136,8.81183012423078,2.4));
#11386=CARTESIAN_POINT('',(8.57073939734833,8.81183012423078,2.4));
#11387=CARTESIAN_POINT('',(8.35500820646136,8.81183012423078,2.3));
#11388=CARTESIAN_POINT('',(8.35500820646136,8.81183012423078,2.4));
#11389=CARTESIAN_POINT('',(8.35500820646136,8.81183012423078,2.3));
#11390=CARTESIAN_POINT('Ctrl Pts',(8.27202603651713,8.74764860216453,2.4));
#11391=CARTESIAN_POINT('Ctrl Pts',(8.27202603651713,8.74764860216453,2.28));
#11392=CARTESIAN_POINT('Ctrl Pts',(8.29925456103008,8.76385605723177,2.4));
#11393=CARTESIAN_POINT('Ctrl Pts',(8.29925456103008,8.76385605723177,2.28));
#11394=CARTESIAN_POINT('Ctrl Pts',(8.3400973477995,8.7982158619743,2.4));
#11395=CARTESIAN_POINT('Ctrl Pts',(8.3400973477995,8.7982158619743,2.28));
#11396=CARTESIAN_POINT('Ctrl Pts',(8.35500820646136,8.81183012423078,2.4));
#11397=CARTESIAN_POINT('Ctrl Pts',(8.35500820646136,8.81183012423078,2.28));
#11398=CARTESIAN_POINT('',(8.27202603651713,8.74764860216453,2.4));
#11399=CARTESIAN_POINT('Ctrl Pts',(8.27202603651713,8.74764860216453,2.4));
#11400=CARTESIAN_POINT('Ctrl Pts',(8.29925456103008,8.76385605723177,2.4));
#11401=CARTESIAN_POINT('Ctrl Pts',(8.3400973477995,8.7982158619743,2.4));
#11402=CARTESIAN_POINT('Ctrl Pts',(8.35500820646136,8.81183012423078,2.4));
#11403=CARTESIAN_POINT('',(8.27202603651713,8.74764860216453,2.3));
#11404=CARTESIAN_POINT('',(8.27202603651713,8.74764860216453,2.4));
#11405=CARTESIAN_POINT('Ctrl Pts',(8.27202603651713,8.74764860216453,2.3));
#11406=CARTESIAN_POINT('Ctrl Pts',(8.29925456103008,8.76385605723177,2.3));
#11407=CARTESIAN_POINT('Ctrl Pts',(8.3400973477995,8.7982158619743,2.3));
#11408=CARTESIAN_POINT('Ctrl Pts',(8.35500820646136,8.81183012423078,2.3));
#11409=CARTESIAN_POINT('Ctrl Pts',(8.13588341395237,8.70486092078704,2.4));
#11410=CARTESIAN_POINT('Ctrl Pts',(8.13588341395237,8.70486092078704,2.28));
#11411=CARTESIAN_POINT('Ctrl Pts',(8.17542960431642,8.70486092078704,2.4));
#11412=CARTESIAN_POINT('Ctrl Pts',(8.17542960431642,8.70486092078704,2.28));
#11413=CARTESIAN_POINT('Ctrl Pts',(8.24739070481493,8.7314411470973,2.4));
#11414=CARTESIAN_POINT('Ctrl Pts',(8.24739070481493,8.7314411470973,2.28));
#11415=CARTESIAN_POINT('Ctrl Pts',(8.27202603651713,8.74764860216453,2.4));
#11416=CARTESIAN_POINT('Ctrl Pts',(8.27202603651713,8.74764860216453,2.28));
#11417=CARTESIAN_POINT('',(8.13588341395237,8.70486092078704,2.4));
#11418=CARTESIAN_POINT('Ctrl Pts',(8.13588341395237,8.70486092078704,2.4));
#11419=CARTESIAN_POINT('Ctrl Pts',(8.17542960431642,8.70486092078704,2.4));
#11420=CARTESIAN_POINT('Ctrl Pts',(8.24739070481493,8.7314411470973,2.4));
#11421=CARTESIAN_POINT('Ctrl Pts',(8.27202603651713,8.74764860216453,2.4));
#11422=CARTESIAN_POINT('',(8.13588341395237,8.70486092078704,2.3));
#11423=CARTESIAN_POINT('',(8.13588341395237,8.70486092078704,2.4));
#11424=CARTESIAN_POINT('Ctrl Pts',(8.13588341395237,8.70486092078704,2.3));
#11425=CARTESIAN_POINT('Ctrl Pts',(8.17542960431642,8.70486092078704,2.3));
#11426=CARTESIAN_POINT('Ctrl Pts',(8.24739070481493,8.7314411470973,2.3));
#11427=CARTESIAN_POINT('Ctrl Pts',(8.27202603651713,8.74764860216453,2.3));
#11428=CARTESIAN_POINT('Ctrl Pts',(7.99001631834728,8.7619111626237,2.4));
#11429=CARTESIAN_POINT('Ctrl Pts',(7.99001631834728,8.7619111626237,2.28));
#11430=CARTESIAN_POINT('Ctrl Pts',(8.02113463207636,8.7314411470973,2.4));
#11431=CARTESIAN_POINT('Ctrl Pts',(8.02113463207636,8.7314411470973,2.28));
#11432=CARTESIAN_POINT('Ctrl Pts',(8.0976338199937,8.70486092078704,2.4));
#11433=CARTESIAN_POINT('Ctrl Pts',(8.0976338199937,8.70486092078704,2.28));
#11434=CARTESIAN_POINT('Ctrl Pts',(8.13588341395237,8.70486092078704,2.4));
#11435=CARTESIAN_POINT('Ctrl Pts',(8.13588341395237,8.70486092078704,2.28));
#11436=CARTESIAN_POINT('',(7.99001631834728,8.7619111626237,2.4));
#11437=CARTESIAN_POINT('Ctrl Pts',(7.99001631834728,8.7619111626237,2.4));
#11438=CARTESIAN_POINT('Ctrl Pts',(8.02113463207636,8.7314411470973,2.4));
#11439=CARTESIAN_POINT('Ctrl Pts',(8.0976338199937,8.70486092078704,2.4));
#11440=CARTESIAN_POINT('Ctrl Pts',(8.13588341395237,8.70486092078704,2.4));
#11441=CARTESIAN_POINT('',(7.99001631834728,8.7619111626237,2.3));
#11442=CARTESIAN_POINT('',(7.99001631834728,8.7619111626237,2.4));
#11443=CARTESIAN_POINT('Ctrl Pts',(7.99001631834728,8.7619111626237,2.3));
#11444=CARTESIAN_POINT('Ctrl Pts',(8.02113463207636,8.7314411470973,2.3));
#11445=CARTESIAN_POINT('Ctrl Pts',(8.0976338199937,8.70486092078704,2.3));
#11446=CARTESIAN_POINT('Ctrl Pts',(8.13588341395237,8.70486092078704,2.3));
#11447=CARTESIAN_POINT('Ctrl Pts',(7.91805521784877,8.96936658748428,2.4));
#11448=CARTESIAN_POINT('Ctrl Pts',(7.91805521784877,8.96936658748428,2.28));
#11449=CARTESIAN_POINT('Ctrl Pts',(7.91805521784877,8.89481229417501,2.4));
#11450=CARTESIAN_POINT('Ctrl Pts',(7.91805521784877,8.89481229417501,2.28));
#11451=CARTESIAN_POINT('Ctrl Pts',(7.95760140821281,8.79302947635279,2.4));
#11452=CARTESIAN_POINT('Ctrl Pts',(7.95760140821281,8.79302947635279,2.28));
#11453=CARTESIAN_POINT('Ctrl Pts',(7.99001631834728,8.7619111626237,2.4));
#11454=CARTESIAN_POINT('Ctrl Pts',(7.99001631834728,8.7619111626237,2.28));
#11455=CARTESIAN_POINT('',(7.91805521784877,8.96936658748428,2.4));
#11456=CARTESIAN_POINT('Ctrl Pts',(7.91805521784877,8.96936658748428,2.4));
#11457=CARTESIAN_POINT('Ctrl Pts',(7.91805521784877,8.89481229417501,2.4));
#11458=CARTESIAN_POINT('Ctrl Pts',(7.95760140821281,8.79302947635279,2.4));
#11459=CARTESIAN_POINT('Ctrl Pts',(7.99001631834728,8.7619111626237,2.4));
#11460=CARTESIAN_POINT('',(7.91805521784877,8.96936658748428,2.3));
#11461=CARTESIAN_POINT('',(7.91805521784877,8.96936658748428,2.4));
#11462=CARTESIAN_POINT('Ctrl Pts',(7.91805521784877,8.96936658748428,2.3));
#11463=CARTESIAN_POINT('Ctrl Pts',(7.91805521784877,8.89481229417501,2.3));
#11464=CARTESIAN_POINT('Ctrl Pts',(7.95760140821281,8.79302947635279,2.3));
#11465=CARTESIAN_POINT('Ctrl Pts',(7.99001631834728,8.7619111626237,2.3));
#11466=CARTESIAN_POINT('Ctrl Pts',(7.98612652913114,9.17487711773679,2.4));
#11467=CARTESIAN_POINT('Ctrl Pts',(7.98612652913114,9.17487711773679,2.28));
#11468=CARTESIAN_POINT('Ctrl Pts',(7.95630481180743,9.14440710221039,2.4));
#11469=CARTESIAN_POINT('Ctrl Pts',(7.95630481180743,9.14440710221039,2.28));
#11470=CARTESIAN_POINT('Ctrl Pts',(7.91805521784877,9.04003109157741,2.4));
#11471=CARTESIAN_POINT('Ctrl Pts',(7.91805521784877,9.04003109157741,2.28));
#11472=CARTESIAN_POINT('Ctrl Pts',(7.91805521784877,8.96936658748428,2.4));
#11473=CARTESIAN_POINT('Ctrl Pts',(7.91805521784877,8.96936658748428,2.28));
#11474=CARTESIAN_POINT('',(7.98612652913114,9.17487711773679,2.4));
#11475=CARTESIAN_POINT('Ctrl Pts',(7.98612652913114,9.17487711773679,2.4));
#11476=CARTESIAN_POINT('Ctrl Pts',(7.95630481180743,9.14440710221039,2.4));
#11477=CARTESIAN_POINT('Ctrl Pts',(7.91805521784877,9.04003109157741,2.4));
#11478=CARTESIAN_POINT('Ctrl Pts',(7.91805521784877,8.96936658748428,2.4));
#11479=CARTESIAN_POINT('',(7.98612652913114,9.17487711773679,2.3));
#11480=CARTESIAN_POINT('',(7.98612652913114,9.17487711773679,2.4));
#11481=CARTESIAN_POINT('Ctrl Pts',(7.98612652913114,9.17487711773679,2.3));
#11482=CARTESIAN_POINT('Ctrl Pts',(7.95630481180743,9.14440710221039,2.3));
#11483=CARTESIAN_POINT('Ctrl Pts',(7.91805521784877,9.04003109157741,2.3));
#11484=CARTESIAN_POINT('Ctrl Pts',(7.91805521784877,8.96936658748428,2.3));
#11485=CARTESIAN_POINT('Ctrl Pts',(8.13458681754699,9.23646544699228,2.4));
#11486=CARTESIAN_POINT('Ctrl Pts',(8.13458681754699,9.23646544699228,2.28));
#11487=CARTESIAN_POINT('Ctrl Pts',(8.09115083796681,9.23646544699228,2.4));
#11488=CARTESIAN_POINT('Ctrl Pts',(8.09115083796681,9.23646544699228,2.28));
#11489=CARTESIAN_POINT('Ctrl Pts',(8.0191897374683,9.20923692247932,2.4));
#11490=CARTESIAN_POINT('Ctrl Pts',(8.0191897374683,9.20923692247932,2.28));
#11491=CARTESIAN_POINT('Ctrl Pts',(7.98612652913114,9.17487711773679,2.4));
#11492=CARTESIAN_POINT('Ctrl Pts',(7.98612652913114,9.17487711773679,2.28));
#11493=CARTESIAN_POINT('',(8.13458681754699,9.23646544699228,2.4));
#11494=CARTESIAN_POINT('Ctrl Pts',(8.13458681754699,9.23646544699228,2.4));
#11495=CARTESIAN_POINT('Ctrl Pts',(8.09115083796681,9.23646544699228,2.4));
#11496=CARTESIAN_POINT('Ctrl Pts',(8.0191897374683,9.20923692247932,2.4));
#11497=CARTESIAN_POINT('Ctrl Pts',(7.98612652913114,9.17487711773679,2.4));
#11498=CARTESIAN_POINT('',(8.13458681754699,9.23646544699228,2.3));
#11499=CARTESIAN_POINT('',(8.13458681754699,9.23646544699228,2.4));
#11500=CARTESIAN_POINT('Ctrl Pts',(8.13458681754699,9.23646544699228,2.3));
#11501=CARTESIAN_POINT('Ctrl Pts',(8.09115083796681,9.23646544699228,2.3));
#11502=CARTESIAN_POINT('Ctrl Pts',(8.0191897374683,9.20923692247932,2.3));
#11503=CARTESIAN_POINT('Ctrl Pts',(7.98612652913114,9.17487711773679,2.3));
#11504=CARTESIAN_POINT('Ctrl Pts',(8.26619135269292,9.19497436202016,2.4));
#11505=CARTESIAN_POINT('Ctrl Pts',(8.26619135269292,9.19497436202016,2.28));
#11506=CARTESIAN_POINT('Ctrl Pts',(8.23831452997728,9.21247841349277,2.4));
#11507=CARTESIAN_POINT('Ctrl Pts',(8.23831452997728,9.21247841349277,2.28));
#11508=CARTESIAN_POINT('Ctrl Pts',(8.17153981510028,9.23646544699228,2.4));
#11509=CARTESIAN_POINT('Ctrl Pts',(8.17153981510028,9.23646544699228,2.28));
#11510=CARTESIAN_POINT('Ctrl Pts',(8.13458681754699,9.23646544699228,2.4));
#11511=CARTESIAN_POINT('Ctrl Pts',(8.13458681754699,9.23646544699228,2.28));
#11512=CARTESIAN_POINT('',(8.26619135269292,9.19497436202016,2.4));
#11513=CARTESIAN_POINT('Ctrl Pts',(8.26619135269292,9.19497436202016,2.4));
#11514=CARTESIAN_POINT('Ctrl Pts',(8.23831452997728,9.21247841349277,2.4));
#11515=CARTESIAN_POINT('Ctrl Pts',(8.17153981510028,9.23646544699228,2.4));
#11516=CARTESIAN_POINT('Ctrl Pts',(8.13458681754699,9.23646544699228,2.4));
#11517=CARTESIAN_POINT('',(8.26619135269292,9.19497436202016,2.3));
#11518=CARTESIAN_POINT('',(8.26619135269292,9.19497436202016,2.4));
#11519=CARTESIAN_POINT('Ctrl Pts',(8.26619135269292,9.19497436202016,2.3));
#11520=CARTESIAN_POINT('Ctrl Pts',(8.23831452997728,9.21247841349277,2.3));
#11521=CARTESIAN_POINT('Ctrl Pts',(8.17153981510028,9.23646544699228,2.3));
#11522=CARTESIAN_POINT('Ctrl Pts',(8.13458681754699,9.23646544699228,2.3));
#11523=CARTESIAN_POINT('Ctrl Pts',(8.35306331185329,9.12884794534585,2.4));
#11524=CARTESIAN_POINT('Ctrl Pts',(8.35306331185329,9.12884794534585,2.28));
#11525=CARTESIAN_POINT('Ctrl Pts',(8.33815245319143,9.14181390939963,2.4));
#11526=CARTESIAN_POINT('Ctrl Pts',(8.33815245319143,9.14181390939963,2.28));
#11527=CARTESIAN_POINT('Ctrl Pts',(8.29406817540856,9.17811860875024,2.4));
#11528=CARTESIAN_POINT('Ctrl Pts',(8.29406817540856,9.17811860875024,2.28));
#11529=CARTESIAN_POINT('Ctrl Pts',(8.26619135269292,9.19497436202016,2.4));
#11530=CARTESIAN_POINT('Ctrl Pts',(8.26619135269292,9.19497436202016,2.28));
#11531=CARTESIAN_POINT('',(8.35306331185329,9.12884794534585,2.4));
#11532=CARTESIAN_POINT('Ctrl Pts',(8.35306331185329,9.12884794534585,2.4));
#11533=CARTESIAN_POINT('Ctrl Pts',(8.33815245319143,9.14181390939963,2.4));
#11534=CARTESIAN_POINT('Ctrl Pts',(8.29406817540856,9.17811860875024,2.4));
#11535=CARTESIAN_POINT('Ctrl Pts',(8.26619135269292,9.19497436202016,2.4));
#11536=CARTESIAN_POINT('',(8.35306331185329,9.12884794534585,2.3));
#11537=CARTESIAN_POINT('',(8.35306331185329,9.12884794534585,2.4));
#11538=CARTESIAN_POINT('Ctrl Pts',(8.35306331185329,9.12884794534585,2.3));
#11539=CARTESIAN_POINT('Ctrl Pts',(8.33815245319143,9.14181390939963,2.3));
#11540=CARTESIAN_POINT('Ctrl Pts',(8.29406817540856,9.17811860875024,2.3));
#11541=CARTESIAN_POINT('Ctrl Pts',(8.26619135269292,9.19497436202016,2.3));
#11542=CARTESIAN_POINT('Origin',(8.37316055613666,9.12884794534585,2.4));
#11543=CARTESIAN_POINT('',(8.37316055613666,9.12884794534585,2.4));
#11544=CARTESIAN_POINT('',(8.57981557218598,9.12884794534585,2.4));
#11545=CARTESIAN_POINT('',(8.37316055613666,9.12884794534585,2.3));
#11546=CARTESIAN_POINT('',(8.37316055613666,9.12884794534585,2.4));
#11547=CARTESIAN_POINT('',(8.37316055613666,9.12884794534585,2.3));
#11548=CARTESIAN_POINT('Origin',(8.37316055613666,9.31944761693651,2.4));
#11549=CARTESIAN_POINT('',(8.37316055613666,9.31944761693651,2.4));
#11550=CARTESIAN_POINT('',(8.37316055613666,9.23722380846825,2.4));
#11551=CARTESIAN_POINT('',(8.37316055613666,9.31944761693651,2.3));
#11552=CARTESIAN_POINT('',(8.37316055613666,9.31944761693651,2.4));
#11553=CARTESIAN_POINT('',(8.37316055613666,9.31944761693651,2.3));
#11554=CARTESIAN_POINT('Ctrl Pts',(8.2616532652741,9.36612508753013,2.4));
#11555=CARTESIAN_POINT('Ctrl Pts',(8.2616532652741,9.36612508753013,2.28));
#11556=CARTESIAN_POINT('Ctrl Pts',(8.28888178978705,9.35769721089517,2.4));
#11557=CARTESIAN_POINT('Ctrl Pts',(8.28888178978705,9.35769721089517,2.28));
#11558=CARTESIAN_POINT('Ctrl Pts',(8.35306331185329,9.32982038817953,2.4));
#11559=CARTESIAN_POINT('Ctrl Pts',(8.35306331185329,9.32982038817953,2.28));
#11560=CARTESIAN_POINT('Ctrl Pts',(8.37316055613666,9.31944761693651,2.4));
#11561=CARTESIAN_POINT('Ctrl Pts',(8.37316055613666,9.31944761693651,2.28));
#11562=CARTESIAN_POINT('',(8.2616532652741,9.36612508753013,2.4));
#11563=CARTESIAN_POINT('Ctrl Pts',(8.2616532652741,9.36612508753013,2.4));
#11564=CARTESIAN_POINT('Ctrl Pts',(8.28888178978705,9.35769721089517,2.4));
#11565=CARTESIAN_POINT('Ctrl Pts',(8.35306331185329,9.32982038817953,2.4));
#11566=CARTESIAN_POINT('Ctrl Pts',(8.37316055613666,9.31944761693651,2.4));
#11567=CARTESIAN_POINT('',(8.2616532652741,9.36612508753013,2.3));
#11568=CARTESIAN_POINT('',(8.2616532652741,9.36612508753013,2.4));
#11569=CARTESIAN_POINT('Ctrl Pts',(8.2616532652741,9.36612508753013,2.3));
#11570=CARTESIAN_POINT('Ctrl Pts',(8.28888178978705,9.35769721089517,2.3));
#11571=CARTESIAN_POINT('Ctrl Pts',(8.35306331185329,9.32982038817953,2.3));
#11572=CARTESIAN_POINT('Ctrl Pts',(8.37316055613666,9.31944761693651,2.3));
#11573=CARTESIAN_POINT('Ctrl Pts',(8.10282020561521,9.3862223318135,2.4));
#11574=CARTESIAN_POINT('Ctrl Pts',(8.10282020561521,9.3862223318135,2.28));
#11575=CARTESIAN_POINT('Ctrl Pts',(8.15014597441154,9.3862223318135,2.4));
#11576=CARTESIAN_POINT('Ctrl Pts',(8.15014597441154,9.3862223318135,2.28));
#11577=CARTESIAN_POINT('Ctrl Pts',(8.22664516232887,9.37520126236779,2.4));
#11578=CARTESIAN_POINT('Ctrl Pts',(8.22664516232887,9.37520126236779,2.28));
#11579=CARTESIAN_POINT('Ctrl Pts',(8.2616532652741,9.36612508753013,2.4));
#11580=CARTESIAN_POINT('Ctrl Pts',(8.2616532652741,9.36612508753013,2.28));
#11581=CARTESIAN_POINT('',(8.10282020561521,9.3862223318135,2.4));
#11582=CARTESIAN_POINT('Ctrl Pts',(8.10282020561521,9.3862223318135,2.4));
#11583=CARTESIAN_POINT('Ctrl Pts',(8.15014597441154,9.3862223318135,2.4));
#11584=CARTESIAN_POINT('Ctrl Pts',(8.22664516232887,9.37520126236779,2.4));
#11585=CARTESIAN_POINT('Ctrl Pts',(8.2616532652741,9.36612508753013,2.4));
#11586=CARTESIAN_POINT('',(8.10282020561521,9.3862223318135,2.3));
#11587=CARTESIAN_POINT('',(8.10282020561521,9.3862223318135,2.4));
#11588=CARTESIAN_POINT('Ctrl Pts',(8.10282020561521,9.3862223318135,2.3));
#11589=CARTESIAN_POINT('Ctrl Pts',(8.15014597441154,9.3862223318135,2.3));
#11590=CARTESIAN_POINT('Ctrl Pts',(8.22664516232887,9.37520126236779,2.3));
#11591=CARTESIAN_POINT('Ctrl Pts',(8.2616532652741,9.36612508753013,2.3));
#11592=CARTESIAN_POINT('Ctrl Pts',(7.71059979298818,8.97001488568697,2.4));
#11593=CARTESIAN_POINT('Ctrl Pts',(7.71059979298818,8.97001488568697,2.28));
#11594=CARTESIAN_POINT('Ctrl Pts',(7.71059979298818,9.15996625907493,2.4));
#11595=CARTESIAN_POINT('Ctrl Pts',(7.71059979298818,9.15996625907493,2.28));
#11596=CARTESIAN_POINT('Ctrl Pts',(7.92259330526759,9.3862223318135,2.4));
#11597=CARTESIAN_POINT('Ctrl Pts',(7.92259330526759,9.3862223318135,2.28));
#11598=CARTESIAN_POINT('Ctrl Pts',(8.10282020561521,9.3862223318135,2.4));
#11599=CARTESIAN_POINT('Ctrl Pts',(8.10282020561521,9.3862223318135,2.28));
#11600=CARTESIAN_POINT('',(7.71059979298818,8.97001488568697,2.4));
#11601=CARTESIAN_POINT('Ctrl Pts',(7.71059979298818,8.97001488568697,2.4));
#11602=CARTESIAN_POINT('Ctrl Pts',(7.71059979298818,9.15996625907493,2.4));
#11603=CARTESIAN_POINT('Ctrl Pts',(7.92259330526759,9.3862223318135,2.4));
#11604=CARTESIAN_POINT('Ctrl Pts',(8.10282020561521,9.3862223318135,2.4));
#11605=CARTESIAN_POINT('',(7.71059979298818,8.97001488568697,2.3));
#11606=CARTESIAN_POINT('',(7.71059979298818,8.97001488568697,2.4));
#11607=CARTESIAN_POINT('Ctrl Pts',(7.71059979298818,8.97001488568697,2.3));
#11608=CARTESIAN_POINT('Ctrl Pts',(7.71059979298818,9.15996625907493,2.3));
#11609=CARTESIAN_POINT('Ctrl Pts',(7.92259330526759,9.3862223318135,2.3));
#11610=CARTESIAN_POINT('Ctrl Pts',(8.10282020561521,9.3862223318135,2.3));
#11611=CARTESIAN_POINT('Ctrl Pts',(8.10217190741253,8.55510403596581,2.4));
#11612=CARTESIAN_POINT('Ctrl Pts',(8.10217190741253,8.55510403596581,2.28));
#11613=CARTESIAN_POINT('Ctrl Pts',(7.9219450070649,8.55510403596581,2.4));
#11614=CARTESIAN_POINT('Ctrl Pts',(7.9219450070649,8.55510403596581,2.28));
#11615=CARTESIAN_POINT('Ctrl Pts',(7.71059979298818,8.77293223206942,2.4));
#11616=CARTESIAN_POINT('Ctrl Pts',(7.71059979298818,8.77293223206942,2.28));
#11617=CARTESIAN_POINT('Ctrl Pts',(7.71059979298818,8.97001488568697,2.4));
#11618=CARTESIAN_POINT('Ctrl Pts',(7.71059979298818,8.97001488568697,2.28));
#11619=CARTESIAN_POINT('Ctrl Pts',(8.10217190741253,8.55510403596581,2.4));
#11620=CARTESIAN_POINT('Ctrl Pts',(7.9219450070649,8.55510403596581,2.4));
#11621=CARTESIAN_POINT('Ctrl Pts',(7.71059979298818,8.77293223206942,2.4));
#11622=CARTESIAN_POINT('Ctrl Pts',(7.71059979298818,8.97001488568697,2.4));
#11623=CARTESIAN_POINT('Ctrl Pts',(8.10217190741253,8.55510403596581,2.3));
#11624=CARTESIAN_POINT('Ctrl Pts',(7.9219450070649,8.55510403596581,2.3));
#11625=CARTESIAN_POINT('Ctrl Pts',(7.71059979298818,8.77293223206942,2.3));
#11626=CARTESIAN_POINT('Ctrl Pts',(7.71059979298818,8.97001488568697,2.3));
#11627=CARTESIAN_POINT('Origin',(8.07037909907554,8.97058167504705,2.3));
#11628=CARTESIAN_POINT('Origin',(6.91902768750454,8.72301327046234,2.4));
#11629=CARTESIAN_POINT('',(6.91902768750454,8.72301327046234,2.4));
#11630=CARTESIAN_POINT('',(6.91902768750454,8.57066319283035,2.4));
#11631=CARTESIAN_POINT('',(6.91902768750454,8.93900663523117,2.4));
#11632=CARTESIAN_POINT('',(6.91902768750454,8.72301327046234,2.3));
#11633=CARTESIAN_POINT('',(6.91902768750454,8.72301327046234,2.4));
#11634=CARTESIAN_POINT('',(6.91902768750454,8.57066319283035,2.3));
#11635=CARTESIAN_POINT('',(6.91902768750454,8.72301327046234,2.3));
#11636=CARTESIAN_POINT('',(6.91902768750454,8.57066319283035,2.4));
#11637=CARTESIAN_POINT('Origin',(6.58645070952493,8.72301327046234,2.4));
#11638=CARTESIAN_POINT('',(6.58645070952493,8.72301327046234,2.4));
#11639=CARTESIAN_POINT('',(7.68646064888011,8.72301327046234,2.4));
#11640=CARTESIAN_POINT('',(6.58645070952493,8.72301327046234,2.3));
#11641=CARTESIAN_POINT('',(6.58645070952493,8.72301327046234,2.4));
#11642=CARTESIAN_POINT('',(6.58645070952493,8.72301327046234,2.3));
#11643=CARTESIAN_POINT('Origin',(6.58645070952493,9.37066317494896,2.4));
#11644=CARTESIAN_POINT('',(6.58645070952493,9.37066317494896,2.4));
#11645=CARTESIAN_POINT('',(6.58645070952493,9.26283158747448,2.4));
#11646=CARTESIAN_POINT('',(6.58645070952493,9.37066317494896,2.3));
#11647=CARTESIAN_POINT('',(6.58645070952493,9.37066317494896,2.4));
#11648=CARTESIAN_POINT('',(6.58645070952493,9.37066317494896,2.3));
#11649=CARTESIAN_POINT('Origin',(6.38547826669124,9.37066317494896,2.4));
#11650=CARTESIAN_POINT('',(6.38547826669124,9.37066317494896,2.4));
#11651=CARTESIAN_POINT('',(7.58597442746327,9.37066317494896,2.4));
#11652=CARTESIAN_POINT('',(6.38547826669124,9.37066317494896,2.3));
#11653=CARTESIAN_POINT('',(6.38547826669124,9.37066317494896,2.4));
#11654=CARTESIAN_POINT('',(6.38547826669124,9.37066317494896,2.3));
#11655=CARTESIAN_POINT('Origin',(6.38547826669124,8.57066319283035,2.4));
#11656=CARTESIAN_POINT('',(6.38547826669124,8.57066319283035,2.4));
#11657=CARTESIAN_POINT('',(6.38547826669124,8.86283159641518,2.4));
#11658=CARTESIAN_POINT('',(6.38547826669124,8.57066319283035,2.3));
#11659=CARTESIAN_POINT('',(6.38547826669124,8.57066319283035,2.4));
#11660=CARTESIAN_POINT('',(6.38547826669124,8.57066319283035,2.3));
#11661=CARTESIAN_POINT('Origin',(6.91902768750454,8.57066319283035,2.4));
#11662=CARTESIAN_POINT('',(7.85274913786992,8.57066319283035,2.4));
#11663=CARTESIAN_POINT('',(6.91902768750454,8.57066319283035,2.3));
#11664=CARTESIAN_POINT('Origin',(6.57149352133667,8.88990372812844,2.3));
#11665=CARTESIAN_POINT('Origin',(6.9964705882353,10.5,2.4));
#11666=CARTESIAN_POINT('',(7.49647058823529,10.5,2.4));
#11667=CARTESIAN_POINT('Origin',(6.9964705882353,10.5,2.4));
#11668=CARTESIAN_POINT('',(7.49647058823529,10.5,2.3));
#11669=CARTESIAN_POINT('',(7.4964705882353,10.5,2.4));
#11670=CARTESIAN_POINT('Origin',(6.9964705882353,10.5,2.3));
#11671=CARTESIAN_POINT('Origin',(6.9964705882353,10.5,2.3));
#11672=CARTESIAN_POINT('Origin',(7.47980563283079,9.37066317494896,2.4));
#11673=CARTESIAN_POINT('',(7.47980563283079,9.37066317494896,2.4));
#11674=CARTESIAN_POINT('',(7.68272297027255,9.37066317494896,2.4));
#11675=CARTESIAN_POINT('',(8.13313811053304,9.37066317494896,2.4));
#11676=CARTESIAN_POINT('',(7.47980563283079,9.37066317494896,2.3));
#11677=CARTESIAN_POINT('',(7.47980563283079,9.37066317494896,2.4));
#11678=CARTESIAN_POINT('',(7.68272297027255,9.37066317494896,2.3));
#11679=CARTESIAN_POINT('',(7.47980563283079,9.37066317494896,2.3));
#11680=CARTESIAN_POINT('',(7.68272297027255,9.37066317494896,2.4));
#11681=CARTESIAN_POINT('Origin',(7.30606171451006,8.82803757929801,2.4));
#11682=CARTESIAN_POINT('',(7.30606171451006,8.82803757929801,2.4));
#11683=CARTESIAN_POINT('',(7.4223702448234,9.1912847430005,2.4));
#11684=CARTESIAN_POINT('',(7.30606171451006,8.82803757929801,2.3));
#11685=CARTESIAN_POINT('',(7.30606171451006,8.82803757929801,2.4));
#11686=CARTESIAN_POINT('',(7.30606171451006,8.82803757929801,2.3));
#11687=CARTESIAN_POINT('Origin',(7.13166949798664,9.37066317494896,2.4));
#11688=CARTESIAN_POINT('',(7.13166949798664,9.37066317494896,2.4));
#11689=CARTESIAN_POINT('',(7.24054111153558,9.03190651866471,2.4));
#11690=CARTESIAN_POINT('',(7.13166949798664,9.37066317494896,2.3));
#11691=CARTESIAN_POINT('',(7.13166949798664,9.37066317494896,2.4));
#11692=CARTESIAN_POINT('',(7.13166949798664,9.37066317494896,2.3));
#11693=CARTESIAN_POINT('Origin',(6.92356577492337,9.37066317494896,2.4));
#11694=CARTESIAN_POINT('',(6.92356577492337,9.37066317494896,2.4));
#11695=CARTESIAN_POINT('',(7.85501818157933,9.37066317494896,2.4));
#11696=CARTESIAN_POINT('',(6.92356577492337,9.37066317494896,2.3));
#11697=CARTESIAN_POINT('',(6.92356577492337,9.37066317494896,2.4));
#11698=CARTESIAN_POINT('',(6.92356577492337,9.37066317494896,2.3));
#11699=CARTESIAN_POINT('Origin',(7.19844421286363,8.57066319283035,2.4));
#11700=CARTESIAN_POINT('',(7.19844421286363,8.57066319283035,2.4));
#11701=CARTESIAN_POINT('',(7.19249855743946,8.58796729375825,2.4));
#11702=CARTESIAN_POINT('',(7.19844421286363,8.57066319283035,2.3));
#11703=CARTESIAN_POINT('',(7.19844421286363,8.57066319283035,2.4));
#11704=CARTESIAN_POINT('',(7.19844421286363,8.57066319283035,2.3));
#11705=CARTESIAN_POINT('Origin',(7.40784453233228,8.57066319283035,2.4));
#11706=CARTESIAN_POINT('',(7.40784453233228,8.57066319283035,2.4));
#11707=CARTESIAN_POINT('',(8.09715756028379,8.57066319283035,2.4));
#11708=CARTESIAN_POINT('',(7.40784453233228,8.57066319283035,2.3));
#11709=CARTESIAN_POINT('',(7.40784453233228,8.57066319283035,2.4));
#11710=CARTESIAN_POINT('',(7.40784453233228,8.57066319283035,2.3));
#11711=CARTESIAN_POINT('Origin',(7.68272297027255,9.37066317494896,2.4));
#11712=CARTESIAN_POINT('',(7.7078587410019,9.44381775296788,2.4));
#11713=CARTESIAN_POINT('',(7.68272297027255,9.37066317494896,2.3));
#11714=CARTESIAN_POINT('Origin',(7.30378755054173,9.03651453143494,2.3));
#11715=CARTESIAN_POINT('Origin',(9.04220430131203,8.71004730640855,2.4));
#11716=CARTESIAN_POINT('',(9.04220430131203,8.71004730640855,2.4));
#11717=CARTESIAN_POINT('',(9.04220430131203,8.57066319283035,2.4));
#11718=CARTESIAN_POINT('',(9.04220430131203,8.93252365320428,2.4));
#11719=CARTESIAN_POINT('',(9.04220430131203,8.71004730640855,2.3));
#11720=CARTESIAN_POINT('',(9.04220430131203,8.71004730640855,2.4));
#11721=CARTESIAN_POINT('',(9.04220430131203,8.57066319283035,2.3));
#11722=CARTESIAN_POINT('',(9.04220430131203,8.71004730640855,2.3));
#11723=CARTESIAN_POINT('',(9.04220430131203,8.57066319283035,2.4));
#11724=CARTESIAN_POINT('Origin',(8.87753655782894,8.71004730640855,2.4));
#11725=CARTESIAN_POINT('',(8.87753655782894,8.71004730640855,2.4));
#11726=CARTESIAN_POINT('',(8.83200357303212,8.71004730640855,2.4));
#11727=CARTESIAN_POINT('',(8.87753655782894,8.71004730640855,2.3));
#11728=CARTESIAN_POINT('',(8.87753655782894,8.71004730640855,2.4));
#11729=CARTESIAN_POINT('',(8.87753655782894,8.71004730640855,2.3));
#11730=CARTESIAN_POINT('Origin',(8.87753655782894,9.37260806955703,2.4));
#11731=CARTESIAN_POINT('',(8.87753655782894,9.37260806955703,2.4));
#11732=CARTESIAN_POINT('',(8.87753655782894,9.26380403477851,2.4));
#11733=CARTESIAN_POINT('',(8.87753655782894,9.37260806955703,2.3));
#11734=CARTESIAN_POINT('',(8.87753655782894,9.37260806955703,2.4));
#11735=CARTESIAN_POINT('',(8.87753655782894,9.37260806955703,2.3));
#11736=CARTESIAN_POINT('Origin',(8.70249604310283,9.37260806955703,2.4));
#11737=CARTESIAN_POINT('',(8.70249604310283,9.37260806955703,2.4));
#11738=CARTESIAN_POINT('',(8.74448331566906,9.37260806955703,2.4));
#11739=CARTESIAN_POINT('',(8.70249604310283,9.37260806955703,2.3));
#11740=CARTESIAN_POINT('',(8.70249604310283,9.37260806955703,2.4));
#11741=CARTESIAN_POINT('',(8.70249604310283,9.37260806955703,2.3));
#11742=CARTESIAN_POINT('Ctrl Pts',(8.64609409946886,9.28379121578859,2.4));
#11743=CARTESIAN_POINT('Ctrl Pts',(8.64609409946886,9.28379121578859,2.28));
#11744=CARTESIAN_POINT('Ctrl Pts',(8.67137772937374,9.29675717984238,2.4));
#11745=CARTESIAN_POINT('Ctrl Pts',(8.67137772937374,9.29675717984238,2.28));
#11746=CARTESIAN_POINT('Ctrl Pts',(8.69990285029207,9.34019315942256,2.4));
#11747=CARTESIAN_POINT('Ctrl Pts',(8.69990285029207,9.34019315942256,2.28));
#11748=CARTESIAN_POINT('Ctrl Pts',(8.70249604310283,9.37260806955703,2.4));
#11749=CARTESIAN_POINT('Ctrl Pts',(8.70249604310283,9.37260806955703,2.28));
#11750=CARTESIAN_POINT('',(8.64609409946886,9.28379121578859,2.4));
#11751=CARTESIAN_POINT('Ctrl Pts',(8.64609409946886,9.28379121578859,2.4));
#11752=CARTESIAN_POINT('Ctrl Pts',(8.67137772937374,9.29675717984238,2.4));
#11753=CARTESIAN_POINT('Ctrl Pts',(8.69990285029207,9.34019315942256,2.4));
#11754=CARTESIAN_POINT('Ctrl Pts',(8.70249604310283,9.37260806955703,2.4));
#11755=CARTESIAN_POINT('',(8.64609409946886,9.28379121578859,2.3));
#11756=CARTESIAN_POINT('',(8.64609409946886,9.28379121578859,2.4));
#11757=CARTESIAN_POINT('Ctrl Pts',(8.64609409946886,9.28379121578859,2.3));
#11758=CARTESIAN_POINT('Ctrl Pts',(8.67137772937374,9.29675717984238,2.3));
#11759=CARTESIAN_POINT('Ctrl Pts',(8.69990285029207,9.34019315942256,2.3));
#11760=CARTESIAN_POINT('Ctrl Pts',(8.70249604310283,9.37260806955703,2.3));
#11761=CARTESIAN_POINT('Ctrl Pts',(8.51384126612024,9.26369397150523,2.4));
#11762=CARTESIAN_POINT('Ctrl Pts',(8.51384126612024,9.26369397150523,2.28));
#11763=CARTESIAN_POINT('Ctrl Pts',(8.55079426367353,9.26369397150523,2.4));
#11764=CARTESIAN_POINT('Ctrl Pts',(8.55079426367353,9.26369397150523,2.28));
#11765=CARTESIAN_POINT('Ctrl Pts',(8.62405196057742,9.27341844454556,2.4));
#11766=CARTESIAN_POINT('Ctrl Pts',(8.62405196057742,9.27341844454556,2.28));
#11767=CARTESIAN_POINT('Ctrl Pts',(8.64609409946886,9.28379121578859,2.4));
#11768=CARTESIAN_POINT('Ctrl Pts',(8.64609409946886,9.28379121578859,2.28));
#11769=CARTESIAN_POINT('',(8.51384126612024,9.26369397150523,2.4));
#11770=CARTESIAN_POINT('Ctrl Pts',(8.51384126612024,9.26369397150523,2.4));
#11771=CARTESIAN_POINT('Ctrl Pts',(8.55079426367353,9.26369397150523,2.4));
#11772=CARTESIAN_POINT('Ctrl Pts',(8.62405196057742,9.27341844454556,2.4));
#11773=CARTESIAN_POINT('Ctrl Pts',(8.64609409946886,9.28379121578859,2.4));
#11774=CARTESIAN_POINT('',(8.51384126612024,9.26369397150523,2.3));
#11775=CARTESIAN_POINT('',(8.51384126612024,9.26369397150523,2.4));
#11776=CARTESIAN_POINT('Ctrl Pts',(8.51384126612024,9.26369397150523,2.3));
#11777=CARTESIAN_POINT('Ctrl Pts',(8.55079426367353,9.26369397150523,2.3));
#11778=CARTESIAN_POINT('Ctrl Pts',(8.62405196057742,9.27341844454556,2.3));
#11779=CARTESIAN_POINT('Ctrl Pts',(8.64609409946886,9.28379121578859,2.3));
#11780=CARTESIAN_POINT('Origin',(8.51384126612024,9.13338603276467,2.4));
#11781=CARTESIAN_POINT('',(8.51384126612024,9.13338603276467,2.4));
#11782=CARTESIAN_POINT('',(8.51384126612024,9.14419301638234,2.4));
#11783=CARTESIAN_POINT('',(8.51384126612024,9.13338603276467,2.3));
#11784=CARTESIAN_POINT('',(8.51384126612024,9.13338603276467,2.4));
#11785=CARTESIAN_POINT('',(8.51384126612024,9.13338603276467,2.3));
#11786=CARTESIAN_POINT('Origin',(8.68239879881946,9.13338603276467,2.4));
#11787=CARTESIAN_POINT('',(8.68239879881946,9.13338603276467,2.4));
#11788=CARTESIAN_POINT('',(8.73443469352738,9.13338603276467,2.4));
#11789=CARTESIAN_POINT('',(8.68239879881946,9.13338603276467,2.3));
#11790=CARTESIAN_POINT('',(8.68239879881946,9.13338603276467,2.4));
#11791=CARTESIAN_POINT('',(8.68239879881946,9.13338603276467,2.3));
#11792=CARTESIAN_POINT('Origin',(8.68239879881946,8.71004730640855,2.4));
#11793=CARTESIAN_POINT('',(8.68239879881946,8.71004730640855,2.4));
#11794=CARTESIAN_POINT('',(8.68239879881946,8.93252365320428,2.4));
#11795=CARTESIAN_POINT('',(8.68239879881946,8.71004730640855,2.3));
#11796=CARTESIAN_POINT('',(8.68239879881946,8.71004730640855,2.4));
#11797=CARTESIAN_POINT('',(8.68239879881946,8.71004730640855,2.3));
#11798=CARTESIAN_POINT('Origin',(8.51384126612024,8.71004730640855,2.4));
#11799=CARTESIAN_POINT('',(8.51384126612024,8.71004730640855,2.4));
#11800=CARTESIAN_POINT('',(8.65015592717777,8.71004730640855,2.4));
#11801=CARTESIAN_POINT('',(8.51384126612024,8.71004730640855,2.3));
#11802=CARTESIAN_POINT('',(8.51384126612024,8.71004730640855,2.4));
#11803=CARTESIAN_POINT('',(8.51384126612024,8.71004730640855,2.3));
#11804=CARTESIAN_POINT('Origin',(8.51384126612024,8.57066319283035,2.4));
#11805=CARTESIAN_POINT('',(8.51384126612024,8.57066319283035,2.4));
#11806=CARTESIAN_POINT('',(8.51384126612024,8.86283159641518,2.4));
#11807=CARTESIAN_POINT('',(8.51384126612024,8.57066319283035,2.3));
#11808=CARTESIAN_POINT('',(8.51384126612024,8.57066319283035,2.4));
#11809=CARTESIAN_POINT('',(8.51384126612024,8.57066319283035,2.3));
#11810=CARTESIAN_POINT('Origin',(9.04220430131203,8.57066319283035,2.4));
#11811=CARTESIAN_POINT('',(8.91433744477366,8.57066319283035,2.4));
#11812=CARTESIAN_POINT('',(9.04220430131203,8.57066319283035,2.3));
#11813=CARTESIAN_POINT('Origin',(8.75533737799092,8.90918274646297,2.3));
#11814=CARTESIAN_POINT('Ctrl Pts',(10.3653809330009,9.04197598618548,2.4));
#11815=CARTESIAN_POINT('Ctrl Pts',(10.3653809330009,9.04197598618548,2.28));
#11816=CARTESIAN_POINT('Ctrl Pts',(10.4107618071892,9.01215426886177,2.4));
#11817=CARTESIAN_POINT('Ctrl Pts',(10.4107618071892,9.01215426886177,2.28));
#11818=CARTESIAN_POINT('Ctrl Pts',(10.4613290669989,8.91296464385031,2.4));
#11819=CARTESIAN_POINT('Ctrl Pts',(10.4613290669989,8.91296464385031,2.28));
#11820=CARTESIAN_POINT('Ctrl Pts',(10.4613290669989,8.84165184155449,2.4));
#11821=CARTESIAN_POINT('Ctrl Pts',(10.4613290669989,8.84165184155449,2.28));
#11822=CARTESIAN_POINT('',(10.3653809330009,9.04197598618548,2.4));
#11823=CARTESIAN_POINT('',(10.4613290669989,8.84165184155449,2.4));
#11824=CARTESIAN_POINT('Ctrl Pts',(10.3653809330009,9.04197598618548,2.4));
#11825=CARTESIAN_POINT('Ctrl Pts',(10.4107618071892,9.01215426886177,2.4));
#11826=CARTESIAN_POINT('Ctrl Pts',(10.4613290669989,8.91296464385031,2.4));
#11827=CARTESIAN_POINT('Ctrl Pts',(10.4613290669989,8.84165184155449,2.4));
#11828=CARTESIAN_POINT('',(10.3653809330009,9.04197598618548,2.3));
#11829=CARTESIAN_POINT('',(10.3653809330009,9.04197598618548,2.4));
#11830=CARTESIAN_POINT('',(10.4613290669989,8.84165184155449,2.3));
#11831=CARTESIAN_POINT('Ctrl Pts',(10.3653809330009,9.04197598618548,2.3));
#11832=CARTESIAN_POINT('Ctrl Pts',(10.4107618071892,9.01215426886177,2.3));
#11833=CARTESIAN_POINT('Ctrl Pts',(10.4613290669989,8.91296464385031,2.3));
#11834=CARTESIAN_POINT('Ctrl Pts',(10.4613290669989,8.84165184155449,2.3));
#11835=CARTESIAN_POINT('',(10.4613290669989,8.84165184155449,2.4));
#11836=CARTESIAN_POINT('Ctrl Pts',(10.1721880685995,9.0893017549818,2.4));
#11837=CARTESIAN_POINT('Ctrl Pts',(10.1721880685995,9.0893017549818,2.28));
#11838=CARTESIAN_POINT('Ctrl Pts',(10.2298866086388,9.0893017549818,2.4));
#11839=CARTESIAN_POINT('Ctrl Pts',(10.2298866086388,9.0893017549818,2.28));
#11840=CARTESIAN_POINT('Ctrl Pts',(10.3271313390422,9.06596301968498,2.4));
#11841=CARTESIAN_POINT('Ctrl Pts',(10.3271313390422,9.06596301968498,2.28));
#11842=CARTESIAN_POINT('Ctrl Pts',(10.3653809330009,9.04197598618548,2.4));
#11843=CARTESIAN_POINT('Ctrl Pts',(10.3653809330009,9.04197598618548,2.28));
#11844=CARTESIAN_POINT('',(10.1721880685995,9.0893017549818,2.4));
#11845=CARTESIAN_POINT('Ctrl Pts',(10.1721880685995,9.0893017549818,2.4));
#11846=CARTESIAN_POINT('Ctrl Pts',(10.2298866086388,9.0893017549818,2.4));
#11847=CARTESIAN_POINT('Ctrl Pts',(10.3271313390422,9.06596301968498,2.4));
#11848=CARTESIAN_POINT('Ctrl Pts',(10.3653809330009,9.04197598618548,2.4));
#11849=CARTESIAN_POINT('',(10.1721880685995,9.0893017549818,2.3));
#11850=CARTESIAN_POINT('',(10.1721880685995,9.0893017549818,2.4));
#11851=CARTESIAN_POINT('Ctrl Pts',(10.1721880685995,9.0893017549818,2.3));
#11852=CARTESIAN_POINT('Ctrl Pts',(10.2298866086388,9.0893017549818,2.3));
#11853=CARTESIAN_POINT('Ctrl Pts',(10.3271313390422,9.06596301968498,2.3));
#11854=CARTESIAN_POINT('Ctrl Pts',(10.3653809330009,9.04197598618548,2.3));
#11855=CARTESIAN_POINT('Ctrl Pts',(10.0989303716956,9.08670856217104,2.4));
#11856=CARTESIAN_POINT('Ctrl Pts',(10.0989303716956,9.08670856217104,2.28));
#11857=CARTESIAN_POINT('Ctrl Pts',(10.1151378267628,9.08800515857642,2.4));
#11858=CARTESIAN_POINT('Ctrl Pts',(10.1151378267628,9.08800515857642,2.28));
#11859=CARTESIAN_POINT('Ctrl Pts',(10.1598704027484,9.0893017549818,2.4));
#11860=CARTESIAN_POINT('Ctrl Pts',(10.1598704027484,9.0893017549818,2.28));
#11861=CARTESIAN_POINT('Ctrl Pts',(10.1721880685995,9.0893017549818,2.4));
#11862=CARTESIAN_POINT('Ctrl Pts',(10.1721880685995,9.0893017549818,2.28));
#11863=CARTESIAN_POINT('',(10.0989303716956,9.08670856217104,2.4));
#11864=CARTESIAN_POINT('Ctrl Pts',(10.0989303716956,9.08670856217104,2.4));
#11865=CARTESIAN_POINT('Ctrl Pts',(10.1151378267628,9.08800515857642,2.4));
#11866=CARTESIAN_POINT('Ctrl Pts',(10.1598704027484,9.0893017549818,2.4));
#11867=CARTESIAN_POINT('Ctrl Pts',(10.1721880685995,9.0893017549818,2.4));
#11868=CARTESIAN_POINT('',(10.0989303716956,9.08670856217104,2.3));
#11869=CARTESIAN_POINT('',(10.0989303716956,9.08670856217104,2.4));
#11870=CARTESIAN_POINT('Ctrl Pts',(10.0989303716956,9.08670856217104,2.3));
#11871=CARTESIAN_POINT('Ctrl Pts',(10.1151378267628,9.08800515857642,2.3));
#11872=CARTESIAN_POINT('Ctrl Pts',(10.1598704027484,9.0893017549818,2.3));
#11873=CARTESIAN_POINT('Ctrl Pts',(10.1721880685995,9.0893017549818,2.3));
#11874=CARTESIAN_POINT('Origin',(10.0989303716956,9.21960969372235,2.4));
#11875=CARTESIAN_POINT('',(10.0989303716956,9.21960969372235,2.4));
#11876=CARTESIAN_POINT('',(10.0989303716956,9.18730484686117,2.4));
#11877=CARTESIAN_POINT('',(10.0989303716956,9.21960969372235,2.3));
#11878=CARTESIAN_POINT('',(10.0989303716956,9.21960969372235,2.4));
#11879=CARTESIAN_POINT('',(10.0989303716956,9.21960969372235,2.3));
#11880=CARTESIAN_POINT('Origin',(10.4392869281075,9.21960969372235,2.4));
#11881=CARTESIAN_POINT('',(10.4392869281075,9.21960969372235,2.4));
#11882=CARTESIAN_POINT('',(9.61287875817139,9.21960969372235,2.4));
#11883=CARTESIAN_POINT('',(10.4392869281075,9.21960969372235,2.3));
#11884=CARTESIAN_POINT('',(10.4392869281075,9.21960969372235,2.4));
#11885=CARTESIAN_POINT('',(10.4392869281075,9.21960969372235,2.3));
#11886=CARTESIAN_POINT('Origin',(10.4392869281075,9.37066317494896,2.4));
#11887=CARTESIAN_POINT('',(10.4392869281075,9.37066317494896,2.4));
#11888=CARTESIAN_POINT('',(10.4392869281075,9.26283158747448,2.4));
#11889=CARTESIAN_POINT('',(10.4392869281075,9.37066317494896,2.3));
#11890=CARTESIAN_POINT('',(10.4392869281075,9.37066317494896,2.4));
#11891=CARTESIAN_POINT('',(10.4392869281075,9.37066317494896,2.3));
#11892=CARTESIAN_POINT('Origin',(9.90897899830764,9.37066317494896,2.4));
#11893=CARTESIAN_POINT('',(9.90897899830764,9.37066317494896,2.4));
#11894=CARTESIAN_POINT('',(9.34772479327147,9.37066317494896,2.4));
#11895=CARTESIAN_POINT('',(9.90897899830764,9.37066317494896,2.3));
#11896=CARTESIAN_POINT('',(9.90897899830764,9.37066317494896,2.4));
#11897=CARTESIAN_POINT('',(9.90897899830764,9.37066317494896,2.3));
#11898=CARTESIAN_POINT('Origin',(9.90897899830764,8.92139252048527,2.4));
#11899=CARTESIAN_POINT('',(9.90897899830764,8.92139252048527,2.4));
#11900=CARTESIAN_POINT('',(9.90897899830764,9.03819626024264,2.4));
#11901=CARTESIAN_POINT('',(9.90897899830764,8.92139252048527,2.3));
#11902=CARTESIAN_POINT('',(9.90897899830764,8.92139252048527,2.4));
#11903=CARTESIAN_POINT('',(9.90897899830764,8.92139252048527,2.3));
#11904=CARTESIAN_POINT('Origin',(9.92648304978025,8.92139252048527,2.4));
#11905=CARTESIAN_POINT('',(9.92648304978025,8.92139252048527,2.4));
#11906=CARTESIAN_POINT('',(9.35647681900777,8.92139252048527,2.4));
#11907=CARTESIAN_POINT('',(9.92648304978025,8.92139252048527,2.3));
#11908=CARTESIAN_POINT('',(9.92648304978025,8.92139252048527,2.4));
#11909=CARTESIAN_POINT('',(9.92648304978025,8.92139252048527,2.3));
#11910=CARTESIAN_POINT('Ctrl Pts',(10.0846678112364,8.94343465937671,2.4));
#11911=CARTESIAN_POINT('Ctrl Pts',(10.0846678112364,8.94343465937671,2.28));
#11912=CARTESIAN_POINT('Ctrl Pts',(10.0405835334536,8.94343465937671,2.4));
#11913=CARTESIAN_POINT('Ctrl Pts',(10.0405835334536,8.94343465937671,2.28));
#11914=CARTESIAN_POINT('Ctrl Pts',(9.95695306530665,8.92917209891754,2.4));
#11915=CARTESIAN_POINT('Ctrl Pts',(9.95695306530665,8.92917209891754,2.28));
#11916=CARTESIAN_POINT('Ctrl Pts',(9.92648304978025,8.92139252048527,2.4));
#11917=CARTESIAN_POINT('Ctrl Pts',(9.92648304978025,8.92139252048527,2.28));
#11918=CARTESIAN_POINT('',(10.0846678112364,8.94343465937671,2.4));
#11919=CARTESIAN_POINT('Ctrl Pts',(10.0846678112364,8.94343465937671,2.4));
#11920=CARTESIAN_POINT('Ctrl Pts',(10.0405835334536,8.94343465937671,2.4));
#11921=CARTESIAN_POINT('Ctrl Pts',(9.95695306530665,8.92917209891754,2.4));
#11922=CARTESIAN_POINT('Ctrl Pts',(9.92648304978025,8.92139252048527,2.4));
#11923=CARTESIAN_POINT('',(10.0846678112364,8.94343465937671,2.3));
#11924=CARTESIAN_POINT('',(10.0846678112364,8.94343465937671,2.4));
#11925=CARTESIAN_POINT('Ctrl Pts',(10.0846678112364,8.94343465937671,2.3));
#11926=CARTESIAN_POINT('Ctrl Pts',(10.0405835334536,8.94343465937671,2.3));
#11927=CARTESIAN_POINT('Ctrl Pts',(9.95695306530665,8.92917209891754,2.3));
#11928=CARTESIAN_POINT('Ctrl Pts',(9.92648304978025,8.92139252048527,2.3));
#11929=CARTESIAN_POINT('Ctrl Pts',(10.2175689427877,8.91490953845838,2.4));
#11930=CARTESIAN_POINT('Ctrl Pts',(10.2175689427877,8.91490953845838,2.28));
#11931=CARTESIAN_POINT('Ctrl Pts',(10.1903404182748,8.93306188813368,2.4));
#11932=CARTESIAN_POINT('Ctrl Pts',(10.1903404182748,8.93306188813368,2.28));
#11933=CARTESIAN_POINT('Ctrl Pts',(10.1125446339521,8.94343465937671,2.4));
#11934=CARTESIAN_POINT('Ctrl Pts',(10.1125446339521,8.94343465937671,2.28));
#11935=CARTESIAN_POINT('Ctrl Pts',(10.0846678112364,8.94343465937671,2.4));
#11936=CARTESIAN_POINT('Ctrl Pts',(10.0846678112364,8.94343465937671,2.28));
#11937=CARTESIAN_POINT('',(10.2175689427877,8.91490953845838,2.4));
#11938=CARTESIAN_POINT('Ctrl Pts',(10.2175689427877,8.91490953845838,2.4));
#11939=CARTESIAN_POINT('Ctrl Pts',(10.1903404182748,8.93306188813368,2.4));
#11940=CARTESIAN_POINT('Ctrl Pts',(10.1125446339521,8.94343465937671,2.4));
#11941=CARTESIAN_POINT('Ctrl Pts',(10.0846678112364,8.94343465937671,2.4));
#11942=CARTESIAN_POINT('',(10.2175689427877,8.91490953845838,2.3));
#11943=CARTESIAN_POINT('',(10.2175689427877,8.91490953845838,2.4));
#11944=CARTESIAN_POINT('Ctrl Pts',(10.2175689427877,8.91490953845838,2.3));
#11945=CARTESIAN_POINT('Ctrl Pts',(10.1903404182748,8.93306188813368,2.3));
#11946=CARTESIAN_POINT('Ctrl Pts',(10.1125446339521,8.94343465937671,2.3));
#11947=CARTESIAN_POINT('Ctrl Pts',(10.0846678112364,8.94343465937671,2.3));
#11948=CARTESIAN_POINT('Ctrl Pts',(10.2597083259626,8.83387226312221,2.4));
#11949=CARTESIAN_POINT('Ctrl Pts',(10.2597083259626,8.83387226312221,2.28));
#11950=CARTESIAN_POINT('Ctrl Pts',(10.2597083259626,8.86239738404054,2.4));
#11951=CARTESIAN_POINT('Ctrl Pts',(10.2597083259626,8.86239738404054,2.28));
#11952=CARTESIAN_POINT('Ctrl Pts',(10.2363695906657,8.90259187260728,2.4));
#11953=CARTESIAN_POINT('Ctrl Pts',(10.2363695906657,8.90259187260728,2.28));
#11954=CARTESIAN_POINT('Ctrl Pts',(10.2175689427877,8.91490953845838,2.4));
#11955=CARTESIAN_POINT('Ctrl Pts',(10.2175689427877,8.91490953845838,2.28));
#11956=CARTESIAN_POINT('',(10.2597083259626,8.83387226312221,2.4));
#11957=CARTESIAN_POINT('Ctrl Pts',(10.2597083259626,8.83387226312221,2.4));
#11958=CARTESIAN_POINT('Ctrl Pts',(10.2597083259626,8.86239738404054,2.4));
#11959=CARTESIAN_POINT('Ctrl Pts',(10.2363695906657,8.90259187260728,2.4));
#11960=CARTESIAN_POINT('Ctrl Pts',(10.2175689427877,8.91490953845838,2.4));
#11961=CARTESIAN_POINT('',(10.2597083259626,8.83387226312221,2.3));
#11962=CARTESIAN_POINT('',(10.2597083259626,8.83387226312221,2.4));
#11963=CARTESIAN_POINT('Ctrl Pts',(10.2597083259626,8.83387226312221,2.3));
#11964=CARTESIAN_POINT('Ctrl Pts',(10.2597083259626,8.86239738404054,2.3));
#11965=CARTESIAN_POINT('Ctrl Pts',(10.2363695906657,8.90259187260728,2.3));
#11966=CARTESIAN_POINT('Ctrl Pts',(10.2175689427877,8.91490953845838,2.3));
#11967=CARTESIAN_POINT('Ctrl Pts',(10.22534852122,8.74505540935378,2.4));
#11968=CARTESIAN_POINT('Ctrl Pts',(10.22534852122,8.74505540935378,2.28));
#11969=CARTESIAN_POINT('Ctrl Pts',(10.2415559762873,8.76126286442101,2.4));
#11970=CARTESIAN_POINT('Ctrl Pts',(10.2415559762873,8.76126286442101,2.28));
#11971=CARTESIAN_POINT('Ctrl Pts',(10.2597083259626,8.80080905478506,2.4));
#11972=CARTESIAN_POINT('Ctrl Pts',(10.2597083259626,8.80080905478506,2.28));
#11973=CARTESIAN_POINT('Ctrl Pts',(10.2597083259626,8.83387226312221,2.4));
#11974=CARTESIAN_POINT('Ctrl Pts',(10.2597083259626,8.83387226312221,2.28));
#11975=CARTESIAN_POINT('',(10.22534852122,8.74505540935378,2.4));
#11976=CARTESIAN_POINT('Ctrl Pts',(10.22534852122,8.74505540935378,2.4));
#11977=CARTESIAN_POINT('Ctrl Pts',(10.2415559762873,8.76126286442101,2.4));
#11978=CARTESIAN_POINT('Ctrl Pts',(10.2597083259626,8.80080905478506,2.4));
#11979=CARTESIAN_POINT('Ctrl Pts',(10.2597083259626,8.83387226312221,2.4));
#11980=CARTESIAN_POINT('',(10.22534852122,8.74505540935378,2.3));
#11981=CARTESIAN_POINT('',(10.22534852122,8.74505540935378,2.4));
#11982=CARTESIAN_POINT('Ctrl Pts',(10.22534852122,8.74505540935378,2.3));
#11983=CARTESIAN_POINT('Ctrl Pts',(10.2415559762873,8.76126286442101,2.3));
#11984=CARTESIAN_POINT('Ctrl Pts',(10.2597083259626,8.80080905478506,2.3));
#11985=CARTESIAN_POINT('Ctrl Pts',(10.2597083259626,8.83387226312221,2.3));
#11986=CARTESIAN_POINT('Ctrl Pts',(10.0995786698983,8.70875071000318,2.4));
#11987=CARTESIAN_POINT('Ctrl Pts',(10.0995786698983,8.70875071000318,2.28));
#11988=CARTESIAN_POINT('Ctrl Pts',(10.1306969836274,8.70875071000318,2.4));
#11989=CARTESIAN_POINT('Ctrl Pts',(10.1306969836274,8.70875071000318,2.28));
#11990=CARTESIAN_POINT('Ctrl Pts',(10.2033063823286,8.72430986686772,2.4));
#11991=CARTESIAN_POINT('Ctrl Pts',(10.2033063823286,8.72430986686772,2.28));
#11992=CARTESIAN_POINT('Ctrl Pts',(10.22534852122,8.74505540935378,2.4));
#11993=CARTESIAN_POINT('Ctrl Pts',(10.22534852122,8.74505540935378,2.28));
#11994=CARTESIAN_POINT('',(10.0995786698983,8.70875071000318,2.4));
#11995=CARTESIAN_POINT('Ctrl Pts',(10.0995786698983,8.70875071000318,2.4));
#11996=CARTESIAN_POINT('Ctrl Pts',(10.1306969836274,8.70875071000318,2.4));
#11997=CARTESIAN_POINT('Ctrl Pts',(10.2033063823286,8.72430986686772,2.4));
#11998=CARTESIAN_POINT('Ctrl Pts',(10.22534852122,8.74505540935378,2.4));
#11999=CARTESIAN_POINT('',(10.0995786698983,8.70875071000318,2.3));
#12000=CARTESIAN_POINT('',(10.0995786698983,8.70875071000318,2.4));
#12001=CARTESIAN_POINT('Ctrl Pts',(10.0995786698983,8.70875071000318,2.3));
#12002=CARTESIAN_POINT('Ctrl Pts',(10.1306969836274,8.70875071000318,2.3));
#12003=CARTESIAN_POINT('Ctrl Pts',(10.2033063823286,8.72430986686772,2.3));
#12004=CARTESIAN_POINT('Ctrl Pts',(10.22534852122,8.74505540935378,2.3));
#12005=CARTESIAN_POINT('Ctrl Pts',(9.97640201138733,8.73468263811075,2.4));
#12006=CARTESIAN_POINT('Ctrl Pts',(9.97640201138733,8.73468263811075,2.28));
#12007=CARTESIAN_POINT('Ctrl Pts',(10.0049271323057,8.72366156866503,2.4));
#12008=CARTESIAN_POINT('Ctrl Pts',(10.0049271323057,8.72366156866503,2.28));
#12009=CARTESIAN_POINT('Ctrl Pts',(10.0639222687504,8.70875071000318,2.4));
#12010=CARTESIAN_POINT('Ctrl Pts',(10.0639222687504,8.70875071000318,2.28));
#12011=CARTESIAN_POINT('Ctrl Pts',(10.0995786698983,8.70875071000318,2.4));
#12012=CARTESIAN_POINT('Ctrl Pts',(10.0995786698983,8.70875071000318,2.28));
#12013=CARTESIAN_POINT('',(9.97640201138733,8.73468263811075,2.4));
#12014=CARTESIAN_POINT('Ctrl Pts',(9.97640201138733,8.73468263811075,2.4));
#12015=CARTESIAN_POINT('Ctrl Pts',(10.0049271323057,8.72366156866503,2.4));
#12016=CARTESIAN_POINT('Ctrl Pts',(10.0639222687504,8.70875071000318,2.4));
#12017=CARTESIAN_POINT('Ctrl Pts',(10.0995786698983,8.70875071000318,2.4));
#12018=CARTESIAN_POINT('',(9.97640201138733,8.73468263811075,2.3));
#12019=CARTESIAN_POINT('',(9.97640201138733,8.73468263811075,2.4));
#12020=CARTESIAN_POINT('Ctrl Pts',(9.97640201138733,8.73468263811075,2.3));
#12021=CARTESIAN_POINT('Ctrl Pts',(10.0049271323057,8.72366156866503,2.3));
#12022=CARTESIAN_POINT('Ctrl Pts',(10.0639222687504,8.70875071000318,2.3));
#12023=CARTESIAN_POINT('Ctrl Pts',(10.0995786698983,8.70875071000318,2.3));
#12024=CARTESIAN_POINT('Ctrl Pts',(9.8927715432404,8.77682202128556,2.4));
#12025=CARTESIAN_POINT('Ctrl Pts',(9.8927715432404,8.77682202128556,2.28));
#12026=CARTESIAN_POINT('Ctrl Pts',(9.90833070010495,8.76839414465059,2.4));
#12027=CARTESIAN_POINT('Ctrl Pts',(9.90833070010495,8.76839414465059,2.28));
#12028=CARTESIAN_POINT('Ctrl Pts',(9.94593199586093,8.74635200575916,2.4));
#12029=CARTESIAN_POINT('Ctrl Pts',(9.94593199586093,8.74635200575916,2.28));
#12030=CARTESIAN_POINT('Ctrl Pts',(9.97640201138733,8.73468263811075,2.4));
#12031=CARTESIAN_POINT('Ctrl Pts',(9.97640201138733,8.73468263811075,2.28));
#12032=CARTESIAN_POINT('',(9.8927715432404,8.77682202128556,2.4));
#12033=CARTESIAN_POINT('Ctrl Pts',(9.8927715432404,8.77682202128556,2.4));
#12034=CARTESIAN_POINT('Ctrl Pts',(9.90833070010495,8.76839414465059,2.4));
#12035=CARTESIAN_POINT('Ctrl Pts',(9.94593199586093,8.74635200575916,2.4));
#12036=CARTESIAN_POINT('Ctrl Pts',(9.97640201138733,8.73468263811075,2.4));
#12037=CARTESIAN_POINT('',(9.8927715432404,8.77682202128556,2.3));
#12038=CARTESIAN_POINT('',(9.8927715432404,8.77682202128556,2.4));
#12039=CARTESIAN_POINT('Ctrl Pts',(9.8927715432404,8.77682202128556,2.3));
#12040=CARTESIAN_POINT('Ctrl Pts',(9.90833070010495,8.76839414465059,2.3));
#12041=CARTESIAN_POINT('Ctrl Pts',(9.94593199586093,8.74635200575916,2.3));
#12042=CARTESIAN_POINT('Ctrl Pts',(9.97640201138733,8.73468263811075,2.3));
#12043=CARTESIAN_POINT('Origin',(9.8746191935651,8.77682202128556,2.4));
#12044=CARTESIAN_POINT('',(9.8746191935651,8.77682202128556,2.4));
#12045=CARTESIAN_POINT('',(9.3305448909002,8.77682202128556,2.4));
#12046=CARTESIAN_POINT('',(9.8746191935651,8.77682202128556,2.3));
#12047=CARTESIAN_POINT('',(9.8746191935651,8.77682202128556,2.4));
#12048=CARTESIAN_POINT('',(9.8746191935651,8.77682202128556,2.3));
#12049=CARTESIAN_POINT('Origin',(9.8746191935651,8.60242980476213,2.4));
#12050=CARTESIAN_POINT('',(9.8746191935651,8.60242980476213,2.4));
#12051=CARTESIAN_POINT('',(9.8746191935651,8.87871490238106,2.4));
#12052=CARTESIAN_POINT('',(9.8746191935651,8.60242980476213,2.3));
#12053=CARTESIAN_POINT('',(9.8746191935651,8.60242980476213,2.4));
#12054=CARTESIAN_POINT('',(9.8746191935651,8.60242980476213,2.3));
#12055=CARTESIAN_POINT('Ctrl Pts',(10.1345867728435,8.55380743956043,2.4));
#12056=CARTESIAN_POINT('Ctrl Pts',(10.1345867728435,8.55380743956043,2.28));
#12057=CARTESIAN_POINT('Ctrl Pts',(10.0451216208724,8.55445573776312,2.4));
#12058=CARTESIAN_POINT('Ctrl Pts',(10.0451216208724,8.55445573776312,2.28));
#12059=CARTESIAN_POINT('Ctrl Pts',(9.91675857673991,8.58362915688414,2.4));
#12060=CARTESIAN_POINT('Ctrl Pts',(9.91675857673991,8.58362915688414,2.28));
#12061=CARTESIAN_POINT('Ctrl Pts',(9.8746191935651,8.60242980476213,2.4));
#12062=CARTESIAN_POINT('Ctrl Pts',(9.8746191935651,8.60242980476213,2.28));
#12063=CARTESIAN_POINT('',(10.1345867728435,8.55380743956043,2.4));
#12064=CARTESIAN_POINT('Ctrl Pts',(10.1345867728435,8.55380743956043,2.4));
#12065=CARTESIAN_POINT('Ctrl Pts',(10.0451216208724,8.55445573776312,2.4));
#12066=CARTESIAN_POINT('Ctrl Pts',(9.91675857673991,8.58362915688414,2.4));
#12067=CARTESIAN_POINT('Ctrl Pts',(9.8746191935651,8.60242980476213,2.4));
#12068=CARTESIAN_POINT('',(10.1345867728435,8.55380743956043,2.3));
#12069=CARTESIAN_POINT('',(10.1345867728435,8.55380743956043,2.4));
#12070=CARTESIAN_POINT('Ctrl Pts',(10.1345867728435,8.55380743956043,2.3));
#12071=CARTESIAN_POINT('Ctrl Pts',(10.0451216208724,8.55445573776312,2.3));
#12072=CARTESIAN_POINT('Ctrl Pts',(9.91675857673991,8.58362915688414,2.3));
#12073=CARTESIAN_POINT('Ctrl Pts',(9.8746191935651,8.60242980476213,2.3));
#12074=CARTESIAN_POINT('Ctrl Pts',(10.3764020024466,8.63419641669391,2.4));
#12075=CARTESIAN_POINT('Ctrl Pts',(10.3764020024466,8.63419641669391,2.28));
#12076=CARTESIAN_POINT('Ctrl Pts',(10.3342626192718,8.59594682273524,2.4));
#12077=CARTESIAN_POINT('Ctrl Pts',(10.3342626192718,8.59594682273524,2.28));
#12078=CARTESIAN_POINT('Ctrl Pts',(10.2188655391931,8.55380743956043,2.4));
#12079=CARTESIAN_POINT('Ctrl Pts',(10.2188655391931,8.55380743956043,2.28));
#12080=CARTESIAN_POINT('Ctrl Pts',(10.1345867728435,8.55380743956043,2.4));
#12081=CARTESIAN_POINT('Ctrl Pts',(10.1345867728435,8.55380743956043,2.28));
#12082=CARTESIAN_POINT('',(10.3764020024466,8.63419641669391,2.4));
#12083=CARTESIAN_POINT('Ctrl Pts',(10.3764020024466,8.63419641669391,2.4));
#12084=CARTESIAN_POINT('Ctrl Pts',(10.3342626192718,8.59594682273524,2.4));
#12085=CARTESIAN_POINT('Ctrl Pts',(10.2188655391931,8.55380743956043,2.4));
#12086=CARTESIAN_POINT('Ctrl Pts',(10.1345867728435,8.55380743956043,2.4));
#12087=CARTESIAN_POINT('',(10.3764020024466,8.63419641669391,2.3));
#12088=CARTESIAN_POINT('',(10.3764020024466,8.63419641669391,2.4));
#12089=CARTESIAN_POINT('Ctrl Pts',(10.3764020024466,8.63419641669391,2.3));
#12090=CARTESIAN_POINT('Ctrl Pts',(10.3342626192718,8.59594682273524,2.3));
#12091=CARTESIAN_POINT('Ctrl Pts',(10.2188655391931,8.55380743956043,2.3));
#12092=CARTESIAN_POINT('Ctrl Pts',(10.1345867728435,8.55380743956043,2.3));
#12093=CARTESIAN_POINT('Ctrl Pts',(10.4613290669989,8.84165184155449,2.4));
#12094=CARTESIAN_POINT('Ctrl Pts',(10.4613290669989,8.84165184155449,2.28));
#12095=CARTESIAN_POINT('Ctrl Pts',(10.4613290669989,8.77876691589362,2.4));
#12096=CARTESIAN_POINT('Ctrl Pts',(10.4613290669989,8.77876691589362,2.28));
#12097=CARTESIAN_POINT('Ctrl Pts',(10.4185413856214,8.67244601065258,2.4));
#12098=CARTESIAN_POINT('Ctrl Pts',(10.4185413856214,8.67244601065258,2.28));
#12099=CARTESIAN_POINT('Ctrl Pts',(10.3764020024466,8.63419641669391,2.4));
#12100=CARTESIAN_POINT('Ctrl Pts',(10.3764020024466,8.63419641669391,2.28));
#12101=CARTESIAN_POINT('Ctrl Pts',(10.4613290669989,8.84165184155449,2.4));
#12102=CARTESIAN_POINT('Ctrl Pts',(10.4613290669989,8.77876691589362,2.4));
#12103=CARTESIAN_POINT('Ctrl Pts',(10.4185413856214,8.67244601065258,2.4));
#12104=CARTESIAN_POINT('Ctrl Pts',(10.3764020024466,8.63419641669391,2.4));
#12105=CARTESIAN_POINT('Ctrl Pts',(10.4613290669989,8.84165184155449,2.3));
#12106=CARTESIAN_POINT('Ctrl Pts',(10.4613290669989,8.77876691589362,2.3));
#12107=CARTESIAN_POINT('Ctrl Pts',(10.4185413856214,8.67244601065258,2.3));
#12108=CARTESIAN_POINT('Ctrl Pts',(10.3764020024466,8.63419641669391,2.3));
#12109=CARTESIAN_POINT('Origin',(10.1516239684068,9.00698459670801,2.3));
#12110=CARTESIAN_POINT('Origin',(8.78647058823529,9.155,2.4));
#12111=CARTESIAN_POINT('',(11.3764705882353,11.3,2.4));
#12112=CARTESIAN_POINT('',(6.19647058823529,11.3,2.4));
#12113=CARTESIAN_POINT('',(6.19647058823529,11.3,2.4));
#12114=CARTESIAN_POINT('',(6.19647058823529,7.01,2.4));
#12115=CARTESIAN_POINT('',(6.19647058823529,7.01,2.4));
#12116=CARTESIAN_POINT('',(11.3764705882353,7.01,2.4));
#12117=CARTESIAN_POINT('',(11.3764705882353,7.01,2.4));
#12118=CARTESIAN_POINT('',(11.3764705882353,11.3,2.4));
#12119=CARTESIAN_POINT('Origin',(13.0964705882353,8.20373408031145,1.4));
#12120=CARTESIAN_POINT('',(11.3764705882353,8.20373408031145,1.6));
#12121=CARTESIAN_POINT('',(11.3764705882353,8.20373408031145,1.4));
#12122=CARTESIAN_POINT('',(13.0964705882353,8.20373408031145,1.6));
#12123=CARTESIAN_POINT('',(11.2773530168127,8.20373408031145,1.6));
#12124=CARTESIAN_POINT('',(13.0964705882353,8.20373408031145,1.4));
#12125=CARTESIAN_POINT('Origin',(13.0964705882353,7.90373408031145,1.4));
#12126=CARTESIAN_POINT('',(13.0964705882353,7.90373408031145,1.6));
#12127=CARTESIAN_POINT('',(13.0964705882353,8.20373408031145,1.6));
#12128=CARTESIAN_POINT('',(13.0964705882353,7.90373408031145,1.4));
#12129=CARTESIAN_POINT('Origin',(11.2773530168127,7.90373408031145,1.4));
#12130=CARTESIAN_POINT('',(11.3764705882353,7.90373408031145,1.6));
#12131=CARTESIAN_POINT('',(11.3764705882353,7.90373408031145,1.4));
#12132=CARTESIAN_POINT('',(13.0964705882353,7.90373408031145,1.6));
#12133=CARTESIAN_POINT('Origin',(12.186911802524,8.05373408031145,1.6));
#12134=CARTESIAN_POINT('',(11.3764705882353,7.53186704015572,1.6));
#12135=CARTESIAN_POINT('Origin',(13.0964705882353,9.30373408031144,1.4));
#12136=CARTESIAN_POINT('',(11.3764705882353,9.30373408031144,1.6));
#12137=CARTESIAN_POINT('',(11.3764705882353,9.30373408031144,1.4));
#12138=CARTESIAN_POINT('',(13.0964705882353,9.30373408031144,1.6));
#12139=CARTESIAN_POINT('',(11.2773530168127,9.30373408031144,1.6));
#12140=CARTESIAN_POINT('',(13.0964705882353,9.30373408031144,1.4));
#12141=CARTESIAN_POINT('Origin',(13.0964705882353,9.00373408031145,1.4));
#12142=CARTESIAN_POINT('',(13.0964705882353,9.00373408031145,1.6));
#12143=CARTESIAN_POINT('',(13.0964705882353,9.30373408031144,1.6));
#12144=CARTESIAN_POINT('',(13.0964705882353,9.00373408031145,1.4));
#12145=CARTESIAN_POINT('Origin',(11.2773530168127,9.00373408031145,1.4));
#12146=CARTESIAN_POINT('',(11.3764705882353,9.00373408031145,1.6));
#12147=CARTESIAN_POINT('',(11.3764705882353,9.00373408031145,1.4));
#12148=CARTESIAN_POINT('',(13.0964705882353,9.00373408031145,1.6));
#12149=CARTESIAN_POINT('Origin',(12.186911802524,9.15373408031145,1.6));
#12150=CARTESIAN_POINT('',(11.3764705882353,8.08186704015572,1.6));
#12151=CARTESIAN_POINT('Origin',(13.0964705882353,10.4037340803114,1.4));
#12152=CARTESIAN_POINT('',(11.3764705882353,10.4037340803114,1.6));
#12153=CARTESIAN_POINT('',(11.3764705882353,10.4037340803114,1.4));
#12154=CARTESIAN_POINT('',(13.0964705882353,10.4037340803114,1.6));
#12155=CARTESIAN_POINT('',(11.2773530168127,10.4037340803114,1.6));
#12156=CARTESIAN_POINT('',(13.0964705882353,10.4037340803114,1.4));
#12157=CARTESIAN_POINT('Origin',(13.0964705882353,10.1037340803114,1.4));
#12158=CARTESIAN_POINT('',(13.0964705882353,10.1037340803114,1.6));
#12159=CARTESIAN_POINT('',(13.0964705882353,10.4037340803114,1.6));
#12160=CARTESIAN_POINT('',(13.0964705882353,10.1037340803114,1.4));
#12161=CARTESIAN_POINT('Origin',(11.2773530168127,10.1037340803114,1.4));
#12162=CARTESIAN_POINT('',(11.3764705882353,10.1037340803114,1.6));
#12163=CARTESIAN_POINT('',(11.3764705882353,10.1037340803114,1.4));
#12164=CARTESIAN_POINT('',(13.0964705882353,10.1037340803114,1.6));
#12165=CARTESIAN_POINT('Origin',(12.186911802524,10.2537340803114,1.6));
#12166=CARTESIAN_POINT('',(11.3764705882353,8.63186704015572,1.6));
#12167=CARTESIAN_POINT('Origin',(4.37735301681271,7.35373408031145,1.4));
#12168=CARTESIAN_POINT('',(6.19647058823529,7.35373408031145,1.6));
#12169=CARTESIAN_POINT('',(6.19647058823529,7.35373408031145,1.4));
#12170=CARTESIAN_POINT('',(4.37735301681271,7.35373408031145,1.6));
#12171=CARTESIAN_POINT('',(6.19647058823529,7.35373408031145,1.6));
#12172=CARTESIAN_POINT('',(4.37735301681271,7.35373408031145,1.4));
#12173=CARTESIAN_POINT('Origin',(4.37735301681271,7.65373408031144,1.4));
#12174=CARTESIAN_POINT('',(4.37735301681271,7.65373408031144,1.6));
#12175=CARTESIAN_POINT('',(4.37735301681271,7.35373408031145,1.6));
#12176=CARTESIAN_POINT('',(4.37735301681271,7.65373408031144,1.4));
#12177=CARTESIAN_POINT('Origin',(6.19647058823529,7.65373408031144,1.4));
#12178=CARTESIAN_POINT('',(6.19647058823529,7.65373408031144,1.6));
#12179=CARTESIAN_POINT('',(4.37735301681271,7.65373408031144,1.6));
#12180=CARTESIAN_POINT('',(6.19647058823529,7.65373408031144,1.4));
#12181=CARTESIAN_POINT('Origin',(5.286911802524,7.50373408031145,1.6));
#12182=CARTESIAN_POINT('',(6.19647058823529,9.40186704015572,1.6));
#12183=CARTESIAN_POINT('Origin',(4.37735301681271,8.45373408031145,1.4));
#12184=CARTESIAN_POINT('',(6.19647058823529,8.45373408031145,1.6));
#12185=CARTESIAN_POINT('',(6.19647058823529,8.45373408031145,1.4));
#12186=CARTESIAN_POINT('',(4.37735301681271,8.45373408031145,1.6));
#12187=CARTESIAN_POINT('',(6.19647058823529,8.45373408031145,1.6));
#12188=CARTESIAN_POINT('',(4.37735301681271,8.45373408031145,1.4));
#12189=CARTESIAN_POINT('Origin',(4.37735301681271,8.75373408031145,1.4));
#12190=CARTESIAN_POINT('',(4.37735301681271,8.75373408031145,1.6));
#12191=CARTESIAN_POINT('',(4.37735301681271,8.45373408031145,1.6));
#12192=CARTESIAN_POINT('',(4.37735301681271,8.75373408031145,1.4));
#12193=CARTESIAN_POINT('Origin',(6.19647058823529,8.75373408031145,1.4));
#12194=CARTESIAN_POINT('',(6.19647058823529,8.75373408031145,1.6));
#12195=CARTESIAN_POINT('',(4.37735301681271,8.75373408031145,1.6));
#12196=CARTESIAN_POINT('',(6.19647058823529,8.75373408031144,1.4));
#12197=CARTESIAN_POINT('Origin',(5.286911802524,8.60373408031145,1.6));
#12198=CARTESIAN_POINT('',(6.19647058823529,9.95186704015572,1.6));
#12199=CARTESIAN_POINT('Origin',(4.37735301681271,9.55373408031145,1.4));
#12200=CARTESIAN_POINT('',(6.19647058823529,9.55373408031145,1.6));
#12201=CARTESIAN_POINT('',(6.19647058823529,9.55373408031145,1.4));
#12202=CARTESIAN_POINT('',(4.37735301681271,9.55373408031145,1.6));
#12203=CARTESIAN_POINT('',(6.19647058823529,9.55373408031145,1.6));
#12204=CARTESIAN_POINT('',(4.37735301681271,9.55373408031145,1.4));
#12205=CARTESIAN_POINT('Origin',(4.37735301681271,9.85373408031145,1.4));
#12206=CARTESIAN_POINT('',(4.37735301681271,9.85373408031145,1.6));
#12207=CARTESIAN_POINT('',(4.37735301681271,9.55373408031145,1.6));
#12208=CARTESIAN_POINT('',(4.37735301681271,9.85373408031145,1.4));
#12209=CARTESIAN_POINT('Origin',(6.19647058823529,9.85373408031145,1.4));
#12210=CARTESIAN_POINT('',(6.19647058823529,9.85373408031145,1.6));
#12211=CARTESIAN_POINT('',(4.37735301681271,9.85373408031145,1.6));
#12212=CARTESIAN_POINT('',(6.19647058823529,9.85373408031145,1.4));
#12213=CARTESIAN_POINT('Origin',(5.286911802524,9.70373408031145,1.6));
#12214=CARTESIAN_POINT('',(6.19647058823529,10.5018670401557,1.6));
#12215=CARTESIAN_POINT('Origin',(4.37735301681271,10.6537340803114,1.4));
#12216=CARTESIAN_POINT('',(6.19647058823529,10.6537340803114,1.6));
#12217=CARTESIAN_POINT('',(6.19647058823529,10.6537340803114,1.4));
#12218=CARTESIAN_POINT('',(4.37735301681271,10.6537340803114,1.6));
#12219=CARTESIAN_POINT('',(4.37735301681271,10.6537340803114,1.6));
#12220=CARTESIAN_POINT('',(4.37735301681271,10.6537340803114,1.4));
#12221=CARTESIAN_POINT('Origin',(4.37735301681271,10.9537340803114,1.4));
#12222=CARTESIAN_POINT('',(4.37735301681271,10.9537340803114,1.6));
#12223=CARTESIAN_POINT('',(4.37735301681271,10.9537340803114,1.6));
#12224=CARTESIAN_POINT('',(4.37735301681271,10.9537340803114,1.4));
#12225=CARTESIAN_POINT('Origin',(6.19647058823529,10.9537340803114,1.4));
#12226=CARTESIAN_POINT('',(6.19647058823529,10.9537340803114,1.6));
#12227=CARTESIAN_POINT('',(6.19647058823529,10.9537340803114,1.6));
#12228=CARTESIAN_POINT('',(6.19647058823529,10.9537340803114,1.4));
#12229=CARTESIAN_POINT('Origin',(5.286911802524,10.8037340803114,1.6));
#12230=CARTESIAN_POINT('',(6.19647058823529,11.0518670401557,1.6));
#12231=CARTESIAN_POINT('Origin',(4.37735301681271,10.1037340803114,1.4));
#12232=CARTESIAN_POINT('',(6.19647058823529,10.1037340803114,1.6));
#12233=CARTESIAN_POINT('',(6.19647058823529,10.1037340803114,1.4));
#12234=CARTESIAN_POINT('',(4.37735301681271,10.1037340803114,1.6));
#12235=CARTESIAN_POINT('',(6.19647058823529,10.1037340803114,1.6));
#12236=CARTESIAN_POINT('',(4.37735301681271,10.1037340803114,1.4));
#12237=CARTESIAN_POINT('Origin',(4.37735301681271,10.4037340803114,1.4));
#12238=CARTESIAN_POINT('',(4.37735301681271,10.4037340803114,1.6));
#12239=CARTESIAN_POINT('',(4.37735301681271,10.1037340803114,1.6));
#12240=CARTESIAN_POINT('',(4.37735301681271,10.4037340803114,1.4));
#12241=CARTESIAN_POINT('Origin',(6.19647058823529,10.4037340803114,1.4));
#12242=CARTESIAN_POINT('',(6.19647058823529,10.4037340803114,1.6));
#12243=CARTESIAN_POINT('',(4.37735301681271,10.4037340803114,1.6));
#12244=CARTESIAN_POINT('',(6.19647058823529,10.4037340803114,1.4));
#12245=CARTESIAN_POINT('Origin',(5.286911802524,10.2537340803114,1.6));
#12246=CARTESIAN_POINT('',(6.19647058823529,10.7768670401557,1.6));
#12247=CARTESIAN_POINT('Origin',(4.37735301681271,9.00373408031145,1.4));
#12248=CARTESIAN_POINT('',(6.19647058823529,9.00373408031145,1.6));
#12249=CARTESIAN_POINT('',(6.19647058823529,9.00373408031145,1.4));
#12250=CARTESIAN_POINT('',(4.37735301681271,9.00373408031145,1.6));
#12251=CARTESIAN_POINT('',(6.19647058823529,9.00373408031145,1.6));
#12252=CARTESIAN_POINT('',(4.37735301681271,9.00373408031145,1.4));
#12253=CARTESIAN_POINT('Origin',(4.37735301681271,9.30373408031144,1.4));
#12254=CARTESIAN_POINT('',(4.37735301681271,9.30373408031144,1.6));
#12255=CARTESIAN_POINT('',(4.37735301681271,9.00373408031145,1.6));
#12256=CARTESIAN_POINT('',(4.37735301681271,9.30373408031144,1.4));
#12257=CARTESIAN_POINT('Origin',(6.19647058823529,9.30373408031144,1.4));
#12258=CARTESIAN_POINT('',(6.19647058823529,9.30373408031144,1.6));
#12259=CARTESIAN_POINT('',(4.37735301681271,9.30373408031144,1.6));
#12260=CARTESIAN_POINT('',(6.19647058823529,9.30373408031144,1.4));
#12261=CARTESIAN_POINT('Origin',(5.286911802524,9.15373408031145,1.6));
#12262=CARTESIAN_POINT('',(6.19647058823529,10.2268670401557,1.6));
#12263=CARTESIAN_POINT('Origin',(4.37735301681271,7.90373408031145,1.4));
#12264=CARTESIAN_POINT('',(6.19647058823529,7.90373408031145,1.6));
#12265=CARTESIAN_POINT('',(6.19647058823529,7.90373408031145,1.4));
#12266=CARTESIAN_POINT('',(4.37735301681271,7.90373408031145,1.6));
#12267=CARTESIAN_POINT('',(6.19647058823529,7.90373408031145,1.6));
#12268=CARTESIAN_POINT('',(4.37735301681271,7.90373408031145,1.4));
#12269=CARTESIAN_POINT('Origin',(4.37735301681271,8.20373408031145,1.4));
#12270=CARTESIAN_POINT('',(4.37735301681271,8.20373408031145,1.6));
#12271=CARTESIAN_POINT('',(4.37735301681271,7.90373408031145,1.6));
#12272=CARTESIAN_POINT('',(4.37735301681271,8.20373408031145,1.4));
#12273=CARTESIAN_POINT('Origin',(6.19647058823529,8.20373408031145,1.4));
#12274=CARTESIAN_POINT('',(6.19647058823529,8.20373408031145,1.6));
#12275=CARTESIAN_POINT('',(4.37735301681271,8.20373408031145,1.6));
#12276=CARTESIAN_POINT('',(6.19647058823529,8.20373408031145,1.4));
#12277=CARTESIAN_POINT('Origin',(5.286911802524,8.05373408031145,1.6));
#12278=CARTESIAN_POINT('',(6.19647058823529,9.67686704015572,1.6));
#12279=CARTESIAN_POINT('Origin',(13.0964705882353,10.9537340803114,1.4));
#12280=CARTESIAN_POINT('',(11.3764705882353,10.9537340803114,1.6));
#12281=CARTESIAN_POINT('',(11.3764705882353,10.9537340803114,1.4));
#12282=CARTESIAN_POINT('',(13.0964705882353,10.9537340803114,1.6));
#12283=CARTESIAN_POINT('',(11.2773530168127,10.9537340803114,1.6));
#12284=CARTESIAN_POINT('',(13.0964705882353,10.9537340803114,1.4));
#12285=CARTESIAN_POINT('Origin',(13.0964705882353,10.6537340803114,1.4));
#12286=CARTESIAN_POINT('',(13.0964705882353,10.6537340803114,1.6));
#12287=CARTESIAN_POINT('',(13.0964705882353,10.9537340803114,1.6));
#12288=CARTESIAN_POINT('',(13.0964705882353,10.6537340803114,1.4));
#12289=CARTESIAN_POINT('Origin',(11.2773530168127,10.6537340803114,1.4));
#12290=CARTESIAN_POINT('',(11.3764705882353,10.6537340803114,1.6));
#12291=CARTESIAN_POINT('',(11.3764705882353,10.6537340803114,1.4));
#12292=CARTESIAN_POINT('',(13.0964705882353,10.6537340803114,1.6));
#12293=CARTESIAN_POINT('Origin',(12.186911802524,10.8037340803114,1.6));
#12294=CARTESIAN_POINT('',(11.3764705882353,8.90686704015572,1.6));
#12295=CARTESIAN_POINT('Origin',(13.0964705882353,9.85373408031145,1.4));
#12296=CARTESIAN_POINT('',(11.3764705882353,9.85373408031145,1.6));
#12297=CARTESIAN_POINT('',(11.3764705882353,9.85373408031145,1.4));
#12298=CARTESIAN_POINT('',(13.0964705882353,9.85373408031145,1.6));
#12299=CARTESIAN_POINT('',(11.2773530168127,9.85373408031145,1.6));
#12300=CARTESIAN_POINT('',(13.0964705882353,9.85373408031145,1.4));
#12301=CARTESIAN_POINT('Origin',(13.0964705882353,9.55373408031145,1.4));
#12302=CARTESIAN_POINT('',(13.0964705882353,9.55373408031145,1.6));
#12303=CARTESIAN_POINT('',(13.0964705882353,9.85373408031145,1.6));
#12304=CARTESIAN_POINT('',(13.0964705882353,9.55373408031145,1.4));
#12305=CARTESIAN_POINT('Origin',(11.2773530168127,9.55373408031145,1.4));
#12306=CARTESIAN_POINT('',(11.3764705882353,9.55373408031145,1.6));
#12307=CARTESIAN_POINT('',(11.3764705882353,9.55373408031145,1.4));
#12308=CARTESIAN_POINT('',(13.0964705882353,9.55373408031145,1.6));
#12309=CARTESIAN_POINT('Origin',(12.186911802524,9.70373408031145,1.6));
#12310=CARTESIAN_POINT('',(11.3764705882353,8.35686704015572,1.6));
#12311=CARTESIAN_POINT('Origin',(13.0964705882353,8.75373408031145,1.4));
#12312=CARTESIAN_POINT('',(11.3764705882353,8.75373408031145,1.6));
#12313=CARTESIAN_POINT('',(11.3764705882353,8.75373408031145,1.4));
#12314=CARTESIAN_POINT('',(13.0964705882353,8.75373408031145,1.6));
#12315=CARTESIAN_POINT('',(11.2773530168127,8.75373408031145,1.6));
#12316=CARTESIAN_POINT('',(13.0964705882353,8.75373408031145,1.4));
#12317=CARTESIAN_POINT('Origin',(13.0964705882353,8.45373408031145,1.4));
#12318=CARTESIAN_POINT('',(13.0964705882353,8.45373408031145,1.6));
#12319=CARTESIAN_POINT('',(13.0964705882353,8.75373408031145,1.6));
#12320=CARTESIAN_POINT('',(13.0964705882353,8.45373408031145,1.4));
#12321=CARTESIAN_POINT('Origin',(11.2773530168127,8.45373408031145,1.4));
#12322=CARTESIAN_POINT('',(11.3764705882353,8.45373408031145,1.6));
#12323=CARTESIAN_POINT('',(11.3764705882353,8.45373408031145,1.4));
#12324=CARTESIAN_POINT('',(13.0964705882353,8.45373408031145,1.6));
#12325=CARTESIAN_POINT('Origin',(12.186911802524,8.60373408031145,1.6));
#12326=CARTESIAN_POINT('',(11.3764705882353,7.80686704015572,1.6));
#12327=CARTESIAN_POINT('Origin',(13.0964705882353,7.65373408031144,1.4));
#12328=CARTESIAN_POINT('',(11.3764705882353,7.65373408031144,1.6));
#12329=CARTESIAN_POINT('',(11.3764705882353,7.65373408031144,1.4));
#12330=CARTESIAN_POINT('',(13.0964705882353,7.65373408031144,1.6));
#12331=CARTESIAN_POINT('',(11.2773530168127,7.65373408031144,1.6));
#12332=CARTESIAN_POINT('',(13.0964705882353,7.65373408031144,1.4));
#12333=CARTESIAN_POINT('Origin',(13.0964705882353,7.35373408031145,1.4));
#12334=CARTESIAN_POINT('',(13.0964705882353,7.35373408031145,1.6));
#12335=CARTESIAN_POINT('',(13.0964705882353,7.65373408031144,1.6));
#12336=CARTESIAN_POINT('',(13.0964705882353,7.35373408031145,1.4));
#12337=CARTESIAN_POINT('Origin',(11.2773530168127,7.35373408031145,1.4));
#12338=CARTESIAN_POINT('',(11.3764705882353,7.35373408031145,1.6));
#12339=CARTESIAN_POINT('',(11.3764705882353,7.35373408031145,1.4));
#12340=CARTESIAN_POINT('',(13.0964705882353,7.35373408031145,1.6));
#12341=CARTESIAN_POINT('Origin',(12.186911802524,7.50373408031145,1.6));
#12342=CARTESIAN_POINT('',(11.3764705882353,7.25686704015572,1.6));
#12343=CARTESIAN_POINT('Origin',(11.3764705882353,7.01,1.4));
#12344=CARTESIAN_POINT('',(11.3764705882353,11.3,1.4));
#12345=CARTESIAN_POINT('',(11.3764705882353,7.01,1.4));
#12346=CARTESIAN_POINT('Origin',(6.19647058823529,7.01,1.4));
#12347=CARTESIAN_POINT('',(6.19647058823529,7.01,1.4));
#12348=CARTESIAN_POINT('Origin',(6.19647058823529,11.3,1.4));
#12349=CARTESIAN_POINT('',(6.19647058823529,11.3,1.4));
#12350=CARTESIAN_POINT('Origin',(11.3764705882353,11.3,1.4));
#12351=CARTESIAN_POINT('Origin',(8.78647058823529,9.155,2.4));
#12352=CARTESIAN_POINT('Origin',(5.82647058823525,1.,1.4));
#12353=CARTESIAN_POINT('',(-1.28352941176471,-5.7,1.4));
#12354=CARTESIAN_POINT('',(-1.83352941176471,-5.7,1.4));
#12355=CARTESIAN_POINT('',(-1.39602941176471,-5.7,1.4));
#12356=CARTESIAN_POINT('',(-1.83352941176471,-6.7,1.4));
#12357=CARTESIAN_POINT('',(-1.83352941176471,-6.45,1.4));
#12358=CARTESIAN_POINT('',(-9.80257670728527,-6.7,1.4));
#12359=CARTESIAN_POINT('',(-15.0835294117647,-6.7,1.4));
#12360=CARTESIAN_POINT('',(-9.80257670728527,-7.2,1.4));
#12361=CARTESIAN_POINT('',(-9.80257670728527,-3.6,1.4));
#12362=CARTESIAN_POINT('',(-11.0025767072853,-7.2,1.4));
#12363=CARTESIAN_POINT('',(-5.50128835364264,-7.2,1.4));
#12364=CARTESIAN_POINT('',(-11.0025767072853,-6.7,1.4));
#12365=CARTESIAN_POINT('',(-11.0025767072853,-3.35,1.4));
#12366=CARTESIAN_POINT('',(-15.0835294117647,-6.7,1.4));
#12367=CARTESIAN_POINT('',(-15.0835294117647,-6.7,1.4));
#12368=CARTESIAN_POINT('',(-15.0835294117647,-3.2,1.4));
#12369=CARTESIAN_POINT('',(-15.0835294117647,-3.2,1.4));
#12370=CARTESIAN_POINT('',(-14.0835294117647,-1.2,1.4));
#12371=CARTESIAN_POINT('',(-14.0835294117647,-1.2,1.4));
#12372=CARTESIAN_POINT('',(-14.0835294117647,8.3,1.4));
#12373=CARTESIAN_POINT('',(-14.0835294117647,8.3,1.4));
#12374=CARTESIAN_POINT('',(-11.0025767072853,8.3,1.4));
#12375=CARTESIAN_POINT('',(-0.0835294117647115,8.3,1.4));
#12376=CARTESIAN_POINT('',(-11.0025767072853,8.8,1.4));
#12377=CARTESIAN_POINT('',(-11.0025767072853,4.4,1.4));
#12378=CARTESIAN_POINT('',(-9.80257670728527,8.8,1.4));
#12379=CARTESIAN_POINT('',(-4.90128835364264,8.8,1.4));
#12380=CARTESIAN_POINT('',(-9.80257670728527,8.3,1.4));
#12381=CARTESIAN_POINT('',(-9.80257670728527,4.15,1.4));
#12382=CARTESIAN_POINT('',(-1.28352941176471,8.3,1.4));
#12383=CARTESIAN_POINT('',(-0.0835294117647115,8.3,1.4));
#12384=CARTESIAN_POINT('',(-1.28352941176471,8.8,1.4));
#12385=CARTESIAN_POINT('',(-1.28352941176471,4.4,1.4));
#12386=CARTESIAN_POINT('',(-0.0835294117647112,8.8,1.4));
#12387=CARTESIAN_POINT('',(-0.0417647058823556,8.8,1.4));
#12388=CARTESIAN_POINT('',(-0.0835294117647112,-6.4,1.4));
#12389=CARTESIAN_POINT('',(-0.0835294117647112,4.15,1.4));
#12390=CARTESIAN_POINT('',(-1.28352941176471,-6.4,1.4));
#12391=CARTESIAN_POINT('',(-0.641764705882356,-6.4,1.4));
#12392=CARTESIAN_POINT('',(-1.28352941176471,-2.85,1.4));
#12393=CARTESIAN_POINT('Origin',(-0.0417647058823557,8.2,3.3));
#12394=CARTESIAN_POINT('',(-14.0835294117647,8.3,3.3));
#12395=CARTESIAN_POINT('',(-14.0835294117647,8.2,3.4));
#12396=CARTESIAN_POINT('Origin',(-14.0835294117647,8.2,3.3));
#12397=CARTESIAN_POINT('',(-6.50136984034755,8.2,3.4));
#12398=CARTESIAN_POINT('',(-0.0417647058823557,8.2,3.4));
#12399=CARTESIAN_POINT('',(-6.50136984034755,8.3,3.3));
#12400=CARTESIAN_POINT('Origin',(-6.50136984034755,8.2,3.3));
#12401=CARTESIAN_POINT('',(-0.0417647058823557,8.3,3.3));
#12402=CARTESIAN_POINT('Origin',(-14.0835294117647,8.3,3.4));
#12403=CARTESIAN_POINT('',(-14.0835294117647,8.3,3.4));
#12404=CARTESIAN_POINT('',(-14.0835294117647,-1.2,2.58));
#12405=CARTESIAN_POINT('',(-14.0835294117647,-1.2,3.4));
#12406=CARTESIAN_POINT('',(-14.0835294117647,7.47,2.58));
#12407=CARTESIAN_POINT('',(-14.0835294117647,2.11,2.58));
#12408=CARTESIAN_POINT('',(-14.0835294117647,7.47,3.35));
#12409=CARTESIAN_POINT('',(-14.0835294117647,7.47,2.99));
#12410=CARTESIAN_POINT('',(-14.0835294117647,-1.2,3.35));
#12411=CARTESIAN_POINT('',(-14.0835294117647,7.885,3.35));
#12412=CARTESIAN_POINT('',(-14.0835294117647,-1.2,3.4));
#12413=CARTESIAN_POINT('',(-14.0835294117647,-1.2,3.4));
#12414=CARTESIAN_POINT('',(-14.0835294117647,8.3,3.4));
#12415=CARTESIAN_POINT('Origin',(-0.0835294117647115,8.3,3.4));
#12416=CARTESIAN_POINT('',(-0.871369840347547,8.3,3.3));
#12417=CARTESIAN_POINT('',(-1.88494962605613,8.3,3.3));
#12418=CARTESIAN_POINT('',(-0.0835294117647115,8.3,3.3));
#12419=CARTESIAN_POINT('',(-0.0417647058823557,8.3,3.3));
#12420=CARTESIAN_POINT('',(-0.0835294117647112,8.3,1.5));
#12421=CARTESIAN_POINT('',(-0.0835294117647115,8.3,3.4));
#12422=CARTESIAN_POINT('',(-1.28352941176471,8.3,1.5));
#12423=CARTESIAN_POINT('',(-0.383529411764712,8.3,1.5));
#12424=CARTESIAN_POINT('',(-1.28352941176471,8.3,2.4));
#12425=CARTESIAN_POINT('',(-9.80257670728527,8.3,1.5));
#12426=CARTESIAN_POINT('',(-9.80257670728527,8.3,2.4));
#12427=CARTESIAN_POINT('',(-11.0025767072853,8.3,1.5));
#12428=CARTESIAN_POINT('',(-5.24305305952499,8.3,1.5));
#12429=CARTESIAN_POINT('',(-11.0025767072853,8.3,2.4));
#12430=CARTESIAN_POINT('Origin',(-0.0417647058823557,8.2,3.3));
#12431=CARTESIAN_POINT('',(-0.871369840347547,8.2,3.4));
#12432=CARTESIAN_POINT('Origin',(-0.871369840347547,8.2,3.3));
#12433=CARTESIAN_POINT('',(-0.183529411764711,8.2,3.4));
#12434=CARTESIAN_POINT('',(-0.0417647058823557,8.2,3.4));
#12435=CARTESIAN_POINT('Origin',(-0.183529411764711,8.2,3.3));
#12436=CARTESIAN_POINT('Origin',(-0.183529411764711,-3.35,3.3));
#12437=CARTESIAN_POINT('',(-0.183529411764712,-5.4,3.4));
#12438=CARTESIAN_POINT('',(-0.183529411764711,-3.35,3.4));
#12439=CARTESIAN_POINT('',(-0.0835294117647115,-5.4,3.3));
#12440=CARTESIAN_POINT('Origin',(-0.183529411764711,-5.4,3.3));
#12441=CARTESIAN_POINT('',(-0.0835294117647115,-3.35,3.3));
#12442=CARTESIAN_POINT('Origin',(-0.183529411764712,-5.4,3.1));
#12443=CARTESIAN_POINT('',(-0.183529411764712,-5.7,3.1));
#12444=CARTESIAN_POINT('',(-0.0835294117647115,-5.6,3.1));
#12445=CARTESIAN_POINT('Origin',(-0.183529411764712,-5.6,3.1));
#12446=CARTESIAN_POINT('Origin',(-0.0835294117647115,-5.4,3.1));
#12447=CARTESIAN_POINT('Origin',(-0.183529411764712,-5.4,3.1));
#12448=CARTESIAN_POINT('Origin',(-0.183529411764712,-5.6,3.4));
#12449=CARTESIAN_POINT('',(-0.183529411764712,-5.7,1.5));
#12450=CARTESIAN_POINT('',(-0.0835294117647115,-5.6,1.5));
#12451=CARTESIAN_POINT('Origin',(-0.183529411764712,-5.6,1.5));
#12452=CARTESIAN_POINT('',(-0.0835294117647115,-5.6,3.4));
#12453=CARTESIAN_POINT('',(-0.183529411764712,-5.7,3.4));
#12454=CARTESIAN_POINT('Origin',(-0.871369840347547,8.3,3.4));
#12455=CARTESIAN_POINT('',(-0.871369840347547,7.45,3.3));
#12456=CARTESIAN_POINT('',(-0.871369840347547,8.3,3.3));
#12457=CARTESIAN_POINT('',(-0.871369840347547,7.45,3.4));
#12458=CARTESIAN_POINT('',(-0.871369840347547,7.45,3.4));
#12459=CARTESIAN_POINT('',(-0.871369840347547,4.15,3.4));
#12460=CARTESIAN_POINT('Origin',(-0.0835294117647115,-6.7,3.4));
#12461=CARTESIAN_POINT('',(-0.0835294117647112,-6.4,1.5));
#12462=CARTESIAN_POINT('',(-0.0835294117647112,-6.4,1.5));
#12463=CARTESIAN_POINT('',(-0.0835294117647112,-6.4,1.4));
#12464=CARTESIAN_POINT('',(-0.0835294117647112,8.8,1.5));
#12465=CARTESIAN_POINT('',(-0.0835294117647112,8.8,1.4));
#12466=CARTESIAN_POINT('',(-0.0835294117647112,8.3,1.5));
#12467=CARTESIAN_POINT('Origin',(-7.54176470588236,-6.6,3.3));
#12468=CARTESIAN_POINT('',(-15.0835294117647,-6.6,3.4));
#12469=CARTESIAN_POINT('',(-15.0835294117647,-6.7,3.3));
#12470=CARTESIAN_POINT('Origin',(-15.0835294117647,-6.6,3.3));
#12471=CARTESIAN_POINT('',(-13.4960294117647,-6.7,3.3));
#12472=CARTESIAN_POINT('',(-7.54176470588236,-6.7,3.3));
#12473=CARTESIAN_POINT('',(-13.4960294117647,-6.6,3.4));
#12474=CARTESIAN_POINT('Origin',(-13.4960294117647,-6.6,3.3));
#12475=CARTESIAN_POINT('',(-7.54176470588236,-6.6,3.4));
#12476=CARTESIAN_POINT('Origin',(-13.4960294117647,-6.7,3.4));
#12477=CARTESIAN_POINT('',(-13.4960294117647,-5.75,3.3));
#12478=CARTESIAN_POINT('',(-13.4960294117647,-5.75,3.3));
#12479=CARTESIAN_POINT('',(-13.4960294117647,-5.75,3.4));
#12480=CARTESIAN_POINT('',(-13.4960294117647,-5.75,3.4));
#12481=CARTESIAN_POINT('',(-13.4960294117647,-3.35,3.4));
#12482=CARTESIAN_POINT('Origin',(-15.0835294117647,-6.7,3.4));
#12483=CARTESIAN_POINT('',(-15.0835294117647,-6.7,3.4));
#12484=CARTESIAN_POINT('',(-11.0025767072853,-6.7,1.5));
#12485=CARTESIAN_POINT('',(-11.0025767072853,-6.7,2.4));
#12486=CARTESIAN_POINT('',(-9.80257670728527,-6.7,1.5));
#12487=CARTESIAN_POINT('',(-12.743053059525,-6.7,1.5));
#12488=CARTESIAN_POINT('',(-9.80257670728527,-6.7,2.4));
#12489=CARTESIAN_POINT('',(-1.83352941176471,-6.7,3.3));
#12490=CARTESIAN_POINT('',(-1.83352941176471,-6.7,3.4));
#12491=CARTESIAN_POINT('',(-8.49602941176471,-6.7,3.3));
#12492=CARTESIAN_POINT('',(-7.54176470588236,-6.7,3.3));
#12493=CARTESIAN_POINT('',(-12.9488670202008,-6.7,3.3));
#12494=CARTESIAN_POINT('Origin',(-7.54176470588236,-6.6,3.3));
#12495=CARTESIAN_POINT('',(-1.83352941176471,-6.6,3.4));
#12496=CARTESIAN_POINT('Origin',(-1.83352941176471,-6.6,3.3));
#12497=CARTESIAN_POINT('',(-8.49602941176471,-6.6,3.4));
#12498=CARTESIAN_POINT('',(-7.54176470588236,-6.6,3.4));
#12499=CARTESIAN_POINT('Origin',(-8.49602941176471,-6.6,3.3));
#12500=CARTESIAN_POINT('Origin',(-8.49602941176471,-4.2,3.4));
#12501=CARTESIAN_POINT('',(-8.49602941176471,-4.2,3.4));
#12502=CARTESIAN_POINT('',(-8.49602941176471,-2.1,3.4));
#12503=CARTESIAN_POINT('',(-8.49602941176471,-4.2,3.3));
#12504=CARTESIAN_POINT('',(-8.49602941176471,-4.2,3.4));
#12505=CARTESIAN_POINT('',(-8.49602941176471,-4.7,3.3));
#12506=CARTESIAN_POINT('Origin',(-0.916764705882356,-5.4,3.1));
#12507=CARTESIAN_POINT('',(-1.83352941176471,-5.4,3.4));
#12508=CARTESIAN_POINT('',(-0.916764705882356,-5.4,3.4));
#12509=CARTESIAN_POINT('',(-1.83352941176471,-5.7,3.1));
#12510=CARTESIAN_POINT('Origin',(-1.83352941176471,-5.4,3.1));
#12511=CARTESIAN_POINT('',(-0.916764705882356,-5.7,3.1));
#12512=CARTESIAN_POINT('Origin',(-1.83352941176471,-5.7,3.4));
#12513=CARTESIAN_POINT('',(-1.83352941176471,-5.7,3.4));
#12514=CARTESIAN_POINT('',(-1.28352941176471,-5.7,1.5));
#12515=CARTESIAN_POINT('',(-1.28352941176471,-5.7,2.4));
#12516=CARTESIAN_POINT('',(-1.25852941176471,-5.7,1.5));
#12517=CARTESIAN_POINT('Origin',(-11.0025767072853,8.8,1.4));
#12518=CARTESIAN_POINT('',(-11.0025767072853,8.8,1.5));
#12519=CARTESIAN_POINT('',(-11.0025767072853,8.8,1.5));
#12520=CARTESIAN_POINT('',(-11.0025767072853,8.8,1.4));
#12521=CARTESIAN_POINT('Origin',(-9.80257670728527,8.8,1.4));
#12522=CARTESIAN_POINT('',(-9.80257670728527,8.8,1.5));
#12523=CARTESIAN_POINT('',(-9.80257670728527,8.8,1.5));
#12524=CARTESIAN_POINT('',(-9.80257670728527,8.8,1.4));
#12525=CARTESIAN_POINT('Origin',(-9.80257670728527,8.3,1.4));
#12526=CARTESIAN_POINT('',(-9.80257670728527,8.3,1.5));
#12527=CARTESIAN_POINT('Origin',(-10.4025767072853,8.55,1.5));
#12528=CARTESIAN_POINT('Origin',(-1.28352941176471,8.8,1.4));
#12529=CARTESIAN_POINT('',(-1.28352941176471,8.8,1.5));
#12530=CARTESIAN_POINT('',(-1.28352941176471,8.8,1.5));
#12531=CARTESIAN_POINT('',(-1.28352941176471,8.8,1.4));
#12532=CARTESIAN_POINT('Origin',(-0.0835294117647112,8.8,1.4));
#12533=CARTESIAN_POINT('',(-0.0835294117647112,8.8,1.5));
#12534=CARTESIAN_POINT('Origin',(-0.683529411764712,8.55,1.5));
#12535=CARTESIAN_POINT('Origin',(-9.80257670728527,-7.2,1.4));
#12536=CARTESIAN_POINT('',(-9.80257670728527,-7.2,1.5));
#12537=CARTESIAN_POINT('',(-9.80257670728527,-6.7,1.5));
#12538=CARTESIAN_POINT('',(-9.80257670728527,-7.2,1.4));
#12539=CARTESIAN_POINT('Origin',(-11.0025767072853,-7.2,1.4));
#12540=CARTESIAN_POINT('',(-11.0025767072853,-7.2,1.5));
#12541=CARTESIAN_POINT('',(-9.80257670728527,-7.2,1.5));
#12542=CARTESIAN_POINT('',(-11.0025767072853,-7.2,1.4));
#12543=CARTESIAN_POINT('Origin',(-11.0025767072853,-6.7,1.4));
#12544=CARTESIAN_POINT('',(-11.0025767072853,-7.2,1.5));
#12545=CARTESIAN_POINT('Origin',(-10.4025767072853,-6.95,1.5));
#12546=CARTESIAN_POINT('Origin',(-1.28352941176471,-6.4,1.4));
#12547=CARTESIAN_POINT('',(-1.28352941176471,-6.4,1.5));
#12548=CARTESIAN_POINT('',(-1.28352941176471,-6.4,1.5));
#12549=CARTESIAN_POINT('',(-1.28352941176471,-6.4,1.4));
#12550=CARTESIAN_POINT('Origin',(-1.28352941176471,-5.7,1.4));
#12551=CARTESIAN_POINT('',(-1.28352941176471,-5.7,1.5));
#12552=CARTESIAN_POINT('Origin',(-0.683529411764712,-6.05,1.5));
#12553=CARTESIAN_POINT('Origin',(-1.83352941176471,-6.7,3.4));
#12554=CARTESIAN_POINT('',(-1.83352941176471,-3.35,3.4));
#12555=CARTESIAN_POINT('Origin',(-10.4960294117647,-4.2,3.4));
#12556=CARTESIAN_POINT('',(-10.4960294117647,-4.2,3.4));
#12557=CARTESIAN_POINT('',(-5.24801470588236,-4.2,3.4));
#12558=CARTESIAN_POINT('',(-10.4960294117647,-4.2,3.3));
#12559=CARTESIAN_POINT('',(-10.4960294117647,-4.2,3.4));
#12560=CARTESIAN_POINT('',(-8.49602941176471,-4.2,3.3));
#12561=CARTESIAN_POINT('Origin',(-10.9960294117647,-4.7,3.4));
#12562=CARTESIAN_POINT('',(-10.9960294117647,-4.7,3.4));
#12563=CARTESIAN_POINT('',(-7.07202205882353,-0.775992647058822,3.4));
#12564=CARTESIAN_POINT('',(-10.9960294117647,-4.7,3.3));
#12565=CARTESIAN_POINT('',(-10.9960294117647,-4.7,3.4));
#12566=CARTESIAN_POINT('',(-10.4960294117647,-4.2,3.3));
#12567=CARTESIAN_POINT('Origin',(-13.4960294117647,-4.7,3.4));
#12568=CARTESIAN_POINT('',(-13.4960294117647,-4.7,3.4));
#12569=CARTESIAN_POINT('',(-6.74801470588236,-4.7,3.4));
#12570=CARTESIAN_POINT('',(-13.4960294117647,-4.7,3.3));
#12571=CARTESIAN_POINT('',(-13.4960294117647,-4.7,3.4));
#12572=CARTESIAN_POINT('',(-10.9960294117647,-4.7,3.3));
#12573=CARTESIAN_POINT('Origin',(-13.4960294117647,-4.95,3.4));
#12574=CARTESIAN_POINT('',(-13.4960294117647,-4.95,3.4));
#12575=CARTESIAN_POINT('',(-13.4960294117647,-2.475,3.4));
#12576=CARTESIAN_POINT('',(-13.4960294117647,-4.95,3.3));
#12577=CARTESIAN_POINT('',(-13.4960294117647,-4.95,3.4));
#12578=CARTESIAN_POINT('',(-13.4960294117647,-4.7,3.3));
#12579=CARTESIAN_POINT('Origin',(-10.8960294117647,-4.95,3.4));
#12580=CARTESIAN_POINT('',(-10.8960294117647,-4.95,3.4));
#12581=CARTESIAN_POINT('',(-5.44801470588236,-4.95,3.4));
#12582=CARTESIAN_POINT('',(-10.8960294117647,-4.95,3.3));
#12583=CARTESIAN_POINT('',(-10.8960294117647,-4.95,3.4));
#12584=CARTESIAN_POINT('',(-13.4960294117647,-4.95,3.3));
#12585=CARTESIAN_POINT('Origin',(-10.2960294117647,-4.35,3.4));
#12586=CARTESIAN_POINT('',(-10.2960294117647,-4.35,3.4));
#12587=CARTESIAN_POINT('',(-6.63452205882353,-0.688492647058821,3.4));
#12588=CARTESIAN_POINT('',(-10.2960294117647,-4.35,3.3));
#12589=CARTESIAN_POINT('',(-10.2960294117647,-4.35,3.4));
#12590=CARTESIAN_POINT('',(-10.8960294117647,-4.95,3.3));
#12591=CARTESIAN_POINT('Origin',(-8.89602941176471,-4.35,3.4));
#12592=CARTESIAN_POINT('',(-8.89602941176471,-4.35,3.4));
#12593=CARTESIAN_POINT('',(-4.44801470588236,-4.35,3.4));
#12594=CARTESIAN_POINT('',(-8.89602941176471,-4.35,3.3));
#12595=CARTESIAN_POINT('',(-8.89602941176471,-4.35,3.4));
#12596=CARTESIAN_POINT('',(-10.2960294117647,-4.35,3.3));
#12597=CARTESIAN_POINT('Origin',(-8.89602941176471,-5.75,3.4));
#12598=CARTESIAN_POINT('',(-8.89602941176471,-5.75,3.4));
#12599=CARTESIAN_POINT('',(-8.89602941176471,-2.875,3.4));
#12600=CARTESIAN_POINT('',(-8.89602941176471,-5.75,3.3));
#12601=CARTESIAN_POINT('',(-8.89602941176471,-5.75,3.4));
#12602=CARTESIAN_POINT('',(-8.89602941176471,-4.95,3.3));
#12603=CARTESIAN_POINT('Origin',(-13.4960294117647,-5.75,3.4));
#12604=CARTESIAN_POINT('',(-6.74801470588236,-5.75,3.4));
#12605=CARTESIAN_POINT('',(-8.89602941176471,-5.75,3.3));
#12606=CARTESIAN_POINT('Origin',(-10.814204628637,-5.41158736003936,3.3));
#12607=CARTESIAN_POINT('Origin',(-3.68636984034755,7.875,3.3));
#12608=CARTESIAN_POINT('',(-1.90852941176471,7.45,3.3));
#12609=CARTESIAN_POINT('',(-1.90852941176471,7.47,3.3));
#12610=CARTESIAN_POINT('',(-1.90852941176471,4.785,3.3));
#12611=CARTESIAN_POINT('',(-0.871369840347547,7.45,3.3));
#12612=CARTESIAN_POINT('',(-6.50136984034755,7.47,3.3));
#12613=CARTESIAN_POINT('',(-6.50136984034755,7.45,3.3));
#12614=CARTESIAN_POINT('',(-9.38494962605613,7.47,3.3));
#12615=CARTESIAN_POINT('Origin',(-6.50136984034755,7.45,3.4));
#12616=CARTESIAN_POINT('',(-6.50136984034755,7.45,3.4));
#12617=CARTESIAN_POINT('',(-6.50136984034755,3.725,3.4));
#12618=CARTESIAN_POINT('',(-6.50136984034755,7.45,3.35));
#12619=CARTESIAN_POINT('',(-6.50136984034755,7.45,3.4));
#12620=CARTESIAN_POINT('',(-6.50136984034755,7.47,3.35));
#12621=CARTESIAN_POINT('',(-6.50136984034755,7.46,3.35));
#12622=CARTESIAN_POINT('',(-6.50136984034755,7.47,2.99));
#12623=CARTESIAN_POINT('Origin',(-0.871369840347547,7.45,3.4));
#12624=CARTESIAN_POINT('',(-1.90852941176471,7.45,3.35));
#12625=CARTESIAN_POINT('',(-1.90852941176471,7.45,3.1825));
#12626=CARTESIAN_POINT('',(-7.97744962605613,7.45,3.35));
#12627=CARTESIAN_POINT('',(-0.435684920173773,7.45,3.4));
#12628=CARTESIAN_POINT('Origin',(-1.90852941176471,1.695,2.965));
#12629=CARTESIAN_POINT('',(-1.90852941176471,7.47,2.58));
#12630=CARTESIAN_POINT('',(-1.90852941176471,7.47,3.35));
#12631=CARTESIAN_POINT('',(-1.90852941176471,-4.08,2.58));
#12632=CARTESIAN_POINT('',(-1.90852941176471,7.47,2.58));
#12633=CARTESIAN_POINT('',(-1.90852941176471,-4.08,3.35));
#12634=CARTESIAN_POINT('',(-1.90852941176471,-4.08,2.58));
#12635=CARTESIAN_POINT('',(-1.90852941176471,-4.08,3.35));
#12636=CARTESIAN_POINT('Origin',(-15.0835294117647,7.47,2.58));
#12637=CARTESIAN_POINT('',(-15.0835294117647,7.47,3.35));
#12638=CARTESIAN_POINT('',(-15.0835294117647,7.47,2.58));
#12639=CARTESIAN_POINT('Origin',(-15.0835294117647,-4.08,2.58));
#12640=CARTESIAN_POINT('',(-15.0835294117647,-3.2,2.58));
#12641=CARTESIAN_POINT('',(-14.7595294117647,-2.552,2.58));
#12642=CARTESIAN_POINT('',(-15.0835294117647,-4.08,2.58));
#12643=CARTESIAN_POINT('',(-15.0835294117647,-3.64,2.58));
#12644=CARTESIAN_POINT('',(-15.0835294117647,-4.08,2.58));
#12645=CARTESIAN_POINT('Origin',(-15.0835294117647,-4.08,3.35));
#12646=CARTESIAN_POINT('',(-15.0835294117647,-4.08,3.35));
#12647=CARTESIAN_POINT('',(-15.0835294117647,-4.08,3.375));
#12648=CARTESIAN_POINT('',(-15.0835294117647,-4.08,3.35));
#12649=CARTESIAN_POINT('Origin',(-15.0835294117647,7.47,3.35));
#12650=CARTESIAN_POINT('',(-15.0835294117647,-3.2,3.35));
#12651=CARTESIAN_POINT('',(-15.0835294117647,2.135,3.35));
#12652=CARTESIAN_POINT('',(-12.4495294117647,2.068,3.35));
#12653=CARTESIAN_POINT('Origin',(-14.0835294117647,-1.2,3.4));
#12654=CARTESIAN_POINT('',(-15.0835294117647,-3.2,3.4));
#12655=CARTESIAN_POINT('',(-15.0835294117647,-3.2,3.4));
#12656=CARTESIAN_POINT('',(-14.0835294117647,-1.2,3.4));
#12657=CARTESIAN_POINT('Origin',(-14.0835294117647,-1.2,3.4));
#12658=CARTESIAN_POINT('',(-15.0835294117647,-3.2,3.4));
#12659=CARTESIAN_POINT('Origin',(-15.0835294117647,-3.2,3.4));
#12660=CARTESIAN_POINT('',(-15.0835294117647,-3.2,3.4));
#12661=CARTESIAN_POINT('Origin',(0.,0.,3.4));
#12662=CARTESIAN_POINT('',(0.,0.,0.));
#12663=CARTESIAN_POINT('Origin',(0.,1.2,0.));
#12664=CARTESIAN_POINT('',(1.38674996331261,1.2,0.112173342794743));
#12665=CARTESIAN_POINT('',(1.30598309153011,1.2,0.112173342794743));
#12666=CARTESIAN_POINT('',(1.38674996331261,1.2,0.112173342794743));
#12667=CARTESIAN_POINT('',(1.07070568242458,1.2,0.494938082981358));
#12668=CARTESIAN_POINT('',(1.30598309153011,1.2,0.112173342794743));
#12669=CARTESIAN_POINT('',(1.07070568242458,1.2,0.564910026651218));
#12670=CARTESIAN_POINT('',(1.07070568242458,1.2,0.494938082981358));
#12671=CARTESIAN_POINT('',(1.30364202278279,1.2,0.564910026651218));
#12672=CARTESIAN_POINT('',(1.07070568242458,1.2,0.564910026651218));
#12673=CARTESIAN_POINT('',(1.30364202278279,1.2,0.719680682723958));
#12674=CARTESIAN_POINT('',(1.30364202278279,1.2,0.564910026651218));
#12675=CARTESIAN_POINT('',(1.38674996331261,1.2,0.719680682723958));
#12676=CARTESIAN_POINT('',(1.30364202278279,1.2,0.719680682723958));
#12677=CARTESIAN_POINT('',(1.38674996331261,1.2,0.564910026651218));
#12678=CARTESIAN_POINT('',(1.38674996331261,1.2,0.719680682723958));
#12679=CARTESIAN_POINT('',(1.46049362885315,1.2,0.564910026651218));
#12680=CARTESIAN_POINT('',(1.38674996331261,1.2,0.564910026651218));
#12681=CARTESIAN_POINT('',(1.46049362885315,1.2,0.498449686102336));
#12682=CARTESIAN_POINT('',(1.46049362885315,1.2,0.564910026651218));
#12683=CARTESIAN_POINT('',(1.38674996331261,1.2,0.498449686102336));
#12684=CARTESIAN_POINT('',(1.46049362885315,1.2,0.498449686102336));
#12685=CARTESIAN_POINT('',(1.38674996331261,1.2,0.498449686102336));
#12686=CARTESIAN_POINT('',(1.1479609510861,1.2,0.498449686102336));
#12687=CARTESIAN_POINT('',(1.30364202278279,1.2,0.242102658270934));
#12688=CARTESIAN_POINT('',(1.1479609510861,1.2,0.498449686102336));
#12689=CARTESIAN_POINT('',(1.30364202278279,1.2,0.498449686102336));
#12690=CARTESIAN_POINT('',(1.30364202278279,1.2,0.242102658270934));
#12691=CARTESIAN_POINT('',(1.30364202278279,1.2,0.498449686102336));
#12692=CARTESIAN_POINT('Origin',(0.,1.2,0.));
#12693=CARTESIAN_POINT('Origin',(0.,1.2,0.));
#12694=CARTESIAN_POINT('',(0.705498957842853,1.2,0.157824183367459));
#12695=CARTESIAN_POINT('',(0.649313307907203,1.2,0.32286953005343));
#12696=CARTESIAN_POINT('Ctrl Pts',(0.649313307907203,1.2,0.32286953005343));
#12697=CARTESIAN_POINT('Ctrl Pts',(0.649489592982084,1.2,0.314062617253215));
#12698=CARTESIAN_POINT('Ctrl Pts',(0.649831686977115,1.2,0.29697216313649));
#12699=CARTESIAN_POINT('Ctrl Pts',(0.652428549033348,1.2,0.2721271637147));
#12700=CARTESIAN_POINT('Ctrl Pts',(0.656835330886126,1.2,0.248941851470019));
#12701=CARTESIAN_POINT('Ctrl Pts',(0.66287106335372,1.2,0.227337328623354));
#12702=CARTESIAN_POINT('Ctrl Pts',(0.670876931090149,1.2,0.207442156858154));
#12703=CARTESIAN_POINT('Ctrl Pts',(0.680485815530573,1.2,0.189112539385183));
#12704=CARTESIAN_POINT('Ctrl Pts',(0.69192018157837,1.2,0.17240721457911));
#12705=CARTESIAN_POINT('Ctrl Pts',(0.700994420289439,1.2,0.162661866120014));
#12706=CARTESIAN_POINT('Ctrl Pts',(0.705498957842853,1.2,0.157824183367459));
#12707=CARTESIAN_POINT('',(0.7300801796897,1.2,0.32286953005343));
#12708=CARTESIAN_POINT('',(0.649313307907203,1.2,0.32286953005343));
#12709=CARTESIAN_POINT('',(0.768707814020459,1.2,0.199963420819196));
#12710=CARTESIAN_POINT('Ctrl Pts',(0.768707814020459,1.2,0.199963420819196));
#12711=CARTESIAN_POINT('Ctrl Pts',(0.765573963049453,1.2,0.203351408500379));
#12712=CARTESIAN_POINT('Ctrl Pts',(0.759251277071474,1.2,0.210186826777623));
#12713=CARTESIAN_POINT('Ctrl Pts',(0.751420855174095,1.2,0.222158136563056));
#12714=CARTESIAN_POINT('Ctrl Pts',(0.744808174139795,1.2,0.235491117491766));
#12715=CARTESIAN_POINT('Ctrl Pts',(0.739352013824258,1.2,0.250224677312705));
#12716=CARTESIAN_POINT('Ctrl Pts',(0.735214125719612,1.2,0.266403009291727));
#12717=CARTESIAN_POINT('Ctrl Pts',(0.732296504562464,1.2,0.283939203167483));
#12718=CARTESIAN_POINT('Ctrl Pts',(0.730441842607467,1.2,0.302931128850138));
#12719=CARTESIAN_POINT('Ctrl Pts',(0.730203724118068,1.2,0.316058551492414));
#12720=CARTESIAN_POINT('Ctrl Pts',(0.7300801796897,1.2,0.32286953005343));
#12721=CARTESIAN_POINT('',(0.817870257714153,1.2,0.178893802093327));
#12722=CARTESIAN_POINT('Ctrl Pts',(0.817870257714153,1.2,0.178893802093327));
#12723=CARTESIAN_POINT('Ctrl Pts',(0.813285693754394,1.2,0.179126460802341));
#12724=CARTESIAN_POINT('Ctrl Pts',(0.804287902495192,1.2,0.179583083180547));
#12725=CARTESIAN_POINT('Ctrl Pts',(0.791284080448684,1.2,0.183772483116039));
#12726=CARTESIAN_POINT('Ctrl Pts',(0.779120299697445,1.2,0.190389831393971));
#12727=CARTESIAN_POINT('Ctrl Pts',(0.772229836279965,1.2,0.196725155134611));
#12728=CARTESIAN_POINT('Ctrl Pts',(0.768707814020459,1.2,0.199963420819196));
#12729=CARTESIAN_POINT('',(0.870544304528825,1.2,0.199963420819196));
#12730=CARTESIAN_POINT('Ctrl Pts',(0.870544304528825,1.2,0.199963420819196));
#12731=CARTESIAN_POINT('Ctrl Pts',(0.866937828602166,1.2,0.19671926508717));
#12732=CARTESIAN_POINT('Ctrl Pts',(0.859815919570309,1.2,0.190312849938831));
#12733=CARTESIAN_POINT('Ctrl Pts',(0.84695472828915,1.2,0.183597226612452));
#12734=CARTESIAN_POINT('Ctrl Pts',(0.832807279413551,1.2,0.179596481665219));
#12735=CARTESIAN_POINT('Ctrl Pts',(0.822926039933421,1.2,0.179131640328881));
#12736=CARTESIAN_POINT('Ctrl Pts',(0.817870257714153,1.2,0.178893802093327));
#12737=CARTESIAN_POINT('',(0.89863712949665,1.2,0.270195483238759));
#12738=CARTESIAN_POINT('Ctrl Pts',(0.89863712949665,1.2,0.270195483238759));
#12739=CARTESIAN_POINT('Ctrl Pts',(0.898574766305184,1.2,0.266766126536951));
#12740=CARTESIAN_POINT('Ctrl Pts',(0.898451934610697,1.2,0.260011602196826));
#12741=CARTESIAN_POINT('Ctrl Pts',(0.897102871987811,1.2,0.250082618354881));
#12742=CARTESIAN_POINT('Ctrl Pts',(0.894939354857317,1.2,0.240568005570869));
#12743=CARTESIAN_POINT('Ctrl Pts',(0.891736941547739,1.2,0.231545140627749));
#12744=CARTESIAN_POINT('Ctrl Pts',(0.887891927840424,1.2,0.22290498178181));
#12745=CARTESIAN_POINT('Ctrl Pts',(0.882988329574633,1.2,0.214788510478993));
#12746=CARTESIAN_POINT('Ctrl Pts',(0.877269442737636,1.2,0.20704535220051));
#12747=CARTESIAN_POINT('Ctrl Pts',(0.872807357311525,1.2,0.202346536826891));
#12748=CARTESIAN_POINT('Ctrl Pts',(0.870544304528824,1.2,0.199963420819196));
#12749=CARTESIAN_POINT('',(0.838939876440021,1.2,0.403636401835927));
#12750=CARTESIAN_POINT('Ctrl Pts',(0.838939876440021,1.2,0.403636401835927));
#12751=CARTESIAN_POINT('Ctrl Pts',(0.843716966669331,1.2,0.398427245154171));
#12752=CARTESIAN_POINT('Ctrl Pts',(0.853038485013031,1.2,0.388262637153623));
#12753=CARTESIAN_POINT('Ctrl Pts',(0.865128291967306,1.2,0.372003426822224));
#12754=CARTESIAN_POINT('Ctrl Pts',(0.875522524467601,1.2,0.355628706114195));
#12755=CARTESIAN_POINT('Ctrl Pts',(0.883846440251377,1.2,0.338905877669131));
#12756=CARTESIAN_POINT('Ctrl Pts',(0.890425459553168,1.2,0.322066905974048));
#12757=CARTESIAN_POINT('Ctrl Pts',(0.895144210184604,1.2,0.304992943386778));
#12758=CARTESIAN_POINT('Ctrl Pts',(0.898139853705385,1.2,0.287686092129602));
#12759=CARTESIAN_POINT('Ctrl Pts',(0.89847162767775,1.2,0.27601665458059));
#12760=CARTESIAN_POINT('Ctrl Pts',(0.89863712949665,1.2,0.270195483238759));
#12761=CARTESIAN_POINT('',(0.694964148479918,1.2,0.561658542279943));
#12762=CARTESIAN_POINT('Ctrl Pts',(0.838939876440021,1.2,0.403636401835927));
#12763=CARTESIAN_POINT('Ctrl Pts',(0.827047510893579,1.2,0.416900968706225));
#12764=CARTESIAN_POINT('Ctrl Pts',(0.815191190980798,1.2,0.430197862809829));
#12765=CARTESIAN_POINT('Ctrl Pts',(0.803282136333102,1.2,0.443447448084282));
#12766=CARTESIAN_POINT('Ctrl Pts',(0.791372857715277,1.2,0.456697282539835));
#12767=CARTESIAN_POINT('Ctrl Pts',(0.779346919428108,1.2,0.469842014077228));
#12768=CARTESIAN_POINT('Ctrl Pts',(0.767310432022788,1.2,0.482976396485172));
#12769=CARTESIAN_POINT('Ctrl Pts',(0.743238658447778,1.2,0.509243850496037));
#12770=CARTESIAN_POINT('Ctrl Pts',(0.71921533397464,1.2,0.535556637649053));
#12771=CARTESIAN_POINT('Ctrl Pts',(0.694964148479918,1.2,0.561658542279943));
#12772=CARTESIAN_POINT('',(0.63526689542329,1.2,0.65998342966733));
#12773=CARTESIAN_POINT('Ctrl Pts',(0.63526689542329,1.2,0.65998342966733));
#12774=CARTESIAN_POINT('Ctrl Pts',(0.63602397014397,1.2,0.656885010207505));
#12775=CARTESIAN_POINT('Ctrl Pts',(0.637641867286248,1.2,0.650263571328755));
#12776=CARTESIAN_POINT('Ctrl Pts',(0.64167882342622,1.2,0.64014637764928));
#12777=CARTESIAN_POINT('Ctrl Pts',(0.647081431257824,1.2,0.629181803149439));
#12778=CARTESIAN_POINT('Ctrl Pts',(0.653887748103106,1.2,0.617341447328989));
#12779=CARTESIAN_POINT('Ctrl Pts',(0.662144608555112,1.2,0.604649196846871));
#12780=CARTESIAN_POINT('Ctrl Pts',(0.671599313330859,1.2,0.590930888641126));
#12781=CARTESIAN_POINT('Ctrl Pts',(0.682738137597463,1.2,0.57652821698407));
#12782=CARTESIAN_POINT('Ctrl Pts',(0.690775820490156,1.2,0.566752523903282));
#12783=CARTESIAN_POINT('Ctrl Pts',(0.694964148479919,1.2,0.561658542279943));
#12784=CARTESIAN_POINT('',(0.63526689542329,1.2,0.719420563974256));
#12785=CARTESIAN_POINT('',(0.63526689542329,1.2,0.65998342966733));
#12786=CARTESIAN_POINT('',(0.993450413763059,1.2,0.719420563974256));
#12787=CARTESIAN_POINT('',(0.63526689542329,1.2,0.719420563974256));
#12788=CARTESIAN_POINT('',(0.993450413763059,1.2,0.652960223425374));
#12789=CARTESIAN_POINT('',(0.993450413763059,1.2,0.719420563974256));
#12790=CARTESIAN_POINT('',(0.7300801796897,1.2,0.652960223425374));
#12791=CARTESIAN_POINT('',(0.993450413763059,1.2,0.652960223425374));
#12792=CARTESIAN_POINT('',(0.772219417141437,1.2,0.596774573489724));
#12793=CARTESIAN_POINT('Ctrl Pts',(0.772219417141437,1.2,0.596774573489724));
#12794=CARTESIAN_POINT('Ctrl Pts',(0.764441398159957,1.2,0.605995763874323));
#12795=CARTESIAN_POINT('Ctrl Pts',(0.749321509341254,1.2,0.623921070269585));
#12796=CARTESIAN_POINT('Ctrl Pts',(0.736369417320678,1.2,0.643468460740233));
#12797=CARTESIAN_POINT('Ctrl Pts',(0.7300801796897,1.2,0.652960223425374));
#12798=CARTESIAN_POINT('',(0.828405067077087,1.2,0.533565717312118));
#12799=CARTESIAN_POINT('',(0.772219417141437,1.2,0.596774573489724));
#12800=CARTESIAN_POINT('',(0.930241557585453,1.2,0.41768281431984));
#12801=CARTESIAN_POINT('Ctrl Pts',(0.930241557585453,1.2,0.41768281431984));
#12802=CARTESIAN_POINT('Ctrl Pts',(0.913700266894246,1.2,0.437409952406317));
#12803=CARTESIAN_POINT('Ctrl Pts',(0.880650657468093,1.2,0.476824906234586));
#12804=CARTESIAN_POINT('Ctrl Pts',(0.845808677168826,1.2,0.514664697247228));
#12805=CARTESIAN_POINT('Ctrl Pts',(0.828405067077087,1.2,0.533565717312118));
#12806=CARTESIAN_POINT('',(0.982915604400124,1.2,0.270195483238759));
#12807=CARTESIAN_POINT('Ctrl Pts',(0.982915604400124,1.2,0.270195483238759));
#12808=CARTESIAN_POINT('Ctrl Pts',(0.982776292116381,1.2,0.277095768347335));
#12809=CARTESIAN_POINT('Ctrl Pts',(0.982500253055918,1.2,0.290768275660451));
#12810=CARTESIAN_POINT('Ctrl Pts',(0.979980080514128,1.2,0.310925111379002));
#12811=CARTESIAN_POINT('Ctrl Pts',(0.975788184172548,1.2,0.330405017638274));
#12812=CARTESIAN_POINT('Ctrl Pts',(0.970046594162225,1.2,0.349261086930764));
#12813=CARTESIAN_POINT('Ctrl Pts',(0.962666376068804,1.2,0.36749282205475));
#12814=CARTESIAN_POINT('Ctrl Pts',(0.953438781149266,1.2,0.384960872169837));
#12815=CARTESIAN_POINT('Ctrl Pts',(0.942819144632011,1.2,0.401895137314403));
#12816=CARTESIAN_POINT('Ctrl Pts',(0.934464291648725,1.2,0.412382341246266));
#12817=CARTESIAN_POINT('Ctrl Pts',(0.930241557585453,1.2,0.41768281431984));
#12818=CARTESIAN_POINT('',(0.937264763827409,1.2,0.157824183367459));
#12819=CARTESIAN_POINT('Ctrl Pts',(0.937264763827409,1.2,0.157824183367459));
#12820=CARTESIAN_POINT('Ctrl Pts',(0.940899016151079,1.2,0.16165732773256));
#12821=CARTESIAN_POINT('Ctrl Pts',(0.948115169816604,1.2,0.169268400464234));
#12822=CARTESIAN_POINT('Ctrl Pts',(0.957421981627245,1.2,0.181754392662984));
#12823=CARTESIAN_POINT('Ctrl Pts',(0.965325637437728,1.2,0.194863900222252));
#12824=CARTESIAN_POINT('Ctrl Pts',(0.971710478015079,1.2,0.208660799975702));
#12825=CARTESIAN_POINT('Ctrl Pts',(0.976867213326106,1.2,0.223087818849376));
#12826=CARTESIAN_POINT('Ctrl Pts',(0.98024474856767,1.2,0.23825593109293));
#12827=CARTESIAN_POINT('Ctrl Pts',(0.982642716598036,1.2,0.253991921837523));
#12828=CARTESIAN_POINT('Ctrl Pts',(0.982823447877973,1.2,0.264723403307813));
#12829=CARTESIAN_POINT('Ctrl Pts',(0.982915604400124,1.2,0.270195483238759));
#12830=CARTESIAN_POINT('',(0.814358654593175,1.2,0.112173342794743));
#12831=CARTESIAN_POINT('Ctrl Pts',(0.814358654593175,1.2,0.112173342794743));
#12832=CARTESIAN_POINT('Ctrl Pts',(0.82065313934686,1.2,0.112265112350401));
#12833=CARTESIAN_POINT('Ctrl Pts',(0.832936879004835,1.2,0.112444201406034));
#12834=CARTESIAN_POINT('Ctrl Pts',(0.850799823152762,1.2,0.11479950814628));
#12835=CARTESIAN_POINT('Ctrl Pts',(0.867740729514889,1.2,0.118183092690099));
#12836=CARTESIAN_POINT('Ctrl Pts',(0.883632384977485,1.2,0.12336511339704));
#12837=CARTESIAN_POINT('Ctrl Pts',(0.89865356078558,1.2,0.129638784382164));
#12838=CARTESIAN_POINT('Ctrl Pts',(0.912603837412955,1.2,0.137562009510856));
#12839=CARTESIAN_POINT('Ctrl Pts',(0.92553561059555,1.2,0.146936098788356));
#12840=CARTESIAN_POINT('Ctrl Pts',(0.93334628778182,1.2,0.154186691575666));
#12841=CARTESIAN_POINT('Ctrl Pts',(0.937264763827409,1.2,0.157824183367459));
#12842=CARTESIAN_POINT('Ctrl Pts',(0.705498957842853,1.2,0.157824183367459));
#12843=CARTESIAN_POINT('Ctrl Pts',(0.709340826879745,1.2,0.154200892829162));
#12844=CARTESIAN_POINT('Ctrl Pts',(0.716918928125549,1.2,0.14705393850081));
#12845=CARTESIAN_POINT('Ctrl Pts',(0.72915681553283,1.2,0.137666654653284));
#12846=CARTESIAN_POINT('Ctrl Pts',(0.742011297129338,1.2,0.129759449428575));
#12847=CARTESIAN_POINT('Ctrl Pts',(0.755452648950734,1.2,0.12346659227139));
#12848=CARTESIAN_POINT('Ctrl Pts',(0.769316269247891,1.2,0.118213145602594));
#12849=CARTESIAN_POINT('Ctrl Pts',(0.783887012308281,1.2,0.114832157862664));
#12850=CARTESIAN_POINT('Ctrl Pts',(0.798934106165995,1.2,0.112466623224311));
#12851=CARTESIAN_POINT('Ctrl Pts',(0.8091901481507,1.2,0.112271616128114));
#12852=CARTESIAN_POINT('Ctrl Pts',(0.814358654593175,1.2,0.112173342794743));
#12853=CARTESIAN_POINT('Origin',(0.,1.2,0.));
#12854=CARTESIAN_POINT('',(0.252502155236675,1.2,0.150800977125502));
#12855=CARTESIAN_POINT('',(0.189293299059069,1.2,0.319357926932452));
#12856=CARTESIAN_POINT('Ctrl Pts',(0.189293299059069,1.2,0.319357926932452));
#12857=CARTESIAN_POINT('Ctrl Pts',(0.189509536366326,1.2,0.310809959361108));
#12858=CARTESIAN_POINT('Ctrl Pts',(0.189933369146338,1.2,0.294055640205124));
#12859=CARTESIAN_POINT('Ctrl Pts',(0.192765853527124,1.2,0.269577908244944));
#12860=CARTESIAN_POINT('Ctrl Pts',(0.197679524836835,1.2,0.246389429806005));
#12861=CARTESIAN_POINT('Ctrl Pts',(0.204772219451596,1.2,0.224602934786955));
#12862=CARTESIAN_POINT('Ctrl Pts',(0.213608103814298,1.2,0.204041336107294));
#12863=CARTESIAN_POINT('Ctrl Pts',(0.224427556929826,1.2,0.184802994424078));
#12864=CARTESIAN_POINT('Ctrl Pts',(0.237394810866224,1.2,0.166939066990446));
#12865=CARTESIAN_POINT('Ctrl Pts',(0.247442225972989,1.2,0.156206135779815));
#12866=CARTESIAN_POINT('Ctrl Pts',(0.252502155236675,1.2,0.150800977125502));
#12867=CARTESIAN_POINT('',(0.245478948994719,1.2,0.470356861134511));
#12868=CARTESIAN_POINT('Ctrl Pts',(0.245478948994719,1.2,0.470356861134511));
#12869=CARTESIAN_POINT('Ctrl Pts',(0.240991641045283,1.2,0.465550074371034));
#12870=CARTESIAN_POINT('Ctrl Pts',(0.232050556156958,1.2,0.455972419131721));
#12871=CARTESIAN_POINT('Ctrl Pts',(0.220593486976452,1.2,0.439979167749925));
#12872=CARTESIAN_POINT('Ctrl Pts',(0.210937629204863,1.2,0.422815356071636));
#12873=CARTESIAN_POINT('Ctrl Pts',(0.202911402325452,1.2,0.404497888173193));
#12874=CARTESIAN_POINT('Ctrl Pts',(0.196872527289179,1.2,0.384885699024004));
#12875=CARTESIAN_POINT('Ctrl Pts',(0.192428764402085,1.2,0.364133575000957));
#12876=CARTESIAN_POINT('Ctrl Pts',(0.189818341073924,1.2,0.342141409091817));
#12877=CARTESIAN_POINT('Ctrl Pts',(0.189471294448712,1.2,0.327081794108117));
#12878=CARTESIAN_POINT('Ctrl Pts',(0.189293299059069,1.2,0.319357926932452));
#12879=CARTESIAN_POINT('',(0.333269027019172,1.2,0.505472892344292));
#12880=CARTESIAN_POINT('Ctrl Pts',(0.333269027019172,1.2,0.505472892344292));
#12881=CARTESIAN_POINT('Ctrl Pts',(0.328970256310854,1.2,0.505390242392119));
#12882=CARTESIAN_POINT('Ctrl Pts',(0.320511353370237,1.2,0.505227608008728));
#12883=CARTESIAN_POINT('Ctrl Pts',(0.308117532686702,1.2,0.503427732447935));
#12884=CARTESIAN_POINT('Ctrl Pts',(0.296224230027528,1.2,0.500810376345896));
#12885=CARTESIAN_POINT('Ctrl Pts',(0.2849851962042,1.2,0.496736232236209));
#12886=CARTESIAN_POINT('Ctrl Pts',(0.274082579836286,1.2,0.492072009637212));
#12887=CARTESIAN_POINT('Ctrl Pts',(0.263961050375198,1.2,0.485844788835358));
#12888=CARTESIAN_POINT('Ctrl Pts',(0.254350343887926,1.2,0.478638228934043));
#12889=CARTESIAN_POINT('Ctrl Pts',(0.24846541558333,1.2,0.473144700988223));
#12890=CARTESIAN_POINT('Ctrl Pts',(0.245478948994719,1.2,0.470356861134511));
#12891=CARTESIAN_POINT('',(0.428082311285581,1.2,0.466845258013533));
#12892=CARTESIAN_POINT('Ctrl Pts',(0.428082311285581,1.2,0.466845258013533));
#12893=CARTESIAN_POINT('Ctrl Pts',(0.424855699108213,1.2,0.469959213057639));
#12894=CARTESIAN_POINT('Ctrl Pts',(0.418481260978246,1.2,0.476111087741365));
#12895=CARTESIAN_POINT('Ctrl Pts',(0.407824563907115,1.2,0.483872092333203));
#12896=CARTESIAN_POINT('Ctrl Pts',(0.39673767784318,1.2,0.490556422406769));
#12897=CARTESIAN_POINT('Ctrl Pts',(0.385127912257793,1.2,0.496076997452695));
#12898=CARTESIAN_POINT('Ctrl Pts',(0.372936754749542,1.2,0.500225015885159));
#12899=CARTESIAN_POINT('Ctrl Pts',(0.360221981985937,1.2,0.50322941656546));
#12900=CARTESIAN_POINT('Ctrl Pts',(0.346936105828365,1.2,0.505083334373192));
#12901=CARTESIAN_POINT('Ctrl Pts',(0.337870416181111,1.2,0.505341737190276));
#12902=CARTESIAN_POINT('Ctrl Pts',(0.333269027019172,1.2,0.505472892344292));
#12903=CARTESIAN_POINT('',(0.459686739374384,1.2,0.428217623682774));
#12904=CARTESIAN_POINT('Ctrl Pts',(0.459686739374384,1.2,0.428217623682774));
#12905=CARTESIAN_POINT('Ctrl Pts',(0.454856020879873,1.2,0.43506414559017));
#12906=CARTESIAN_POINT('Ctrl Pts',(0.445240319379356,1.2,0.448692369021749));
#12907=CARTESIAN_POINT('Ctrl Pts',(0.433783483136713,1.2,0.460813512418645));
#12908=CARTESIAN_POINT('Ctrl Pts',(0.428082311285581,1.2,0.466845258013533));
#12909=CARTESIAN_POINT('',(0.403501089438735,1.2,0.635402207820483));
#12910=CARTESIAN_POINT('Ctrl Pts',(0.403501089438735,1.2,0.635402207820483));
#12911=CARTESIAN_POINT('Ctrl Pts',(0.408051998284596,1.2,0.630375449507265));
#12912=CARTESIAN_POINT('Ctrl Pts',(0.417498579127073,1.2,0.619941120807273));
#12913=CARTESIAN_POINT('Ctrl Pts',(0.428748566767897,1.2,0.60101898880394));
#12914=CARTESIAN_POINT('Ctrl Pts',(0.438352000763646,1.2,0.579381294302509));
#12915=CARTESIAN_POINT('Ctrl Pts',(0.446296603807952,1.2,0.554843673914406));
#12916=CARTESIAN_POINT('Ctrl Pts',(0.452234661826386,1.2,0.527337135287796));
#12917=CARTESIAN_POINT('Ctrl Pts',(0.456636042571048,1.2,0.496921475559273));
#12918=CARTESIAN_POINT('Ctrl Pts',(0.459178797907277,1.2,0.463550275180729));
#12919=CARTESIAN_POINT('Ctrl Pts',(0.459512790933697,1.2,0.440317560449925));
#12920=CARTESIAN_POINT('Ctrl Pts',(0.459686739374384,1.2,0.428217623682774));
#12921=CARTESIAN_POINT('',(0.347315439503085,1.2,0.65998342966733));
#12922=CARTESIAN_POINT('Ctrl Pts',(0.347315439503085,1.2,0.65998342966733));
#12923=CARTESIAN_POINT('Ctrl Pts',(0.352465460957576,1.2,0.659678067546037));
#12924=CARTESIAN_POINT('Ctrl Pts',(0.362710480887839,1.2,0.659070605801221));
#12925=CARTESIAN_POINT('Ctrl Pts',(0.377532752232601,1.2,0.654311517159207));
#12926=CARTESIAN_POINT('Ctrl Pts',(0.391439578889837,1.2,0.646462111812215));
#12927=CARTESIAN_POINT('Ctrl Pts',(0.399386006495708,1.2,0.639175567888725));
#12928=CARTESIAN_POINT('Ctrl Pts',(0.403501089438735,1.2,0.635402207820483));
#12929=CARTESIAN_POINT('',(0.305176202051347,1.2,0.645937017183417));
#12930=CARTESIAN_POINT('Ctrl Pts',(0.305176202051347,1.2,0.645937017183417));
#12931=CARTESIAN_POINT('Ctrl Pts',(0.307733046510404,1.2,0.648106842748492));
#12932=CARTESIAN_POINT('Ctrl Pts',(0.312993844486003,1.2,0.652571335650947));
#12933=CARTESIAN_POINT('Ctrl Pts',(0.322999154886063,1.2,0.656942799613204));
#12934=CARTESIAN_POINT('Ctrl Pts',(0.334611084973894,1.2,0.659506561990118));
#12935=CARTESIAN_POINT('Ctrl Pts',(0.342921548676036,1.2,0.659818501609962));
#12936=CARTESIAN_POINT('Ctrl Pts',(0.347315439503085,1.2,0.65998342966733));
#12937=CARTESIAN_POINT('',(0.277083377083522,1.2,0.568681748521899));
#12938=CARTESIAN_POINT('Ctrl Pts',(0.277083377083522,1.2,0.568681748521899));
#12939=CARTESIAN_POINT('Ctrl Pts',(0.276870176677483,1.2,0.572409367006963));
#12940=CARTESIAN_POINT('Ctrl Pts',(0.276450801564986,1.2,0.579741765901328));
#12941=CARTESIAN_POINT('Ctrl Pts',(0.277255752895937,1.2,0.590570277934149));
#12942=CARTESIAN_POINT('Ctrl Pts',(0.279238068997177,1.2,0.600937305230386));
#12943=CARTESIAN_POINT('Ctrl Pts',(0.282241490959543,1.2,0.610878769191491));
#12944=CARTESIAN_POINT('Ctrl Pts',(0.286267577840274,1.2,0.620402641943407));
#12945=CARTESIAN_POINT('Ctrl Pts',(0.291416108598855,1.2,0.6294738136917));
#12946=CARTESIAN_POINT('Ctrl Pts',(0.297637866994429,1.2,0.638130135226048));
#12947=CARTESIAN_POINT('Ctrl Pts',(0.302637184078577,1.2,0.643307548812566));
#12948=CARTESIAN_POINT('Ctrl Pts',(0.305176202051347,1.2,0.645937017183417));
#12949=CARTESIAN_POINT('',(0.196316505301025,1.2,0.568681748521899));
#12950=CARTESIAN_POINT('',(0.277083377083522,1.2,0.568681748521899));
#12951=CARTESIAN_POINT('',(0.241967345873741,1.2,0.688076254635155));
#12952=CARTESIAN_POINT('Ctrl Pts',(0.241967345873741,1.2,0.688076254635155));
#12953=CARTESIAN_POINT('Ctrl Pts',(0.238331104748854,1.2,0.684201169645246));
#12954=CARTESIAN_POINT('Ctrl Pts',(0.231085011635127,1.2,0.676479122152766));
#12955=CARTESIAN_POINT('Ctrl Pts',(0.221697115810606,1.2,0.663683434630837));
#12956=CARTESIAN_POINT('Ctrl Pts',(0.213881007298013,1.2,0.649944651790507));
#12957=CARTESIAN_POINT('Ctrl Pts',(0.20749532837314,1.2,0.635370453866871));
#12958=CARTESIAN_POINT('Ctrl Pts',(0.202329032846883,1.2,0.619988514934663));
#12959=CARTESIAN_POINT('Ctrl Pts',(0.198953207912456,1.2,0.603608080559601));
#12960=CARTESIAN_POINT('Ctrl Pts',(0.196596072485413,1.2,0.586438381373092));
#12961=CARTESIAN_POINT('Ctrl Pts',(0.19641083291874,1.2,0.574672941226239));
#12962=CARTESIAN_POINT('Ctrl Pts',(0.196316505301025,1.2,0.568681748521899));
#12963=CARTESIAN_POINT('',(0.347315439503085,1.2,0.726703888965914));
#12964=CARTESIAN_POINT('Ctrl Pts',(0.347315439503085,1.2,0.726703888965914));
#12965=CARTESIAN_POINT('Ctrl Pts',(0.341891083400724,1.2,0.726575766286823));
#12966=CARTESIAN_POINT('Ctrl Pts',(0.331314341552083,1.2,0.726325944837762));
#12967=CARTESIAN_POINT('Ctrl Pts',(0.315909515948419,1.2,0.724479121364932));
#12968=CARTESIAN_POINT('Ctrl Pts',(0.3013756653001,1.2,0.721485248664907));
#12969=CARTESIAN_POINT('Ctrl Pts',(0.287654561085961,1.2,0.717381982564274));
#12970=CARTESIAN_POINT('Ctrl Pts',(0.274854403845186,1.2,0.711874577228365));
#12971=CARTESIAN_POINT('Ctrl Pts',(0.262956062903175,1.2,0.705208602833261));
#12972=CARTESIAN_POINT('Ctrl Pts',(0.251854136384495,1.2,0.697380638930903));
#12973=CARTESIAN_POINT('Ctrl Pts',(0.245279552287473,1.2,0.691193347215066));
#12974=CARTESIAN_POINT('Ctrl Pts',(0.241967345873741,1.2,0.688076254635155));
#12975=CARTESIAN_POINT('',(0.463198342495363,1.2,0.67754144527222));
#12976=CARTESIAN_POINT('Ctrl Pts',(0.463198342495363,1.2,0.67754144527222));
#12977=CARTESIAN_POINT('Ctrl Pts',(0.459067868951482,1.2,0.681486225843813));
#12978=CARTESIAN_POINT('Ctrl Pts',(0.45099646276349,1.2,0.689194767244107));
#12979=CARTESIAN_POINT('Ctrl Pts',(0.437782496404211,1.2,0.699139691546735));
#12980=CARTESIAN_POINT('Ctrl Pts',(0.424122718520261,1.2,0.707700683559336));
#12981=CARTESIAN_POINT('Ctrl Pts',(0.409757127689087,1.2,0.714508291033893));
#12982=CARTESIAN_POINT('Ctrl Pts',(0.39498049983327,1.2,0.72015974857866));
#12983=CARTESIAN_POINT('Ctrl Pts',(0.379532343261817,1.2,0.723796608610384));
#12984=CARTESIAN_POINT('Ctrl Pts',(0.363609919589032,1.2,0.726282589769011));
#12985=CARTESIAN_POINT('Ctrl Pts',(0.35278774150032,1.2,0.726562400779455));
#12986=CARTESIAN_POINT('Ctrl Pts',(0.347315439503085,1.2,0.726703888965914));
#12987=CARTESIAN_POINT('',(0.540453611156881,1.2,0.414171211198861));
#12988=CARTESIAN_POINT('Ctrl Pts',(0.540453611156881,1.2,0.414171211198861));
#12989=CARTESIAN_POINT('Ctrl Pts',(0.540414188669053,1.2,0.421802198679291));
#12990=CARTESIAN_POINT('Ctrl Pts',(0.540336881621022,1.2,0.436766477906079));
#12991=CARTESIAN_POINT('Ctrl Pts',(0.539420978556067,1.2,0.458759314574121));
#12992=CARTESIAN_POINT('Ctrl Pts',(0.537827541676239,1.2,0.479875532898404));
#12993=CARTESIAN_POINT('Ctrl Pts',(0.53579731232458,1.2,0.500184925971521));
#12994=CARTESIAN_POINT('Ctrl Pts',(0.533085656005028,1.2,0.519668925639225));
#12995=CARTESIAN_POINT('Ctrl Pts',(0.529695163007229,1.2,0.538273693598292));
#12996=CARTESIAN_POINT('Ctrl Pts',(0.525764064893641,1.2,0.556008769006026));
#12997=CARTESIAN_POINT('Ctrl Pts',(0.521464174576853,1.2,0.572952725615344));
#12998=CARTESIAN_POINT('Ctrl Pts',(0.516148960893159,1.2,0.588953028274512));
#12999=CARTESIAN_POINT('Ctrl Pts',(0.51052792634871,1.2,0.604204504270459));
#13000=CARTESIAN_POINT('Ctrl Pts',(0.504075656148425,1.2,0.618528097607039));
#13001=CARTESIAN_POINT('Ctrl Pts',(0.497247524604365,1.2,0.632093440597079));
#13002=CARTESIAN_POINT('Ctrl Pts',(0.489700925699946,1.2,0.644754983942725));
#13003=CARTESIAN_POINT('Ctrl Pts',(0.481436006287656,1.2,0.656458080308451));
#13004=CARTESIAN_POINT('Ctrl Pts',(0.472765875801776,1.2,0.667500396793077));
#13005=CARTESIAN_POINT('Ctrl Pts',(0.466374585734097,1.2,0.674208003796736));
#13006=CARTESIAN_POINT('Ctrl Pts',(0.463198342495363,1.2,0.677541445272221));
#13007=CARTESIAN_POINT('',(0.466709945616341,1.2,0.157824183367459));
#13008=CARTESIAN_POINT('Ctrl Pts',(0.466709945616341,1.2,0.157824183367459));
#13009=CARTESIAN_POINT('Ctrl Pts',(0.469761605353291,1.2,0.160979485349391));
#13010=CARTESIAN_POINT('Ctrl Pts',(0.475926896781556,1.2,0.16735416599522));
#13011=CARTESIAN_POINT('Ctrl Pts',(0.484159729475248,1.2,0.178005996097171));
#13012=CARTESIAN_POINT('Ctrl Pts',(0.49205685250717,1.2,0.189306998329188));
#13013=CARTESIAN_POINT('Ctrl Pts',(0.499139960099782,1.2,0.201595791644287));
#13014=CARTESIAN_POINT('Ctrl Pts',(0.505817623881981,1.2,0.21464634493734));
#13015=CARTESIAN_POINT('Ctrl Pts',(0.511906458661603,1.2,0.228539614453943));
#13016=CARTESIAN_POINT('Ctrl Pts',(0.517395610002755,1.2,0.243298078048057));
#13017=CARTESIAN_POINT('Ctrl Pts',(0.522164328192362,1.2,0.258954574076625));
#13018=CARTESIAN_POINT('Ctrl Pts',(0.526439835245693,1.2,0.275447890123909));
#13019=CARTESIAN_POINT('Ctrl Pts',(0.530192348084846,1.2,0.292762756014126));
#13020=CARTESIAN_POINT('Ctrl Pts',(0.53347907275011,1.2,0.31088456725011));
#13021=CARTESIAN_POINT('Ctrl Pts',(0.536061976928436,1.2,0.329892552081305));
#13022=CARTESIAN_POINT('Ctrl Pts',(0.537963979243714,1.2,0.349768606747501));
#13023=CARTESIAN_POINT('Ctrl Pts',(0.539383339345407,1.2,0.370498769077853));
#13024=CARTESIAN_POINT('Ctrl Pts',(0.540345347911353,1.2,0.392052036048652));
#13025=CARTESIAN_POINT('Ctrl Pts',(0.54041710860166,1.2,0.406713403995412));
#13026=CARTESIAN_POINT('Ctrl Pts',(0.540453611156881,1.2,0.414171211198861));
#13027=CARTESIAN_POINT('',(0.357850248866019,1.2,0.112173342794743));
#13028=CARTESIAN_POINT('Ctrl Pts',(0.357850248866019,1.2,0.112173342794743));
#13029=CARTESIAN_POINT('Ctrl Pts',(0.363018755308493,1.2,0.112271616128114));
#13030=CARTESIAN_POINT('Ctrl Pts',(0.373274797293199,1.2,0.112466623224313));
#13031=CARTESIAN_POINT('Ctrl Pts',(0.388321891150913,1.2,0.114832157862664));
#13032=CARTESIAN_POINT('Ctrl Pts',(0.402892634211303,1.2,0.118213145602595));
#13033=CARTESIAN_POINT('Ctrl Pts',(0.41675625450846,1.2,0.123466592271389));
#13034=CARTESIAN_POINT('Ctrl Pts',(0.430197606329855,1.2,0.129759449428576));
#13035=CARTESIAN_POINT('Ctrl Pts',(0.443052087926364,1.2,0.137666654653284));
#13036=CARTESIAN_POINT('Ctrl Pts',(0.455289975333645,1.2,0.14705393850081));
#13037=CARTESIAN_POINT('Ctrl Pts',(0.462868076579449,1.2,0.154200892829162));
#13038=CARTESIAN_POINT('Ctrl Pts',(0.466709945616341,1.2,0.157824183367459));
#13039=CARTESIAN_POINT('Ctrl Pts',(0.252502155236675,1.2,0.150800977125502));
#13040=CARTESIAN_POINT('Ctrl Pts',(0.255814361650408,1.2,0.147683884545592));
#13041=CARTESIAN_POINT('Ctrl Pts',(0.262388945747429,1.2,0.141496592829755));
#13042=CARTESIAN_POINT('Ctrl Pts',(0.27349087226611,1.2,0.133668628927396));
#13043=CARTESIAN_POINT('Ctrl Pts',(0.28538921320812,1.2,0.127002654532293));
#13044=CARTESIAN_POINT('Ctrl Pts',(0.298189370448895,1.2,0.121495249196382));
#13045=CARTESIAN_POINT('Ctrl Pts',(0.311910474663033,1.2,0.117391983095752));
#13046=CARTESIAN_POINT('Ctrl Pts',(0.326444325311353,1.2,0.114398110395725));
#13047=CARTESIAN_POINT('Ctrl Pts',(0.341849150915017,1.2,0.112551286922894));
#13048=CARTESIAN_POINT('Ctrl Pts',(0.352425892763658,1.2,0.112301465473834));
#13049=CARTESIAN_POINT('Ctrl Pts',(0.357850248866019,1.2,0.112173342794743));
#13050=CARTESIAN_POINT('',(0.308687805172325,1.2,0.196451817698218));
#13051=CARTESIAN_POINT('',(0.357850248866019,1.2,0.175382198972349));
#13052=CARTESIAN_POINT('Ctrl Pts',(0.357850248866019,1.2,0.175382198972349));
#13053=CARTESIAN_POINT('Ctrl Pts',(0.353265684906261,1.2,0.175614857681363));
#13054=CARTESIAN_POINT('Ctrl Pts',(0.344267893647057,1.2,0.176071480059569));
#13055=CARTESIAN_POINT('Ctrl Pts',(0.331264071600551,1.2,0.180260879995061));
#13056=CARTESIAN_POINT('Ctrl Pts',(0.319100290849311,1.2,0.186878228272993));
#13057=CARTESIAN_POINT('Ctrl Pts',(0.312209827431831,1.2,0.193213552013633));
#13058=CARTESIAN_POINT('Ctrl Pts',(0.308687805172325,1.2,0.196451817698218));
#13059=CARTESIAN_POINT('',(0.414035898801669,1.2,0.199963420819196));
#13060=CARTESIAN_POINT('Ctrl Pts',(0.414035898801669,1.2,0.199963420819196));
#13061=CARTESIAN_POINT('Ctrl Pts',(0.409920815858642,1.2,0.196190060750955));
#13062=CARTESIAN_POINT('Ctrl Pts',(0.401974388252772,1.2,0.188903516827465));
#13063=CARTESIAN_POINT('Ctrl Pts',(0.388067561595535,1.2,0.181054111480472));
#13064=CARTESIAN_POINT('Ctrl Pts',(0.373245290250773,1.2,0.176295022838458));
#13065=CARTESIAN_POINT('Ctrl Pts',(0.363000270320511,1.2,0.175687561093642));
#13066=CARTESIAN_POINT('Ctrl Pts',(0.357850248866019,1.2,0.175382198972349));
#13067=CARTESIAN_POINT('',(0.452663533132428,1.2,0.326381133174408));
#13068=CARTESIAN_POINT('Ctrl Pts',(0.452663533132428,1.2,0.326381133174408));
#13069=CARTESIAN_POINT('Ctrl Pts',(0.452537766081482,1.2,0.319310553125583));
#13070=CARTESIAN_POINT('Ctrl Pts',(0.452295046226759,1.2,0.305664926951244));
#13071=CARTESIAN_POINT('Ctrl Pts',(0.450471697140329,1.2,0.285975713417537));
#13072=CARTESIAN_POINT('Ctrl Pts',(0.447497343466185,1.2,0.267803047867788));
#13073=CARTESIAN_POINT('Ctrl Pts',(0.443458730743557,1.2,0.251122378258253));
#13074=CARTESIAN_POINT('Ctrl Pts',(0.437932022415996,1.2,0.236016301747767));
#13075=CARTESIAN_POINT('Ctrl Pts',(0.431313911928973,1.2,0.222435913117123));
#13076=CARTESIAN_POINT('Ctrl Pts',(0.423571327952888,1.2,0.210219671328738));
#13077=CARTESIAN_POINT('Ctrl Pts',(0.417179530700916,1.2,0.203344692470126));
#13078=CARTESIAN_POINT('Ctrl Pts',(0.414035898801669,1.2,0.199963420819196));
#13079=CARTESIAN_POINT('',(0.414035898801669,1.2,0.421194417440818));
#13080=CARTESIAN_POINT('Ctrl Pts',(0.414035898801669,1.2,0.421194417440818));
#13081=CARTESIAN_POINT('Ctrl Pts',(0.417149853845775,1.2,0.417967805263449));
#13082=CARTESIAN_POINT('Ctrl Pts',(0.423301728529499,1.2,0.411593367133482));
#13083=CARTESIAN_POINT('Ctrl Pts',(0.431062733121339,1.2,0.400936670062351));
#13084=CARTESIAN_POINT('Ctrl Pts',(0.437747063194905,1.2,0.389849783998417));
#13085=CARTESIAN_POINT('Ctrl Pts',(0.44326763824083,1.2,0.378240018413029));
#13086=CARTESIAN_POINT('Ctrl Pts',(0.447415656673294,1.2,0.366048860904778));
#13087=CARTESIAN_POINT('Ctrl Pts',(0.450420057353596,1.2,0.353334088141173));
#13088=CARTESIAN_POINT('Ctrl Pts',(0.452273975161328,1.2,0.340048211983603));
#13089=CARTESIAN_POINT('Ctrl Pts',(0.452532377978412,1.2,0.330982522336348));
#13090=CARTESIAN_POINT('Ctrl Pts',(0.452663533132428,1.2,0.326381133174408));
#13091=CARTESIAN_POINT('',(0.350827042624063,1.2,0.442264036166686));
#13092=CARTESIAN_POINT('Ctrl Pts',(0.350827042624063,1.2,0.442264036166686));
#13093=CARTESIAN_POINT('Ctrl Pts',(0.357446440068996,1.2,0.442067361121407));
#13094=CARTESIAN_POINT('Ctrl Pts',(0.36995792038772,1.2,0.441695620947369));
#13095=CARTESIAN_POINT('Ctrl Pts',(0.387306393635035,1.2,0.437554762659455));
#13096=CARTESIAN_POINT('Ctrl Pts',(0.40241883162404,1.2,0.431266092103005));
#13097=CARTESIAN_POINT('Ctrl Pts',(0.410232960567809,1.2,0.424491459290209));
#13098=CARTESIAN_POINT('Ctrl Pts',(0.414035898801669,1.2,0.421194417440818));
#13099=CARTESIAN_POINT('',(0.301664598930369,1.2,0.41768281431984));
#13100=CARTESIAN_POINT('Ctrl Pts',(0.301664598930369,1.2,0.41768281431984));
#13101=CARTESIAN_POINT('Ctrl Pts',(0.305670604942521,1.2,0.421421628700522));
#13102=CARTESIAN_POINT('Ctrl Pts',(0.313200923295196,1.2,0.428449691679635));
#13103=CARTESIAN_POINT('Ctrl Pts',(0.325648585152357,1.2,0.436353025990434));
#13104=CARTESIAN_POINT('Ctrl Pts',(0.338205484129728,1.2,0.441252652773081));
#13105=CARTESIAN_POINT('Ctrl Pts',(0.346713608635474,1.2,0.441934420863741));
#13106=CARTESIAN_POINT('Ctrl Pts',(0.350827042624063,1.2,0.442264036166686));
#13107=CARTESIAN_POINT('',(0.273571773962544,1.2,0.319357926932452));
#13108=CARTESIAN_POINT('Ctrl Pts',(0.273571773962544,1.2,0.319357926932452));
#13109=CARTESIAN_POINT('Ctrl Pts',(0.273609863658742,1.2,0.324998706125586));
#13110=CARTESIAN_POINT('Ctrl Pts',(0.273683251087592,1.2,0.335866797053457));
#13111=CARTESIAN_POINT('Ctrl Pts',(0.275263508882333,1.2,0.351435743934233));
#13112=CARTESIAN_POINT('Ctrl Pts',(0.277168689127968,1.2,0.36578289269018));
#13113=CARTESIAN_POINT('Ctrl Pts',(0.280338723622303,1.2,0.378723041793144));
#13114=CARTESIAN_POINT('Ctrl Pts',(0.284156922687248,1.2,0.390519370522164));
#13115=CARTESIAN_POINT('Ctrl Pts',(0.289150494065404,1.2,0.40082359752884));
#13116=CARTESIAN_POINT('Ctrl Pts',(0.294652977028187,1.2,0.410118172806549));
#13117=CARTESIAN_POINT('Ctrl Pts',(0.299360042205472,1.2,0.415196492935986));
#13118=CARTESIAN_POINT('Ctrl Pts',(0.301664598930369,1.2,0.41768281431984));
#13119=CARTESIAN_POINT('Ctrl Pts',(0.308687805172325,1.2,0.196451817698218));
#13120=CARTESIAN_POINT('Ctrl Pts',(0.305860087748785,1.2,0.199585102323934));
#13121=CARTESIAN_POINT('Ctrl Pts',(0.300062142757205,1.2,0.206009581570565));
#13122=CARTESIAN_POINT('Ctrl Pts',(0.292961426183534,1.2,0.217430434123922));
#13123=CARTESIAN_POINT('Ctrl Pts',(0.286767795309426,1.2,0.230345482180569));
#13124=CARTESIAN_POINT('Ctrl Pts',(0.282121554890561,1.2,0.245102991683051));
#13125=CARTESIAN_POINT('Ctrl Pts',(0.278161185397418,1.2,0.261335622003465));
#13126=CARTESIAN_POINT('Ctrl Pts',(0.275550221350425,1.2,0.279275612538334));
#13127=CARTESIAN_POINT('Ctrl Pts',(0.273801572830015,1.2,0.298773502960148));
#13128=CARTESIAN_POINT('Ctrl Pts',(0.273650227344118,1.2,0.312330400269048));
#13129=CARTESIAN_POINT('Ctrl Pts',(0.273571773962544,1.2,0.319357926932452));
#13130=CARTESIAN_POINT('Origin',(0.,1.2,0.));
#13131=CARTESIAN_POINT('Origin',(0.,1.2,0.));
#13132=CARTESIAN_POINT('',(-0.207517853611459,1.2,0.157824183367459));
#13133=CARTESIAN_POINT('',(-0.277749916031021,1.2,0.382566783110058));
#13134=CARTESIAN_POINT('Ctrl Pts',(-0.277749916031021,1.2,0.382566783110058));
#13135=CARTESIAN_POINT('Ctrl Pts',(-0.277590020199496,1.2,0.370115359091045));
#13136=CARTESIAN_POINT('Ctrl Pts',(-0.277280725518149,1.2,0.346029933051369));
#13137=CARTESIAN_POINT('Ctrl Pts',(-0.273791259391983,1.2,0.311269306922198));
#13138=CARTESIAN_POINT('Ctrl Pts',(-0.268467015988968,1.2,0.27910328212803));
#13139=CARTESIAN_POINT('Ctrl Pts',(-0.260825715914479,1.2,0.249568380947196));
#13140=CARTESIAN_POINT('Ctrl Pts',(-0.250992586634829,1.2,0.222583823207825));
#13141=CARTESIAN_POINT('Ctrl Pts',(-0.238851172049639,1.2,0.198303616718355));
#13142=CARTESIAN_POINT('Ctrl Pts',(-0.224753340588073,1.2,0.176384912521219));
#13143=CARTESIAN_POINT('Ctrl Pts',(-0.213213778863695,1.2,0.16395807015756));
#13144=CARTESIAN_POINT('Ctrl Pts',(-0.207517853611459,1.2,0.157824183367459));
#13145=CARTESIAN_POINT('',(-0.277749916031021,1.2,0.452798845529621));
#13146=CARTESIAN_POINT('',(-0.277749916031021,1.2,0.382566783110058));
#13147=CARTESIAN_POINT('',(-0.207517853611459,1.2,0.674029842151243));
#13148=CARTESIAN_POINT('Ctrl Pts',(-0.207517853611459,1.2,0.674029842151243));
#13149=CARTESIAN_POINT('Ctrl Pts',(-0.213211032093525,1.2,0.667893732078817));
#13150=CARTESIAN_POINT('Ctrl Pts',(-0.224720407657495,1.2,0.655488922437265));
#13151=CARTESIAN_POINT('Ctrl Pts',(-0.238786047576454,1.2,0.633739720216533));
#13152=CARTESIAN_POINT('Ctrl Pts',(-0.251001458357044,1.2,0.609805118958284));
#13153=CARTESIAN_POINT('Ctrl Pts',(-0.26082744588649,1.2,0.583201594883137));
#13154=CARTESIAN_POINT('Ctrl Pts',(-0.268437712740009,1.2,0.554136640660235));
#13155=CARTESIAN_POINT('Ctrl Pts',(-0.273789293705214,1.2,0.522582538885567));
#13156=CARTESIAN_POINT('Ctrl Pts',(-0.277282213536333,1.2,0.488557022331215));
#13157=CARTESIAN_POINT('Ctrl Pts',(-0.277590456313843,1.2,0.464990332263897));
#13158=CARTESIAN_POINT('Ctrl Pts',(-0.277749916031021,1.2,0.452798845529621));
#13159=CARTESIAN_POINT('',(-0.0846117443772247,1.2,0.723192285844936));
#13160=CARTESIAN_POINT('Ctrl Pts',(-0.0846117443772247,1.2,0.723192285844936));
#13161=CARTESIAN_POINT('Ctrl Pts',(-0.0906467884796126,1.2,0.723052715538298));
#13162=CARTESIAN_POINT('Ctrl Pts',(-0.102503594589954,1.2,0.722778507423743));
#13163=CARTESIAN_POINT('Ctrl Pts',(-0.119857905880956,1.2,0.720312446679616));
#13164=CARTESIAN_POINT('Ctrl Pts',(-0.13650909321047,1.2,0.716660283584359));
#13165=CARTESIAN_POINT('Ctrl Pts',(-0.152273351084469,1.2,0.711081328415109));
#13166=CARTESIAN_POINT('Ctrl Pts',(-0.16736455433261,1.2,0.704226362791663));
#13167=CARTESIAN_POINT('Ctrl Pts',(-0.181554242700803,1.2,0.695617350073495));
#13168=CARTESIAN_POINT('Ctrl Pts',(-0.195267219742315,1.2,0.685846705595515));
#13169=CARTESIAN_POINT('Ctrl Pts',(-0.203404798915182,1.2,0.677997261813268));
#13170=CARTESIAN_POINT('Ctrl Pts',(-0.207517853611459,1.2,0.674029842151242));
#13171=CARTESIAN_POINT('',(0.0382943648570095,1.2,0.674029842151242));
#13172=CARTESIAN_POINT('Ctrl Pts',(0.0382943648570095,1.2,0.674029842151242));
#13173=CARTESIAN_POINT('Ctrl Pts',(0.034181310160733,1.2,0.677997261813268));
#13174=CARTESIAN_POINT('Ctrl Pts',(0.0260437309878653,1.2,0.685846705595515));
#13175=CARTESIAN_POINT('Ctrl Pts',(0.0123307539463532,1.2,0.695617350073495));
#13176=CARTESIAN_POINT('Ctrl Pts',(-0.00185893442183953,1.2,0.704226362791664));
#13177=CARTESIAN_POINT('Ctrl Pts',(-0.0169501376699799,1.2,0.711081328415109));
#13178=CARTESIAN_POINT('Ctrl Pts',(-0.03271439554398,1.2,0.716660283584359));
#13179=CARTESIAN_POINT('Ctrl Pts',(-0.0493655828734928,1.2,0.720312446679616));
#13180=CARTESIAN_POINT('Ctrl Pts',(-0.0667198941644955,1.2,0.722778507423743));
#13181=CARTESIAN_POINT('Ctrl Pts',(-0.0785767002748368,1.2,0.723052715538298));
#13182=CARTESIAN_POINT('Ctrl Pts',(-0.0846117443772247,1.2,0.723192285844936));
#13183=CARTESIAN_POINT('',(0.108526427276572,1.2,0.452798845529621));
#13184=CARTESIAN_POINT('Ctrl Pts',(0.108526427276572,1.2,0.452798845529621));
#13185=CARTESIAN_POINT('Ctrl Pts',(0.108366967559394,1.2,0.464990332263897));
#13186=CARTESIAN_POINT('Ctrl Pts',(0.108058724781882,1.2,0.488557022331216));
#13187=CARTESIAN_POINT('Ctrl Pts',(0.104565804950765,1.2,0.522582538885567));
#13188=CARTESIAN_POINT('Ctrl Pts',(0.0992142239855591,1.2,0.554136640660235));
#13189=CARTESIAN_POINT('Ctrl Pts',(0.091603957132041,1.2,0.583201594883138));
#13190=CARTESIAN_POINT('Ctrl Pts',(0.0817779696025955,1.2,0.609805118958283));
#13191=CARTESIAN_POINT('Ctrl Pts',(0.0695625588220047,1.2,0.633739720216532));
#13192=CARTESIAN_POINT('Ctrl Pts',(0.0554969189030452,1.2,0.655488922437265));
#13193=CARTESIAN_POINT('Ctrl Pts',(0.0439875433390754,1.2,0.667893732078817));
#13194=CARTESIAN_POINT('Ctrl Pts',(0.0382943648570095,1.2,0.674029842151242));
#13195=CARTESIAN_POINT('',(0.108526427276572,1.2,0.382566783110058));
#13196=CARTESIAN_POINT('',(0.108526427276572,1.2,0.452798845529621));
#13197=CARTESIAN_POINT('',(0.0382943648570095,1.2,0.157824183367459));
#13198=CARTESIAN_POINT('Ctrl Pts',(0.0382943648570095,1.2,0.157824183367459));
#13199=CARTESIAN_POINT('Ctrl Pts',(0.0439902901092453,1.2,0.16395807015756));
#13200=CARTESIAN_POINT('Ctrl Pts',(0.0555298518336234,1.2,0.176384912521217));
#13201=CARTESIAN_POINT('Ctrl Pts',(0.0696276832951895,1.2,0.198303616718355));
#13202=CARTESIAN_POINT('Ctrl Pts',(0.0817690978803792,1.2,0.222583823207825));
#13203=CARTESIAN_POINT('Ctrl Pts',(0.0916022271600286,1.2,0.249568380947196));
#13204=CARTESIAN_POINT('Ctrl Pts',(0.0992435272345197,1.2,0.279103282128029));
#13205=CARTESIAN_POINT('Ctrl Pts',(0.104567770637534,1.2,0.311269306922198));
#13206=CARTESIAN_POINT('Ctrl Pts',(0.1080572367637,1.2,0.346029933051368));
#13207=CARTESIAN_POINT('Ctrl Pts',(0.108366531445046,1.2,0.370115359091046));
#13208=CARTESIAN_POINT('Ctrl Pts',(0.108526427276572,1.2,0.382566783110058));
#13209=CARTESIAN_POINT('',(-0.0846117443772247,1.2,0.108661739673765));
#13210=CARTESIAN_POINT('Ctrl Pts',(-0.0846117443772247,1.2,0.108661739673765));
#13211=CARTESIAN_POINT('Ctrl Pts',(-0.0785771871961114,1.2,0.108802634010254));
#13212=CARTESIAN_POINT('Ctrl Pts',(-0.066721337720228,1.2,0.109079443392496));
#13213=CARTESIAN_POINT('Ctrl Pts',(-0.0493601134596009,1.2,0.111526706481612));
#13214=CARTESIAN_POINT('Ctrl Pts',(-0.0327478570934718,1.2,0.115244293561568));
#13215=CARTESIAN_POINT('Ctrl Pts',(-0.016887321103434,1.2,0.120573126193865));
#13216=CARTESIAN_POINT('Ctrl Pts',(-0.00189696055414501,1.2,0.12766917336871));
#13217=CARTESIAN_POINT('Ctrl Pts',(0.0123368125491014,1.2,0.136222861868931));
#13218=CARTESIAN_POINT('Ctrl Pts',(0.0260421678158323,1.2,0.146010883945618));
#13219=CARTESIAN_POINT('Ctrl Pts',(0.0341807853379246,1.2,0.153857960298145));
#13220=CARTESIAN_POINT('Ctrl Pts',(0.0382943648570095,1.2,0.157824183367459));
#13221=CARTESIAN_POINT('Ctrl Pts',(-0.207517853611459,1.2,0.157824183367459));
#13222=CARTESIAN_POINT('Ctrl Pts',(-0.203404274092374,1.2,0.153857960298145));
#13223=CARTESIAN_POINT('Ctrl Pts',(-0.195265656570282,1.2,0.146010883945619));
#13224=CARTESIAN_POINT('Ctrl Pts',(-0.181560301303551,1.2,0.136222861868931));
#13225=CARTESIAN_POINT('Ctrl Pts',(-0.167326528200305,1.2,0.127669173368712));
#13226=CARTESIAN_POINT('Ctrl Pts',(-0.152336167651015,1.2,0.120573126193864));
#13227=CARTESIAN_POINT('Ctrl Pts',(-0.136475631660978,1.2,0.115244293561569));
#13228=CARTESIAN_POINT('Ctrl Pts',(-0.119863375294849,1.2,0.111526706481611));
#13229=CARTESIAN_POINT('Ctrl Pts',(-0.102502151034221,1.2,0.109079443392497));
#13230=CARTESIAN_POINT('Ctrl Pts',(-0.090646301558338,1.2,0.108802634010254));
#13231=CARTESIAN_POINT('Ctrl Pts',(-0.0846117443772247,1.2,0.108661739673765));
#13232=CARTESIAN_POINT('',(-0.147820600554831,1.2,0.203475023940174));
#13233=CARTESIAN_POINT('',(-0.0846117443772247,1.2,0.175382198972349));
#13234=CARTESIAN_POINT('Ctrl Pts',(-0.0846117443772247,1.2,0.175382198972349));
#13235=CARTESIAN_POINT('Ctrl Pts',(-0.0903845806320558,1.2,0.175667105122927));
#13236=CARTESIAN_POINT('Ctrl Pts',(-0.101841633405812,1.2,0.176232543784037));
#13237=CARTESIAN_POINT('Ctrl Pts',(-0.118341060900494,1.2,0.182092786181382));
#13238=CARTESIAN_POINT('Ctrl Pts',(-0.134178855500943,1.2,0.190739743388464));
#13239=CARTESIAN_POINT('Ctrl Pts',(-0.143172201813807,1.2,0.199135501258193));
#13240=CARTESIAN_POINT('Ctrl Pts',(-0.147820600554831,1.2,0.203475023940174));
#13241=CARTESIAN_POINT('',(-0.0214028881996185,1.2,0.203475023940174));
#13242=CARTESIAN_POINT('Ctrl Pts',(-0.0214028881996185,1.2,0.203475023940174));
#13243=CARTESIAN_POINT('Ctrl Pts',(-0.0260550910753685,1.2,0.199142885495396));
#13244=CARTESIAN_POINT('Ctrl Pts',(-0.0350280790791319,1.2,0.190787225320243));
#13245=CARTESIAN_POINT('Ctrl Pts',(-0.050809118003297,1.2,0.1820274421882));
#13246=CARTESIAN_POINT('Ctrl Pts',(-0.0673484763762149,1.2,0.17625615903392));
#13247=CARTESIAN_POINT('Ctrl Pts',(-0.078841568759872,1.2,0.17567431649248));
#13248=CARTESIAN_POINT('Ctrl Pts',(-0.0846117443772247,1.2,0.175382198972349));
#13249=CARTESIAN_POINT('',(0.024247952373097,1.2,0.375543576868102));
#13250=CARTESIAN_POINT('Ctrl Pts',(0.024247952373097,1.2,0.375543576868102));
#13251=CARTESIAN_POINT('Ctrl Pts',(0.0241620802404409,1.2,0.365436816202738));
#13252=CARTESIAN_POINT('Ctrl Pts',(0.0239971081683836,1.2,0.346020351312666));
#13253=CARTESIAN_POINT('Ctrl Pts',(0.0216730733228831,1.2,0.318154103471539));
#13254=CARTESIAN_POINT('Ctrl Pts',(0.0183705342174542,1.2,0.292733562197553));
#13255=CARTESIAN_POINT('Ctrl Pts',(0.0132818903845324,1.2,0.2699093914492));
#13256=CARTESIAN_POINT('Ctrl Pts',(0.00696191220909127,1.2,0.24953117217581));
#13257=CARTESIAN_POINT('Ctrl Pts',(-0.000756495786752671,1.2,0.231600894778561));
#13258=CARTESIAN_POINT('Ctrl Pts',(-0.0100313107770345,1.2,0.216112431899201));
#13259=CARTESIAN_POINT('Ctrl Pts',(-0.0177127233110125,1.2,0.20757596063527));
#13260=CARTESIAN_POINT('Ctrl Pts',(-0.0214028881996185,1.2,0.203475023940174));
#13261=CARTESIAN_POINT('',(0.024247952373097,1.2,0.456310448650599));
#13262=CARTESIAN_POINT('',(0.024247952373097,1.2,0.375543576868102));
#13263=CARTESIAN_POINT('',(-0.0214028881996185,1.2,0.628379001578527));
#13264=CARTESIAN_POINT('Ctrl Pts',(-0.0214028881996185,1.2,0.628379001578527));
#13265=CARTESIAN_POINT('Ctrl Pts',(-0.0177127233110125,1.2,0.624278064883431));
#13266=CARTESIAN_POINT('Ctrl Pts',(-0.0100313107770343,1.2,0.6157415936195));
#13267=CARTESIAN_POINT('Ctrl Pts',(-0.000756495786752783,1.2,0.600253130740141));
#13268=CARTESIAN_POINT('Ctrl Pts',(0.00696191220909132,1.2,0.58232285334289));
#13269=CARTESIAN_POINT('Ctrl Pts',(0.0132818903845324,1.2,0.561944634069503));
#13270=CARTESIAN_POINT('Ctrl Pts',(0.0183705342174542,1.2,0.539120463321149));
#13271=CARTESIAN_POINT('Ctrl Pts',(0.021673073322883,1.2,0.513699922047162));
#13272=CARTESIAN_POINT('Ctrl Pts',(0.0239971081683835,1.2,0.485833674206034));
#13273=CARTESIAN_POINT('Ctrl Pts',(0.0241620802404409,1.2,0.466417209315963));
#13274=CARTESIAN_POINT('Ctrl Pts',(0.024247952373097,1.2,0.456310448650599));
#13275=CARTESIAN_POINT('',(-0.0846117443772247,1.2,0.656471826546352));
#13276=CARTESIAN_POINT('Ctrl Pts',(-0.0846117443772247,1.2,0.656471826546352));
#13277=CARTESIAN_POINT('Ctrl Pts',(-0.0788488310673852,1.2,0.656108962405587));
#13278=CARTESIAN_POINT('Ctrl Pts',(-0.0673879662363733,1.2,0.655387324469055));
#13279=CARTESIAN_POINT('Ctrl Pts',(-0.0507392426862852,1.2,0.649903278114309));
#13280=CARTESIAN_POINT('Ctrl Pts',(-0.0351092562822512,1.2,0.640895809177648));
#13281=CARTESIAN_POINT('Ctrl Pts',(-0.0260707705340607,1.2,0.632641763582532));
#13282=CARTESIAN_POINT('Ctrl Pts',(-0.0214028881996185,1.2,0.628379001578527));
#13283=CARTESIAN_POINT('',(-0.144308997433853,1.2,0.628379001578527));
#13284=CARTESIAN_POINT('Ctrl Pts',(-0.144308997433853,1.2,0.628379001578527));
#13285=CARTESIAN_POINT('Ctrl Pts',(-0.139672757614571,1.2,0.632623417977996));
#13286=CARTESIAN_POINT('Ctrl Pts',(-0.130810743604175,1.2,0.640736474908662));
#13287=CARTESIAN_POINT('Ctrl Pts',(-0.115918762962395,1.2,0.64977111632143));
#13288=CARTESIAN_POINT('Ctrl Pts',(-0.100430332735244,1.2,0.655352051755111));
#13289=CARTESIAN_POINT('Ctrl Pts',(-0.0898572683537504,1.2,0.656100503557042));
#13290=CARTESIAN_POINT('Ctrl Pts',(-0.0846117443772247,1.2,0.656471826546352));
#13291=CARTESIAN_POINT('',(-0.193471441127546,1.2,0.456310448650599));
#13292=CARTESIAN_POINT('Ctrl Pts',(-0.193471441127546,1.2,0.456310448650599));
#13293=CARTESIAN_POINT('Ctrl Pts',(-0.193338376013162,1.2,0.466157497297158));
#13294=CARTESIAN_POINT('Ctrl Pts',(-0.193081802773164,1.2,0.485144360889058));
#13295=CARTESIAN_POINT('Ctrl Pts',(-0.190665877490062,1.2,0.512456716186074));
#13296=CARTESIAN_POINT('Ctrl Pts',(-0.187090031749402,1.2,0.537545742726294));
#13297=CARTESIAN_POINT('Ctrl Pts',(-0.18155663341437,1.2,0.560270937954681));
#13298=CARTESIAN_POINT('Ctrl Pts',(-0.174810417711422,1.2,0.580831619567115));
#13299=CARTESIAN_POINT('Ctrl Pts',(-0.166288156114765,1.2,0.598988477908389));
#13300=CARTESIAN_POINT('Ctrl Pts',(-0.156544781671717,1.2,0.615124550491469));
#13301=CARTESIAN_POINT('Ctrl Pts',(-0.148321146681864,1.2,0.624032828507153));
#13302=CARTESIAN_POINT('Ctrl Pts',(-0.144308997433853,1.2,0.628379001578527));
#13303=CARTESIAN_POINT('',(-0.193471441127546,1.2,0.375543576868102));
#13304=CARTESIAN_POINT('',(-0.193471441127546,1.2,0.456310448650599));
#13305=CARTESIAN_POINT('Ctrl Pts',(-0.147820600554831,1.2,0.203475023940174));
#13306=CARTESIAN_POINT('Ctrl Pts',(-0.151510765443437,1.2,0.20757596063527));
#13307=CARTESIAN_POINT('Ctrl Pts',(-0.159192177977415,1.2,0.216112431899201));
#13308=CARTESIAN_POINT('Ctrl Pts',(-0.168466992967697,1.2,0.23160089477856));
#13309=CARTESIAN_POINT('Ctrl Pts',(-0.176185400963541,1.2,0.249531172175811));
#13310=CARTESIAN_POINT('Ctrl Pts',(-0.182505379138982,1.2,0.2699093914492));
#13311=CARTESIAN_POINT('Ctrl Pts',(-0.187594022971903,1.2,0.292733562197551));
#13312=CARTESIAN_POINT('Ctrl Pts',(-0.190896562077333,1.2,0.31815410347154));
#13313=CARTESIAN_POINT('Ctrl Pts',(-0.193220596922833,1.2,0.346020351312666));
#13314=CARTESIAN_POINT('Ctrl Pts',(-0.19338556899489,1.2,0.365436816202738));
#13315=CARTESIAN_POINT('Ctrl Pts',(-0.193471441127546,1.2,0.375543576868102));
#13316=CARTESIAN_POINT('Origin',(0.,1.2,0.));
#13317=CARTESIAN_POINT('Origin',(0.,1.2,0.));
#13318=CARTESIAN_POINT('',(-0.921153643419123,1.2,0.157824183367459));
#13319=CARTESIAN_POINT('',(-0.973827690233795,1.2,0.291265101964627));
#13320=CARTESIAN_POINT('Ctrl Pts',(-0.973827690233795,1.2,0.291265101964627));
#13321=CARTESIAN_POINT('Ctrl Pts',(-0.97369271320433,1.2,0.284667711892102));
#13322=CARTESIAN_POINT('Ctrl Pts',(-0.973427975537512,1.2,0.271727897897026));
#13323=CARTESIAN_POINT('Ctrl Pts',(-0.970907589050916,1.2,0.252775519652134));
#13324=CARTESIAN_POINT('Ctrl Pts',(-0.966707203946075,1.2,0.234722055201438));
#13325=CARTESIAN_POINT('Ctrl Pts',(-0.961025172182418,1.2,0.217474919260616));
#13326=CARTESIAN_POINT('Ctrl Pts',(-0.953574243993269,1.2,0.201114992566792));
#13327=CARTESIAN_POINT('Ctrl Pts',(-0.944387147026859,1.2,0.185737722028619));
#13328=CARTESIAN_POINT('Ctrl Pts',(-0.933699325605026,1.2,0.171113462347301));
#13329=CARTESIAN_POINT('Ctrl Pts',(-0.925371224588235,1.2,0.162291745349814));
#13330=CARTESIAN_POINT('Ctrl Pts',(-0.921153643419123,1.2,0.157824183367459));
#13331=CARTESIAN_POINT('',(-0.896572421572277,1.2,0.291265101964627));
#13332=CARTESIAN_POINT('',(-0.973827690233795,1.2,0.291265101964627));
#13333=CARTESIAN_POINT('',(-0.864967993483474,1.2,0.199963420819196));
#13334=CARTESIAN_POINT('Ctrl Pts',(-0.864967993483474,1.2,0.199963420819196));
#13335=CARTESIAN_POINT('Ctrl Pts',(-0.867250702925484,1.2,0.202419741610598));
#13336=CARTESIAN_POINT('Ctrl Pts',(-0.871918856711738,1.2,0.20744293159335));
#13337=CARTESIAN_POINT('Ctrl Pts',(-0.877704475452389,1.2,0.216274863176109));
#13338=CARTESIAN_POINT('Ctrl Pts',(-0.882755752880886,1.2,0.22611222233221));
#13339=CARTESIAN_POINT('Ctrl Pts',(-0.887267920715403,1.2,0.236944476236168));
#13340=CARTESIAN_POINT('Ctrl Pts',(-0.890651389395938,1.2,0.249024165741415));
#13341=CARTESIAN_POINT('Ctrl Pts',(-0.89357533083498,1.2,0.262118648666557));
#13342=CARTESIAN_POINT('Ctrl Pts',(-0.895438138987392,1.2,0.276356445038081));
#13343=CARTESIAN_POINT('Ctrl Pts',(-0.896186215482404,1.2,0.286188929436209));
#13344=CARTESIAN_POINT('Ctrl Pts',(-0.896572421572277,1.2,0.291265101964627));
#13345=CARTESIAN_POINT('',(-0.808782343547824,1.2,0.175382198972349));
#13346=CARTESIAN_POINT('Ctrl Pts',(-0.808782343547824,1.2,0.175382198972349));
#13347=CARTESIAN_POINT('Ctrl Pts',(-0.813934917649512,1.2,0.175680507189017));
#13348=CARTESIAN_POINT('Ctrl Pts',(-0.824143567852768,1.2,0.176271536871776));
#13349=CARTESIAN_POINT('Ctrl Pts',(-0.838927032351168,1.2,0.18111847632962));
#13350=CARTESIAN_POINT('Ctrl Pts',(-0.85288955539323,1.2,0.188856610276215));
#13351=CARTESIAN_POINT('Ctrl Pts',(-0.860856646297592,1.2,0.196182803331336));
#13352=CARTESIAN_POINT('Ctrl Pts',(-0.864967993483474,1.2,0.199963420819196));
#13353=CARTESIAN_POINT('',(-0.752596693612174,1.2,0.196451817698218));
#13354=CARTESIAN_POINT('Ctrl Pts',(-0.752596693612174,1.2,0.196451817698218));
#13355=CARTESIAN_POINT('Ctrl Pts',(-0.756285027419395,1.2,0.193194839307474));
#13356=CARTESIAN_POINT('Ctrl Pts',(-0.763664146377022,1.2,0.186678717870562));
#13357=CARTESIAN_POINT('Ctrl Pts',(-0.777241547968825,1.2,0.180016159492295));
#13358=CARTESIAN_POINT('Ctrl Pts',(-0.792471575345759,1.2,0.176050917307293));
#13359=CARTESIAN_POINT('Ctrl Pts',(-0.803207316920002,1.2,0.175610767147535));
#13360=CARTESIAN_POINT('Ctrl Pts',(-0.808782343547824,1.2,0.175382198972349));
#13361=CARTESIAN_POINT('',(-0.724503868644349,1.2,0.270195483238759));
#13362=CARTESIAN_POINT('Ctrl Pts',(-0.724503868644349,1.2,0.270195483238759));
#13363=CARTESIAN_POINT('Ctrl Pts',(-0.724564064330925,1.2,0.266462945459111));
#13364=CARTESIAN_POINT('Ctrl Pts',(-0.724681351662636,1.2,0.259190341364385));
#13365=CARTESIAN_POINT('Ctrl Pts',(-0.726023705218369,1.2,0.248567227665222));
#13366=CARTESIAN_POINT('Ctrl Pts',(-0.728207228269113,1.2,0.238497007314473));
#13367=CARTESIAN_POINT('Ctrl Pts',(-0.731372537625351,1.2,0.228982370895417));
#13368=CARTESIAN_POINT('Ctrl Pts',(-0.735256684296631,1.2,0.219929503332903));
#13369=CARTESIAN_POINT('Ctrl Pts',(-0.740077703242633,1.2,0.211455078758382));
#13370=CARTESIAN_POINT('Ctrl Pts',(-0.745839433564565,1.2,0.20355141593673));
#13371=CARTESIAN_POINT('Ctrl Pts',(-0.750330925159406,1.2,0.198832375143516));
#13372=CARTESIAN_POINT('Ctrl Pts',(-0.752596693612174,1.2,0.196451817698218));
#13373=CARTESIAN_POINT('',(-0.752596693612174,1.2,0.350962355021255));
#13374=CARTESIAN_POINT('Ctrl Pts',(-0.752596693612174,1.2,0.350962355021255));
#13375=CARTESIAN_POINT('Ctrl Pts',(-0.75032088154234,1.2,0.348545264462722));
#13376=CARTESIAN_POINT('Ctrl Pts',(-0.745758584168779,1.2,0.343699747535807));
#13377=CARTESIAN_POINT('Ctrl Pts',(-0.740046876778844,1.2,0.335395803552101));
#13378=CARTESIAN_POINT('Ctrl Pts',(-0.735230189579516,1.2,0.326399744086722));
#13379=CARTESIAN_POINT('Ctrl Pts',(-0.73130090965491,1.2,0.316622085104496));
#13380=CARTESIAN_POINT('Ctrl Pts',(-0.728201685237883,1.2,0.306129303321935));
#13381=CARTESIAN_POINT('Ctrl Pts',(-0.725990300014694,1.2,0.294810792904158));
#13382=CARTESIAN_POINT('Ctrl Pts',(-0.724689619435951,1.2,0.282755535090114));
#13383=CARTESIAN_POINT('Ctrl Pts',(-0.724566749688159,1.2,0.274447358366226));
#13384=CARTESIAN_POINT('Ctrl Pts',(-0.724503868644349,1.2,0.270195483238759));
#13385=CARTESIAN_POINT('',(-0.812293946668802,1.2,0.37905517998908));
#13386=CARTESIAN_POINT('Ctrl Pts',(-0.812293946668802,1.2,0.37905517998908));
#13387=CARTESIAN_POINT('Ctrl Pts',(-0.807048422692276,1.2,0.378683856999771));
#13388=CARTESIAN_POINT('Ctrl Pts',(-0.796475358310784,1.2,0.37793540519784));
#13389=CARTESIAN_POINT('Ctrl Pts',(-0.780986928083631,1.2,0.37235446976416));
#13390=CARTESIAN_POINT('Ctrl Pts',(-0.766094947441853,1.2,0.36331982835139));
#13391=CARTESIAN_POINT('Ctrl Pts',(-0.757232933431455,1.2,0.355206771420724));
#13392=CARTESIAN_POINT('Ctrl Pts',(-0.752596693612174,1.2,0.350962355021255));
#13393=CARTESIAN_POINT('',(-0.83336356539467,1.2,0.37905517998908));
#13394=CARTESIAN_POINT('',(-0.812293946668802,1.2,0.37905517998908));
#13395=CARTESIAN_POINT('',(-0.83336356539467,1.2,0.438752433045708));
#13396=CARTESIAN_POINT('',(-0.83336356539467,1.2,0.37905517998908));
#13397=CARTESIAN_POINT('',(-0.805270740426845,1.2,0.438752433045708));
#13398=CARTESIAN_POINT('',(-0.83336356539467,1.2,0.438752433045708));
#13399=CARTESIAN_POINT('',(-0.742061884249239,1.2,0.466845258013533));
#13400=CARTESIAN_POINT('Ctrl Pts',(-0.742061884249239,1.2,0.466845258013533));
#13401=CARTESIAN_POINT('Ctrl Pts',(-0.746714087124989,1.2,0.462513119568755));
#13402=CARTESIAN_POINT('Ctrl Pts',(-0.755687075128752,1.2,0.454157459393602));
#13403=CARTESIAN_POINT('Ctrl Pts',(-0.771468114052918,1.2,0.445397676261559));
#13404=CARTESIAN_POINT('Ctrl Pts',(-0.788007472425835,1.2,0.439626393107279));
#13405=CARTESIAN_POINT('Ctrl Pts',(-0.799500564809493,1.2,0.439044550565839));
#13406=CARTESIAN_POINT('Ctrl Pts',(-0.805270740426845,1.2,0.438752433045708));
#13407=CARTESIAN_POINT('',(-0.713969059281414,1.2,0.544100526675052));
#13408=CARTESIAN_POINT('Ctrl Pts',(-0.713969059281414,1.2,0.544100526675052));
#13409=CARTESIAN_POINT('Ctrl Pts',(-0.714030232928304,1.2,0.540108288143403));
#13410=CARTESIAN_POINT('Ctrl Pts',(-0.714149605523616,1.2,0.532317942155417));
#13411=CARTESIAN_POINT('Ctrl Pts',(-0.715478433147397,1.2,0.520958391009686));
#13412=CARTESIAN_POINT('Ctrl Pts',(-0.717662054158077,1.2,0.510240455143895));
#13413=CARTESIAN_POINT('Ctrl Pts',(-0.720784995189287,1.2,0.500229415687294));
#13414=CARTESIAN_POINT('Ctrl Pts',(-0.724729452311929,1.2,0.490853881692429));
#13415=CARTESIAN_POINT('Ctrl Pts',(-0.72950234744123,1.2,0.48213382808775));
#13416=CARTESIAN_POINT('Ctrl Pts',(-0.735305057839063,1.2,0.47408028352538));
#13417=CARTESIAN_POINT('Ctrl Pts',(-0.739797050978769,1.2,0.469270379734472));
#13418=CARTESIAN_POINT('Ctrl Pts',(-0.742061884249239,1.2,0.466845258013533));
#13419=CARTESIAN_POINT('',(-0.742061884249239,1.2,0.631890604699505));
#13420=CARTESIAN_POINT('Ctrl Pts',(-0.742061884249239,1.2,0.631890604699505));
#13421=CARTESIAN_POINT('Ctrl Pts',(-0.739782127328849,1.2,0.629432243202743));
#13422=CARTESIAN_POINT('Ctrl Pts',(-0.735185461693656,1.2,0.624475457806031));
#13423=CARTESIAN_POINT('Ctrl Pts',(-0.729452150243196,1.2,0.615869468793876));
#13424=CARTESIAN_POINT('Ctrl Pts',(-0.724610588420225,1.2,0.606306281810739));
#13425=CARTESIAN_POINT('Ctrl Pts',(-0.720786292785806,1.2,0.595708290693862));
#13426=CARTESIAN_POINT('Ctrl Pts',(-0.71761305689701,1.2,0.584197684894085));
#13427=CARTESIAN_POINT('Ctrl Pts',(-0.715470817298363,1.2,0.571696130366308));
#13428=CARTESIAN_POINT('Ctrl Pts',(-0.714140456979686,1.2,0.558219537299029));
#13429=CARTESIAN_POINT('Ctrl Pts',(-0.71402751787027,1.2,0.5489160956438));
#13430=CARTESIAN_POINT('Ctrl Pts',(-0.713969059281414,1.2,0.544100526675052));
#13431=CARTESIAN_POINT('',(-0.81580554978978,1.2,0.65998342966733));
#13432=CARTESIAN_POINT('Ctrl Pts',(-0.81580554978978,1.2,0.65998342966733));
#13433=CARTESIAN_POINT('Ctrl Pts',(-0.812070009723926,1.2,0.659943256937502));
#13434=CARTESIAN_POINT('Ctrl Pts',(-0.804785975430763,1.2,0.659864923005444));
#13435=CARTESIAN_POINT('Ctrl Pts',(-0.794208103408367,1.2,0.658244014119442));
#13436=CARTESIAN_POINT('Ctrl Pts',(-0.784085473271671,1.2,0.65633612259393));
#13437=CARTESIAN_POINT('Ctrl Pts',(-0.774602468443174,1.2,0.653088480915904));
#13438=CARTESIAN_POINT('Ctrl Pts',(-0.765492647266876,1.2,0.649269179109211));
#13439=CARTESIAN_POINT('Ctrl Pts',(-0.7571475183299,1.2,0.644238195448908));
#13440=CARTESIAN_POINT('Ctrl Pts',(-0.749115659146011,1.2,0.63867000764026));
#13441=CARTESIAN_POINT('Ctrl Pts',(-0.744433238511816,1.2,0.634169719967082));
#13442=CARTESIAN_POINT('Ctrl Pts',(-0.742061884249239,1.2,0.631890604699505));
#13443=CARTESIAN_POINT('',(-0.875502802846408,1.2,0.635402207820483));
#13444=CARTESIAN_POINT('Ctrl Pts',(-0.875502802846408,1.2,0.635402207820483));
#13445=CARTESIAN_POINT('Ctrl Pts',(-0.871307634127324,1.2,0.639189922483667));
#13446=CARTESIAN_POINT('Ctrl Pts',(-0.863111439678143,1.2,0.646590064879909));
#13447=CARTESIAN_POINT('Ctrl Pts',(-0.848485245819439,1.2,0.6543967430446));
#13448=CARTESIAN_POINT('Ctrl Pts',(-0.832571480764605,1.2,0.659114110564086));
#13449=CARTESIAN_POINT('Ctrl Pts',(-0.821474565041413,1.2,0.65968948933904));
#13450=CARTESIAN_POINT('Ctrl Pts',(-0.81580554978978,1.2,0.65998342966733));
#13451=CARTESIAN_POINT('',(-0.907107230935211,1.2,0.558146939158964));
#13452=CARTESIAN_POINT('Ctrl Pts',(-0.907107230935211,1.2,0.558146939158964));
#13453=CARTESIAN_POINT('Ctrl Pts',(-0.906997878742945,1.2,0.561879490023485));
#13454=CARTESIAN_POINT('Ctrl Pts',(-0.906782181128975,1.2,0.569241960759689));
#13455=CARTESIAN_POINT('Ctrl Pts',(-0.905357782004835,1.2,0.580054961168588));
#13456=CARTESIAN_POINT('Ctrl Pts',(-0.902880838966316,1.2,0.590434285958479));
#13457=CARTESIAN_POINT('Ctrl Pts',(-0.899308956166868,1.2,0.600334085937764));
#13458=CARTESIAN_POINT('Ctrl Pts',(-0.894943578103427,1.2,0.609896867966545));
#13459=CARTESIAN_POINT('Ctrl Pts',(-0.889360317723235,1.2,0.618875395187784));
#13460=CARTESIAN_POINT('Ctrl Pts',(-0.883051168101473,1.2,0.627568279629446));
#13461=CARTESIAN_POINT('Ctrl Pts',(-0.878039192607956,1.2,0.63276986365257));
#13462=CARTESIAN_POINT('Ctrl Pts',(-0.875502802846408,1.2,0.635402207820483));
#13463=CARTESIAN_POINT('',(-0.907107230935211,1.2,0.533565717312118));
#13464=CARTESIAN_POINT('',(-0.907107230935211,1.2,0.558146939158964));
#13465=CARTESIAN_POINT('',(-0.990215171465026,1.2,0.533565717312118));
#13466=CARTESIAN_POINT('',(-0.907107230935211,1.2,0.533565717312118));
#13467=CARTESIAN_POINT('',(-0.990215171465026,1.2,0.561658542279943));
#13468=CARTESIAN_POINT('',(-0.990215171465026,1.2,0.533565717312118));
#13469=CARTESIAN_POINT('',(-0.938711659024014,1.2,0.67754144527222));
#13470=CARTESIAN_POINT('Ctrl Pts',(-0.938711659024014,1.2,0.67754144527222));
#13471=CARTESIAN_POINT('Ctrl Pts',(-0.942824085751174,1.2,0.673410075336105));
#13472=CARTESIAN_POINT('Ctrl Pts',(-0.950855602800894,1.2,0.665341562440428));
#13473=CARTESIAN_POINT('Ctrl Pts',(-0.961353790309238,1.2,0.652178730514846));
#13474=CARTESIAN_POINT('Ctrl Pts',(-0.970263631948282,1.2,0.63846788148727));
#13475=CARTESIAN_POINT('Ctrl Pts',(-0.977555054466452,1.2,0.624173530652252));
#13476=CARTESIAN_POINT('Ctrl Pts',(-0.983224572348526,1.2,0.609301538967146));
#13477=CARTESIAN_POINT('Ctrl Pts',(-0.987216053251702,1.2,0.593905169801505));
#13478=CARTESIAN_POINT('Ctrl Pts',(-0.989815887238032,1.2,0.577960624333658));
#13479=CARTESIAN_POINT('Ctrl Pts',(-0.99008113024006,1.2,0.56713121287462));
#13480=CARTESIAN_POINT('Ctrl Pts',(-0.990215171465026,1.2,0.561658542279943));
#13481=CARTESIAN_POINT('',(-0.81580554978978,1.2,0.726703888965914));
#13482=CARTESIAN_POINT('Ctrl Pts',(-0.81580554978978,1.2,0.726703888965914));
#13483=CARTESIAN_POINT('Ctrl Pts',(-0.821840593892168,1.2,0.726564318659276));
#13484=CARTESIAN_POINT('Ctrl Pts',(-0.83369740000251,1.2,0.726290110544722));
#13485=CARTESIAN_POINT('Ctrl Pts',(-0.851051711293511,1.2,0.723824049800594));
#13486=CARTESIAN_POINT('Ctrl Pts',(-0.867702898623025,1.2,0.720171886705337));
#13487=CARTESIAN_POINT('Ctrl Pts',(-0.883467156497024,1.2,0.714592931536087));
#13488=CARTESIAN_POINT('Ctrl Pts',(-0.898558359745165,1.2,0.70773796591264));
#13489=CARTESIAN_POINT('Ctrl Pts',(-0.912748048113358,1.2,0.699128953194475));
#13490=CARTESIAN_POINT('Ctrl Pts',(-0.92646102515487,1.2,0.689358308716493));
#13491=CARTESIAN_POINT('Ctrl Pts',(-0.934598604327738,1.2,0.681508864934247));
#13492=CARTESIAN_POINT('Ctrl Pts',(-0.938711659024014,1.2,0.67754144527222));
#13493=CARTESIAN_POINT('',(-0.678853028071633,1.2,0.677541445272221));
#13494=CARTESIAN_POINT('Ctrl Pts',(-0.678853028071633,1.2,0.677541445272221));
#13495=CARTESIAN_POINT('Ctrl Pts',(-0.683044143906179,1.2,0.681522654372523));
#13496=CARTESIAN_POINT('Ctrl Pts',(-0.691418682516265,1.2,0.689477764811252));
#13497=CARTESIAN_POINT('Ctrl Pts',(-0.705822652929809,1.2,0.699224937932545));
#13498=CARTESIAN_POINT('Ctrl Pts',(-0.721105699376686,1.2,0.707858764590652));
#13499=CARTESIAN_POINT('Ctrl Pts',(-0.737782961117603,1.2,0.714684204694095));
#13500=CARTESIAN_POINT('Ctrl Pts',(-0.755566303600112,1.2,0.720198075601715));
#13501=CARTESIAN_POINT('Ctrl Pts',(-0.774631153548295,1.2,0.723865948200664));
#13502=CARTESIAN_POINT('Ctrl Pts',(-0.794802997419079,1.2,0.726296379071547));
#13503=CARTESIAN_POINT('Ctrl Pts',(-0.808688060945656,1.2,0.7265657892209));
#13504=CARTESIAN_POINT('Ctrl Pts',(-0.81580554978978,1.2,0.726703888965914));
#13505=CARTESIAN_POINT('',(-0.629690584377939,1.2,0.551123732917008));
#13506=CARTESIAN_POINT('Ctrl Pts',(-0.629690584377939,1.2,0.551123732917008));
#13507=CARTESIAN_POINT('Ctrl Pts',(-0.629829765021299,1.2,0.557418255532186));
#13508=CARTESIAN_POINT('Ctrl Pts',(-0.630102415072555,1.2,0.569749006937214));
#13509=CARTESIAN_POINT('Ctrl Pts',(-0.632558878034158,1.2,0.587800276103341));
#13510=CARTESIAN_POINT('Ctrl Pts',(-0.636255613791079,1.2,0.605021511206282));
#13511=CARTESIAN_POINT('Ctrl Pts',(-0.641576647614488,1.2,0.621405612153808));
#13512=CARTESIAN_POINT('Ctrl Pts',(-0.648668477808825,1.2,0.63679314518996));
#13513=CARTESIAN_POINT('Ctrl Pts',(-0.657214829099362,1.2,0.651299168504305));
#13514=CARTESIAN_POINT('Ctrl Pts',(-0.667039047606207,1.2,0.665153791052751));
#13515=CARTESIAN_POINT('Ctrl Pts',(-0.674887441943944,1.2,0.673383294691974));
#13516=CARTESIAN_POINT('Ctrl Pts',(-0.678853028071633,1.2,0.67754144527222));
#13517=CARTESIAN_POINT('',(-0.671829821829677,1.2,0.438752433045708));
#13518=CARTESIAN_POINT('Ctrl Pts',(-0.671829821829677,1.2,0.438752433045708));
#13519=CARTESIAN_POINT('Ctrl Pts',(-0.668452681340823,1.2,0.442323156952004));
#13520=CARTESIAN_POINT('Ctrl Pts',(-0.661724158758272,1.2,0.449437369854567));
#13521=CARTESIAN_POINT('Ctrl Pts',(-0.653113460404865,1.2,0.461359373678332));
#13522=CARTESIAN_POINT('Ctrl Pts',(-0.645970681872868,1.2,0.47424812732793));
#13523=CARTESIAN_POINT('Ctrl Pts',(-0.63991702039521,1.2,0.487881293291548));
#13524=CARTESIAN_POINT('Ctrl Pts',(-0.635430688760154,1.2,0.502488237619709));
#13525=CARTESIAN_POINT('Ctrl Pts',(-0.631983333569238,1.2,0.517865969377789));
#13526=CARTESIAN_POINT('Ctrl Pts',(-0.630053484933879,1.2,0.534210172258498));
#13527=CARTESIAN_POINT('Ctrl Pts',(-0.629813473210742,1.2,0.545396302374818));
#13528=CARTESIAN_POINT('Ctrl Pts',(-0.629690584377939,1.2,0.551123732917008));
#13529=CARTESIAN_POINT('',(-0.731527074886305,1.2,0.403636401835927));
#13530=CARTESIAN_POINT('Ctrl Pts',(-0.731527074886305,1.2,0.403636401835927));
#13531=CARTESIAN_POINT('Ctrl Pts',(-0.72583122247828,1.2,0.405526760533259));
#13532=CARTESIAN_POINT('Ctrl Pts',(-0.714588719240564,1.2,0.409257960405162));
#13533=CARTESIAN_POINT('Ctrl Pts',(-0.698956687173869,1.2,0.417342586219322));
#13534=CARTESIAN_POINT('Ctrl Pts',(-0.684496038463349,1.2,0.426988345202207));
#13535=CARTESIAN_POINT('Ctrl Pts',(-0.676067382625947,1.2,0.434816684993131));
#13536=CARTESIAN_POINT('Ctrl Pts',(-0.671829821829677,1.2,0.438752433045708));
#13537=CARTESIAN_POINT('',(-0.678853028071633,1.2,0.375543576868102));
#13538=CARTESIAN_POINT('Ctrl Pts',(-0.678853028071633,1.2,0.375543576868102));
#13539=CARTESIAN_POINT('Ctrl Pts',(-0.68290395346409,1.2,0.379325295208215));
#13540=CARTESIAN_POINT('Ctrl Pts',(-0.690725229333795,1.2,0.386626802773532));
#13541=CARTESIAN_POINT('Ctrl Pts',(-0.703908835808316,1.2,0.394970238971082));
#13542=CARTESIAN_POINT('Ctrl Pts',(-0.717444959150672,1.2,0.401016166046173));
#13543=CARTESIAN_POINT('Ctrl Pts',(-0.726880371941525,1.2,0.40277179756844));
#13544=CARTESIAN_POINT('Ctrl Pts',(-0.731527074886305,1.2,0.403636401835927));
#13545=CARTESIAN_POINT('',(-0.643736996861852,1.2,0.270195483238759));
#13546=CARTESIAN_POINT('Ctrl Pts',(-0.643736996861852,1.2,0.270195483238759));
#13547=CARTESIAN_POINT('Ctrl Pts',(-0.643816528593222,1.2,0.275879791213723));
#13548=CARTESIAN_POINT('Ctrl Pts',(-0.643970512657388,1.2,0.286885371362416));
#13549=CARTESIAN_POINT('Ctrl Pts',(-0.645732900181984,1.2,0.30283577450588));
#13550=CARTESIAN_POINT('Ctrl Pts',(-0.648396917279973,1.2,0.31767987613379));
#13551=CARTESIAN_POINT('Ctrl Pts',(-0.652189345626562,1.2,0.33149131335169));
#13552=CARTESIAN_POINT('Ctrl Pts',(-0.657028419577898,1.2,0.344242967762599));
#13553=CARTESIAN_POINT('Ctrl Pts',(-0.663266030807198,1.2,0.35578057584779));
#13554=CARTESIAN_POINT('Ctrl Pts',(-0.670376545258214,1.2,0.366329774906614));
#13555=CARTESIAN_POINT('Ctrl Pts',(-0.676041357602291,1.2,0.372487335800229));
#13556=CARTESIAN_POINT('Ctrl Pts',(-0.678853028071633,1.2,0.375543576868102));
#13557=CARTESIAN_POINT('',(-0.685876234313589,1.2,0.157824183367459));
#13558=CARTESIAN_POINT('Ctrl Pts',(-0.685876234313589,1.2,0.157824183367459));
#13559=CARTESIAN_POINT('Ctrl Pts',(-0.682499093824736,1.2,0.161394907273755));
#13560=CARTESIAN_POINT('Ctrl Pts',(-0.675770571242183,1.2,0.168509120176318));
#13561=CARTESIAN_POINT('Ctrl Pts',(-0.667159872888779,1.2,0.180431124000082));
#13562=CARTESIAN_POINT('Ctrl Pts',(-0.660017094356781,1.2,0.19331987764968));
#13563=CARTESIAN_POINT('Ctrl Pts',(-0.653963432879122,1.2,0.2069530436133));
#13564=CARTESIAN_POINT('Ctrl Pts',(-0.649477101244066,1.2,0.221559987941458));
#13565=CARTESIAN_POINT('Ctrl Pts',(-0.646029746053152,1.2,0.236937719699539));
#13566=CARTESIAN_POINT('Ctrl Pts',(-0.644099897417791,1.2,0.253281922580249));
#13567=CARTESIAN_POINT('Ctrl Pts',(-0.643859885694655,1.2,0.264468052696568));
#13568=CARTESIAN_POINT('Ctrl Pts',(-0.643736996861852,1.2,0.270195483238759));
#13569=CARTESIAN_POINT('',(-0.808782343547824,1.2,0.112173342794743));
#13570=CARTESIAN_POINT('Ctrl Pts',(-0.808782343547824,1.2,0.112173342794743));
#13571=CARTESIAN_POINT('Ctrl Pts',(-0.802487858794139,1.2,0.112265112350401));
#13572=CARTESIAN_POINT('Ctrl Pts',(-0.790204119136164,1.2,0.112444201406034));
#13573=CARTESIAN_POINT('Ctrl Pts',(-0.772341174988236,1.2,0.11479950814628));
#13574=CARTESIAN_POINT('Ctrl Pts',(-0.755400268626109,1.2,0.118183092690099));
#13575=CARTESIAN_POINT('Ctrl Pts',(-0.739508613163513,1.2,0.12336511339704));
#13576=CARTESIAN_POINT('Ctrl Pts',(-0.724487437355419,1.2,0.129638784382164));
#13577=CARTESIAN_POINT('Ctrl Pts',(-0.710537160728044,1.2,0.137562009510856));
#13578=CARTESIAN_POINT('Ctrl Pts',(-0.697605387545448,1.2,0.146936098788356));
#13579=CARTESIAN_POINT('Ctrl Pts',(-0.689794710359178,1.2,0.154186691575666));
#13580=CARTESIAN_POINT('Ctrl Pts',(-0.685876234313589,1.2,0.157824183367459));
#13581=CARTESIAN_POINT('Ctrl Pts',(-0.921153643419123,1.2,0.157824183367459));
#13582=CARTESIAN_POINT('Ctrl Pts',(-0.917320715697152,1.2,0.154189440801458));
#13583=CARTESIAN_POINT('Ctrl Pts',(-0.909710073131019,1.2,0.146972313713155));
#13584=CARTESIAN_POINT('Ctrl Pts',(-0.897220920128919,1.2,0.137672654493054));
#13585=CARTESIAN_POINT('Ctrl Pts',(-0.884089337008477,1.2,0.129722288739114));
#13586=CARTESIAN_POINT('Ctrl Pts',(-0.870247491391567,1.2,0.123441907860739));
#13587=CARTESIAN_POINT('Ctrl Pts',(-0.855858302924202,1.2,0.1181908970435));
#13588=CARTESIAN_POINT('Ctrl Pts',(-0.840719635096877,1.2,0.114850207262297));
#13589=CARTESIAN_POINT('Ctrl Pts',(-0.82498650111769,1.2,0.112444645988819));
#13590=CARTESIAN_POINT('Ctrl Pts',(-0.814254624809966,1.2,0.112264964181347));
#13591=CARTESIAN_POINT('Ctrl Pts',(-0.808782343547824,1.2,0.112173342794743));
#13592=CARTESIAN_POINT('Origin',(0.,1.2,0.));
#13593=CARTESIAN_POINT('',(-1.08320762448352,1.2,0.642425414062439));
#13594=CARTESIAN_POINT('',(-1.16631556501334,1.2,0.642425414062439));
#13595=CARTESIAN_POINT('',(-1.08320762448352,1.2,0.642425414062439));
#13596=CARTESIAN_POINT('',(-1.16631556501334,1.2,0.725533354592255));
#13597=CARTESIAN_POINT('',(-1.16631556501334,1.2,0.642425414062439));
#13598=CARTESIAN_POINT('',(-1.08320762448352,1.2,0.725533354592255));
#13599=CARTESIAN_POINT('',(-1.16631556501334,1.2,0.725533354592255));
#13600=CARTESIAN_POINT('',(-1.08320762448352,1.2,0.725533354592255));
#13601=CARTESIAN_POINT('Origin',(0.,1.2,0.));
#13602=CARTESIAN_POINT('',(-1.55376244269459,1.2,0.157824183367459));
#13603=CARTESIAN_POINT('',(-1.60643648950926,1.2,0.291265101964627));
#13604=CARTESIAN_POINT('Ctrl Pts',(-1.60643648950926,1.2,0.291265101964627));
#13605=CARTESIAN_POINT('Ctrl Pts',(-1.6063015124798,1.2,0.284667711892102));
#13606=CARTESIAN_POINT('Ctrl Pts',(-1.60603677481297,1.2,0.271727897897026));
#13607=CARTESIAN_POINT('Ctrl Pts',(-1.60351638832638,1.2,0.252775519652134));
#13608=CARTESIAN_POINT('Ctrl Pts',(-1.59931600322154,1.2,0.234722055201438));
#13609=CARTESIAN_POINT('Ctrl Pts',(-1.59363397145788,1.2,0.217474919260616));
#13610=CARTESIAN_POINT('Ctrl Pts',(-1.58618304326874,1.2,0.201114992566792));
#13611=CARTESIAN_POINT('Ctrl Pts',(-1.57699594630233,1.2,0.185737722028619));
#13612=CARTESIAN_POINT('Ctrl Pts',(-1.56630812488048,1.2,0.171113462347301));
#13613=CARTESIAN_POINT('Ctrl Pts',(-1.5579800238637,1.2,0.162291745349814));
#13614=CARTESIAN_POINT('Ctrl Pts',(-1.55376244269459,1.2,0.157824183367459));
#13615=CARTESIAN_POINT('',(-1.52918122084774,1.2,0.291265101964627));
#13616=CARTESIAN_POINT('',(-1.60643648950926,1.2,0.291265101964627));
#13617=CARTESIAN_POINT('',(-1.49757679275894,1.2,0.199963420819196));
#13618=CARTESIAN_POINT('Ctrl Pts',(-1.49757679275894,1.2,0.199963420819196));
#13619=CARTESIAN_POINT('Ctrl Pts',(-1.49985950220095,1.2,0.202419741610598));
#13620=CARTESIAN_POINT('Ctrl Pts',(-1.5045276559872,1.2,0.20744293159335));
#13621=CARTESIAN_POINT('Ctrl Pts',(-1.51031327472786,1.2,0.216274863176109));
#13622=CARTESIAN_POINT('Ctrl Pts',(-1.51536455215635,1.2,0.22611222233221));
#13623=CARTESIAN_POINT('Ctrl Pts',(-1.51987671999087,1.2,0.236944476236168));
#13624=CARTESIAN_POINT('Ctrl Pts',(-1.52326018867141,1.2,0.249024165741415));
#13625=CARTESIAN_POINT('Ctrl Pts',(-1.52618413011045,1.2,0.262118648666557));
#13626=CARTESIAN_POINT('Ctrl Pts',(-1.52804693826286,1.2,0.276356445038081));
#13627=CARTESIAN_POINT('Ctrl Pts',(-1.52879501475787,1.2,0.286188929436209));
#13628=CARTESIAN_POINT('Ctrl Pts',(-1.52918122084774,1.2,0.291265101964627));
#13629=CARTESIAN_POINT('',(-1.44139114282329,1.2,0.175382198972349));
#13630=CARTESIAN_POINT('Ctrl Pts',(-1.44139114282329,1.2,0.175382198972349));
#13631=CARTESIAN_POINT('Ctrl Pts',(-1.44654371692498,1.2,0.175680507189017));
#13632=CARTESIAN_POINT('Ctrl Pts',(-1.45675236712824,1.2,0.176271536871776));
#13633=CARTESIAN_POINT('Ctrl Pts',(-1.47153583162663,1.2,0.18111847632962));
#13634=CARTESIAN_POINT('Ctrl Pts',(-1.48549835466871,1.2,0.188856610276215));
#13635=CARTESIAN_POINT('Ctrl Pts',(-1.49346544557306,1.2,0.196182803331336));
#13636=CARTESIAN_POINT('Ctrl Pts',(-1.49757679275894,1.2,0.199963420819196));
#13637=CARTESIAN_POINT('',(-1.38520549288764,1.2,0.196451817698218));
#13638=CARTESIAN_POINT('Ctrl Pts',(-1.38520549288764,1.2,0.196451817698218));
#13639=CARTESIAN_POINT('Ctrl Pts',(-1.38889382669486,1.2,0.193194839307474));
#13640=CARTESIAN_POINT('Ctrl Pts',(-1.39627294565248,1.2,0.186678717870562));
#13641=CARTESIAN_POINT('Ctrl Pts',(-1.4098503472443,1.2,0.180016159492295));
#13642=CARTESIAN_POINT('Ctrl Pts',(-1.42508037462122,1.2,0.176050917307293));
#13643=CARTESIAN_POINT('Ctrl Pts',(-1.43581611619547,1.2,0.175610767147535));
#13644=CARTESIAN_POINT('Ctrl Pts',(-1.44139114282329,1.2,0.175382198972349));
#13645=CARTESIAN_POINT('',(-1.35711266791981,1.2,0.270195483238759));
#13646=CARTESIAN_POINT('Ctrl Pts',(-1.35711266791981,1.2,0.270195483238759));
#13647=CARTESIAN_POINT('Ctrl Pts',(-1.35717286360639,1.2,0.266462945459111));
#13648=CARTESIAN_POINT('Ctrl Pts',(-1.35729015093811,1.2,0.259190341364384));
#13649=CARTESIAN_POINT('Ctrl Pts',(-1.35863250449383,1.2,0.248567227665222));
#13650=CARTESIAN_POINT('Ctrl Pts',(-1.36081602754458,1.2,0.238497007314473));
#13651=CARTESIAN_POINT('Ctrl Pts',(-1.36398133690081,1.2,0.228982370895417));
#13652=CARTESIAN_POINT('Ctrl Pts',(-1.3678654835721,1.2,0.219929503332903));
#13653=CARTESIAN_POINT('Ctrl Pts',(-1.37268650251811,1.2,0.211455078758382));
#13654=CARTESIAN_POINT('Ctrl Pts',(-1.37844823284003,1.2,0.20355141593673));
#13655=CARTESIAN_POINT('Ctrl Pts',(-1.38293972443487,1.2,0.198832375143516));
#13656=CARTESIAN_POINT('Ctrl Pts',(-1.38520549288764,1.2,0.196451817698218));
#13657=CARTESIAN_POINT('',(-1.38520549288764,1.2,0.350962355021255));
#13658=CARTESIAN_POINT('Ctrl Pts',(-1.38520549288764,1.2,0.350962355021255));
#13659=CARTESIAN_POINT('Ctrl Pts',(-1.38292968081781,1.2,0.348545264462722));
#13660=CARTESIAN_POINT('Ctrl Pts',(-1.37836738344423,1.2,0.343699747535807));
#13661=CARTESIAN_POINT('Ctrl Pts',(-1.37265567605432,1.2,0.335395803552101));
#13662=CARTESIAN_POINT('Ctrl Pts',(-1.36783898885498,1.2,0.326399744086722));
#13663=CARTESIAN_POINT('Ctrl Pts',(-1.36390970893037,1.2,0.316622085104494));
#13664=CARTESIAN_POINT('Ctrl Pts',(-1.36081048451335,1.2,0.306129303321936));
#13665=CARTESIAN_POINT('Ctrl Pts',(-1.35859909929016,1.2,0.294810792904158));
#13666=CARTESIAN_POINT('Ctrl Pts',(-1.35729841871141,1.2,0.282755535090115));
#13667=CARTESIAN_POINT('Ctrl Pts',(-1.35717554896363,1.2,0.274447358366226));
#13668=CARTESIAN_POINT('Ctrl Pts',(-1.35711266791981,1.2,0.270195483238759));
#13669=CARTESIAN_POINT('',(-1.44490274594427,1.2,0.37905517998908));
#13670=CARTESIAN_POINT('Ctrl Pts',(-1.44490274594427,1.2,0.37905517998908));
#13671=CARTESIAN_POINT('Ctrl Pts',(-1.43965722196774,1.2,0.378683856999771));
#13672=CARTESIAN_POINT('Ctrl Pts',(-1.42908415758626,1.2,0.37793540519784));
#13673=CARTESIAN_POINT('Ctrl Pts',(-1.41359572735909,1.2,0.37235446976416));
#13674=CARTESIAN_POINT('Ctrl Pts',(-1.39870374671732,1.2,0.36331982835139));
#13675=CARTESIAN_POINT('Ctrl Pts',(-1.38984173270692,1.2,0.355206771420724));
#13676=CARTESIAN_POINT('Ctrl Pts',(-1.38520549288764,1.2,0.350962355021255));
#13677=CARTESIAN_POINT('',(-1.46597236467014,1.2,0.37905517998908));
#13678=CARTESIAN_POINT('',(-1.44490274594427,1.2,0.37905517998908));
#13679=CARTESIAN_POINT('',(-1.46597236467014,1.2,0.438752433045708));
#13680=CARTESIAN_POINT('',(-1.46597236467014,1.2,0.37905517998908));
#13681=CARTESIAN_POINT('',(-1.43787953970231,1.2,0.438752433045708));
#13682=CARTESIAN_POINT('',(-1.46597236467014,1.2,0.438752433045708));
#13683=CARTESIAN_POINT('',(-1.37467068352471,1.2,0.466845258013533));
#13684=CARTESIAN_POINT('Ctrl Pts',(-1.37467068352471,1.2,0.466845258013533));
#13685=CARTESIAN_POINT('Ctrl Pts',(-1.37932288640046,1.2,0.462513119568755));
#13686=CARTESIAN_POINT('Ctrl Pts',(-1.38829587440422,1.2,0.454157459393602));
#13687=CARTESIAN_POINT('Ctrl Pts',(-1.40407691332838,1.2,0.445397676261559));
#13688=CARTESIAN_POINT('Ctrl Pts',(-1.4206162717013,1.2,0.439626393107279));
#13689=CARTESIAN_POINT('Ctrl Pts',(-1.43210936408496,1.2,0.439044550565839));
#13690=CARTESIAN_POINT('Ctrl Pts',(-1.43787953970231,1.2,0.438752433045708));
#13691=CARTESIAN_POINT('',(-1.34657785855688,1.2,0.544100526675052));
#13692=CARTESIAN_POINT('Ctrl Pts',(-1.34657785855688,1.2,0.544100526675052));
#13693=CARTESIAN_POINT('Ctrl Pts',(-1.34663903220377,1.2,0.540108288143403));
#13694=CARTESIAN_POINT('Ctrl Pts',(-1.34675840479908,1.2,0.532317942155417));
#13695=CARTESIAN_POINT('Ctrl Pts',(-1.34808723242286,1.2,0.520958391009684));
#13696=CARTESIAN_POINT('Ctrl Pts',(-1.35027085343354,1.2,0.510240455143896));
#13697=CARTESIAN_POINT('Ctrl Pts',(-1.35339379446475,1.2,0.500229415687293));
#13698=CARTESIAN_POINT('Ctrl Pts',(-1.3573382515874,1.2,0.490853881692431));
#13699=CARTESIAN_POINT('Ctrl Pts',(-1.36211114671669,1.2,0.482133828087749));
#13700=CARTESIAN_POINT('Ctrl Pts',(-1.36791385711453,1.2,0.47408028352538));
#13701=CARTESIAN_POINT('Ctrl Pts',(-1.37240585025423,1.2,0.469270379734472));
#13702=CARTESIAN_POINT('Ctrl Pts',(-1.37467068352471,1.2,0.466845258013533));
#13703=CARTESIAN_POINT('',(-1.37467068352471,1.2,0.631890604699505));
#13704=CARTESIAN_POINT('Ctrl Pts',(-1.37467068352471,1.2,0.631890604699505));
#13705=CARTESIAN_POINT('Ctrl Pts',(-1.37239092660431,1.2,0.629432243202743));
#13706=CARTESIAN_POINT('Ctrl Pts',(-1.36779426096912,1.2,0.624475457806031));
#13707=CARTESIAN_POINT('Ctrl Pts',(-1.36206094951866,1.2,0.615869468793876));
#13708=CARTESIAN_POINT('Ctrl Pts',(-1.35721938769569,1.2,0.606306281810739));
#13709=CARTESIAN_POINT('Ctrl Pts',(-1.35339509206127,1.2,0.595708290693862));
#13710=CARTESIAN_POINT('Ctrl Pts',(-1.35022185617248,1.2,0.584197684894085));
#13711=CARTESIAN_POINT('Ctrl Pts',(-1.34807961657383,1.2,0.571696130366308));
#13712=CARTESIAN_POINT('Ctrl Pts',(-1.34674925625516,1.2,0.558219537299029));
#13713=CARTESIAN_POINT('Ctrl Pts',(-1.34663631714574,1.2,0.548916095643801));
#13714=CARTESIAN_POINT('Ctrl Pts',(-1.34657785855688,1.2,0.544100526675052));
#13715=CARTESIAN_POINT('',(-1.44841434906525,1.2,0.65998342966733));
#13716=CARTESIAN_POINT('Ctrl Pts',(-1.44841434906525,1.2,0.65998342966733));
#13717=CARTESIAN_POINT('Ctrl Pts',(-1.44467880899939,1.2,0.659943256937502));
#13718=CARTESIAN_POINT('Ctrl Pts',(-1.43739477470623,1.2,0.659864923005442));
#13719=CARTESIAN_POINT('Ctrl Pts',(-1.42681690268383,1.2,0.658244014119443));
#13720=CARTESIAN_POINT('Ctrl Pts',(-1.41669427254715,1.2,0.65633612259393));
#13721=CARTESIAN_POINT('Ctrl Pts',(-1.40721126771864,1.2,0.653088480915904));
#13722=CARTESIAN_POINT('Ctrl Pts',(-1.39810144654235,1.2,0.649269179109211));
#13723=CARTESIAN_POINT('Ctrl Pts',(-1.38975631760536,1.2,0.644238195448909));
#13724=CARTESIAN_POINT('Ctrl Pts',(-1.38172445842148,1.2,0.63867000764026));
#13725=CARTESIAN_POINT('Ctrl Pts',(-1.37704203778728,1.2,0.634169719967082));
#13726=CARTESIAN_POINT('Ctrl Pts',(-1.37467068352471,1.2,0.631890604699505));
#13727=CARTESIAN_POINT('',(-1.50811160212187,1.2,0.635402207820483));
#13728=CARTESIAN_POINT('Ctrl Pts',(-1.50811160212187,1.2,0.635402207820483));
#13729=CARTESIAN_POINT('Ctrl Pts',(-1.50391643340279,1.2,0.639189922483668));
#13730=CARTESIAN_POINT('Ctrl Pts',(-1.49572023895362,1.2,0.646590064879908));
#13731=CARTESIAN_POINT('Ctrl Pts',(-1.4810940450949,1.2,0.654396743044601));
#13732=CARTESIAN_POINT('Ctrl Pts',(-1.46518028004008,1.2,0.659114110564086));
#13733=CARTESIAN_POINT('Ctrl Pts',(-1.45408336431688,1.2,0.65968948933904));
#13734=CARTESIAN_POINT('Ctrl Pts',(-1.44841434906525,1.2,0.65998342966733));
#13735=CARTESIAN_POINT('',(-1.53971603021068,1.2,0.558146939158964));
#13736=CARTESIAN_POINT('Ctrl Pts',(-1.53971603021068,1.2,0.558146939158964));
#13737=CARTESIAN_POINT('Ctrl Pts',(-1.53960667801841,1.2,0.561879490023485));
#13738=CARTESIAN_POINT('Ctrl Pts',(-1.53939098040443,1.2,0.569241960759691));
#13739=CARTESIAN_POINT('Ctrl Pts',(-1.5379665812803,1.2,0.580054961168587));
#13740=CARTESIAN_POINT('Ctrl Pts',(-1.53548963824179,1.2,0.59043428595848));
#13741=CARTESIAN_POINT('Ctrl Pts',(-1.53191775544233,1.2,0.600334085937764));
#13742=CARTESIAN_POINT('Ctrl Pts',(-1.5275523773789,1.2,0.609896867966545));
#13743=CARTESIAN_POINT('Ctrl Pts',(-1.5219691169987,1.2,0.618875395187784));
#13744=CARTESIAN_POINT('Ctrl Pts',(-1.51565996737693,1.2,0.627568279629446));
#13745=CARTESIAN_POINT('Ctrl Pts',(-1.51064799188342,1.2,0.63276986365257));
#13746=CARTESIAN_POINT('Ctrl Pts',(-1.50811160212187,1.2,0.635402207820483));
#13747=CARTESIAN_POINT('',(-1.53971603021068,1.2,0.533565717312118));
#13748=CARTESIAN_POINT('',(-1.53971603021068,1.2,0.558146939158964));
#13749=CARTESIAN_POINT('',(-1.62282397074049,1.2,0.533565717312118));
#13750=CARTESIAN_POINT('',(-1.53971603021068,1.2,0.533565717312118));
#13751=CARTESIAN_POINT('',(-1.62282397074049,1.2,0.561658542279943));
#13752=CARTESIAN_POINT('',(-1.62282397074049,1.2,0.533565717312118));
#13753=CARTESIAN_POINT('',(-1.57132045829948,1.2,0.67754144527222));
#13754=CARTESIAN_POINT('Ctrl Pts',(-1.57132045829948,1.2,0.67754144527222));
#13755=CARTESIAN_POINT('Ctrl Pts',(-1.57543288502664,1.2,0.673410075336105));
#13756=CARTESIAN_POINT('Ctrl Pts',(-1.58346440207636,1.2,0.665341562440428));
#13757=CARTESIAN_POINT('Ctrl Pts',(-1.5939625895847,1.2,0.652178730514846));
#13758=CARTESIAN_POINT('Ctrl Pts',(-1.60287243122375,1.2,0.63846788148727));
#13759=CARTESIAN_POINT('Ctrl Pts',(-1.61016385374192,1.2,0.624173530652252));
#13760=CARTESIAN_POINT('Ctrl Pts',(-1.61583337162399,1.2,0.609301538967146));
#13761=CARTESIAN_POINT('Ctrl Pts',(-1.61982485252716,1.2,0.593905169801505));
#13762=CARTESIAN_POINT('Ctrl Pts',(-1.6224246865135,1.2,0.577960624333658));
#13763=CARTESIAN_POINT('Ctrl Pts',(-1.62268992951553,1.2,0.56713121287462));
#13764=CARTESIAN_POINT('Ctrl Pts',(-1.62282397074049,1.2,0.561658542279943));
#13765=CARTESIAN_POINT('',(-1.44841434906525,1.2,0.726703888965914));
#13766=CARTESIAN_POINT('Ctrl Pts',(-1.44841434906525,1.2,0.726703888965914));
#13767=CARTESIAN_POINT('Ctrl Pts',(-1.45444939316763,1.2,0.726564318659276));
#13768=CARTESIAN_POINT('Ctrl Pts',(-1.46630619927798,1.2,0.726290110544722));
#13769=CARTESIAN_POINT('Ctrl Pts',(-1.48366051056897,1.2,0.723824049800594));
#13770=CARTESIAN_POINT('Ctrl Pts',(-1.50031169789849,1.2,0.720171886705337));
#13771=CARTESIAN_POINT('Ctrl Pts',(-1.51607595577249,1.2,0.714592931536087));
#13772=CARTESIAN_POINT('Ctrl Pts',(-1.53116715902063,1.2,0.70773796591264));
#13773=CARTESIAN_POINT('Ctrl Pts',(-1.54535684738882,1.2,0.699128953194475));
#13774=CARTESIAN_POINT('Ctrl Pts',(-1.55906982443034,1.2,0.689358308716493));
#13775=CARTESIAN_POINT('Ctrl Pts',(-1.5672074036032,1.2,0.681508864934247));
#13776=CARTESIAN_POINT('Ctrl Pts',(-1.57132045829948,1.2,0.67754144527222));
#13777=CARTESIAN_POINT('',(-1.3114618273471,1.2,0.67754144527222));
#13778=CARTESIAN_POINT('Ctrl Pts',(-1.3114618273471,1.2,0.67754144527222));
#13779=CARTESIAN_POINT('Ctrl Pts',(-1.31565294318164,1.2,0.681522654372523));
#13780=CARTESIAN_POINT('Ctrl Pts',(-1.32402748179174,1.2,0.689477764811252));
#13781=CARTESIAN_POINT('Ctrl Pts',(-1.33843145220527,1.2,0.699224937932545));
#13782=CARTESIAN_POINT('Ctrl Pts',(-1.35371449865216,1.2,0.707858764590652));
#13783=CARTESIAN_POINT('Ctrl Pts',(-1.37039176039306,1.2,0.714684204694095));
#13784=CARTESIAN_POINT('Ctrl Pts',(-1.38817510287558,1.2,0.720198075601715));
#13785=CARTESIAN_POINT('Ctrl Pts',(-1.40723995282376,1.2,0.723865948200664));
#13786=CARTESIAN_POINT('Ctrl Pts',(-1.42741179669455,1.2,0.726296379071547));
#13787=CARTESIAN_POINT('Ctrl Pts',(-1.44129686022112,1.2,0.7265657892209));
#13788=CARTESIAN_POINT('Ctrl Pts',(-1.44841434906525,1.2,0.726703888965914));
#13789=CARTESIAN_POINT('',(-1.26229938365341,1.2,0.551123732917008));
#13790=CARTESIAN_POINT('Ctrl Pts',(-1.26229938365341,1.2,0.551123732917008));
#13791=CARTESIAN_POINT('Ctrl Pts',(-1.26243856429677,1.2,0.557418255532186));
#13792=CARTESIAN_POINT('Ctrl Pts',(-1.26271121434803,1.2,0.569749006937214));
#13793=CARTESIAN_POINT('Ctrl Pts',(-1.26516767730961,1.2,0.587800276103341));
#13794=CARTESIAN_POINT('Ctrl Pts',(-1.26886441306655,1.2,0.605021511206282));
#13795=CARTESIAN_POINT('Ctrl Pts',(-1.27418544688996,1.2,0.621405612153808));
#13796=CARTESIAN_POINT('Ctrl Pts',(-1.28127727708429,1.2,0.63679314518996));
#13797=CARTESIAN_POINT('Ctrl Pts',(-1.28982362837483,1.2,0.651299168504305));
#13798=CARTESIAN_POINT('Ctrl Pts',(-1.29964784688168,1.2,0.665153791052751));
#13799=CARTESIAN_POINT('Ctrl Pts',(-1.30749624121941,1.2,0.673383294691973));
#13800=CARTESIAN_POINT('Ctrl Pts',(-1.3114618273471,1.2,0.67754144527222));
#13801=CARTESIAN_POINT('',(-1.30443862110514,1.2,0.438752433045708));
#13802=CARTESIAN_POINT('Ctrl Pts',(-1.30443862110514,1.2,0.438752433045708));
#13803=CARTESIAN_POINT('Ctrl Pts',(-1.30106148061629,1.2,0.442323156952004));
#13804=CARTESIAN_POINT('Ctrl Pts',(-1.29433295803375,1.2,0.449437369854567));
#13805=CARTESIAN_POINT('Ctrl Pts',(-1.28572225968032,1.2,0.461359373678332));
#13806=CARTESIAN_POINT('Ctrl Pts',(-1.27857948114834,1.2,0.47424812732793));
#13807=CARTESIAN_POINT('Ctrl Pts',(-1.27252581967068,1.2,0.487881293291548));
#13808=CARTESIAN_POINT('Ctrl Pts',(-1.26803948803562,1.2,0.502488237619709));
#13809=CARTESIAN_POINT('Ctrl Pts',(-1.2645921328447,1.2,0.517865969377789));
#13810=CARTESIAN_POINT('Ctrl Pts',(-1.26266228420934,1.2,0.534210172258498));
#13811=CARTESIAN_POINT('Ctrl Pts',(-1.26242227248621,1.2,0.545396302374818));
#13812=CARTESIAN_POINT('Ctrl Pts',(-1.26229938365341,1.2,0.551123732917008));
#13813=CARTESIAN_POINT('',(-1.36413587416177,1.2,0.403636401835927));
#13814=CARTESIAN_POINT('Ctrl Pts',(-1.36413587416177,1.2,0.403636401835927));
#13815=CARTESIAN_POINT('Ctrl Pts',(-1.35844002175375,1.2,0.405526760533259));
#13816=CARTESIAN_POINT('Ctrl Pts',(-1.34719751851602,1.2,0.409257960405162));
#13817=CARTESIAN_POINT('Ctrl Pts',(-1.33156548644934,1.2,0.417342586219323));
#13818=CARTESIAN_POINT('Ctrl Pts',(-1.31710483773881,1.2,0.426988345202207));
#13819=CARTESIAN_POINT('Ctrl Pts',(-1.30867618190141,1.2,0.434816684993131));
#13820=CARTESIAN_POINT('Ctrl Pts',(-1.30443862110514,1.2,0.438752433045708));
#13821=CARTESIAN_POINT('',(-1.3114618273471,1.2,0.375543576868102));
#13822=CARTESIAN_POINT('Ctrl Pts',(-1.3114618273471,1.2,0.375543576868102));
#13823=CARTESIAN_POINT('Ctrl Pts',(-1.31551275273956,1.2,0.379325295208215));
#13824=CARTESIAN_POINT('Ctrl Pts',(-1.32333402860925,1.2,0.386626802773532));
#13825=CARTESIAN_POINT('Ctrl Pts',(-1.33651763508378,1.2,0.394970238971082));
#13826=CARTESIAN_POINT('Ctrl Pts',(-1.35005375842614,1.2,0.401016166046173));
#13827=CARTESIAN_POINT('Ctrl Pts',(-1.35948917121699,1.2,0.402771797568441));
#13828=CARTESIAN_POINT('Ctrl Pts',(-1.36413587416177,1.2,0.403636401835927));
#13829=CARTESIAN_POINT('',(-1.27634579613732,1.2,0.270195483238759));
#13830=CARTESIAN_POINT('Ctrl Pts',(-1.27634579613732,1.2,0.270195483238759));
#13831=CARTESIAN_POINT('Ctrl Pts',(-1.27642532786869,1.2,0.275879791213723));
#13832=CARTESIAN_POINT('Ctrl Pts',(-1.27657931193286,1.2,0.286885371362416));
#13833=CARTESIAN_POINT('Ctrl Pts',(-1.27834169945745,1.2,0.30283577450588));
#13834=CARTESIAN_POINT('Ctrl Pts',(-1.28100571655544,1.2,0.31767987613379));
#13835=CARTESIAN_POINT('Ctrl Pts',(-1.28479814490204,1.2,0.33149131335169));
#13836=CARTESIAN_POINT('Ctrl Pts',(-1.28963721885336,1.2,0.344242967762599));
#13837=CARTESIAN_POINT('Ctrl Pts',(-1.29587483008266,1.2,0.35578057584779));
#13838=CARTESIAN_POINT('Ctrl Pts',(-1.30298534453368,1.2,0.366329774906613));
#13839=CARTESIAN_POINT('Ctrl Pts',(-1.30865015687776,1.2,0.37248733580023));
#13840=CARTESIAN_POINT('Ctrl Pts',(-1.3114618273471,1.2,0.375543576868102));
#13841=CARTESIAN_POINT('',(-1.31848503358906,1.2,0.157824183367459));
#13842=CARTESIAN_POINT('Ctrl Pts',(-1.31848503358906,1.2,0.157824183367459));
#13843=CARTESIAN_POINT('Ctrl Pts',(-1.3151078931002,1.2,0.161394907273755));
#13844=CARTESIAN_POINT('Ctrl Pts',(-1.30837937051765,1.2,0.168509120176318));
#13845=CARTESIAN_POINT('Ctrl Pts',(-1.29976867216425,1.2,0.180431124000082));
#13846=CARTESIAN_POINT('Ctrl Pts',(-1.29262589363224,1.2,0.19331987764968));
#13847=CARTESIAN_POINT('Ctrl Pts',(-1.28657223215459,1.2,0.2069530436133));
#13848=CARTESIAN_POINT('Ctrl Pts',(-1.28208590051953,1.2,0.221559987941458));
#13849=CARTESIAN_POINT('Ctrl Pts',(-1.27863854532863,1.2,0.236937719699539));
#13850=CARTESIAN_POINT('Ctrl Pts',(-1.27670869669326,1.2,0.253281922580249));
#13851=CARTESIAN_POINT('Ctrl Pts',(-1.27646868497012,1.2,0.264468052696568));
#13852=CARTESIAN_POINT('Ctrl Pts',(-1.27634579613732,1.2,0.270195483238759));
#13853=CARTESIAN_POINT('',(-1.44139114282329,1.2,0.112173342794743));
#13854=CARTESIAN_POINT('Ctrl Pts',(-1.44139114282329,1.2,0.112173342794743));
#13855=CARTESIAN_POINT('Ctrl Pts',(-1.4350966580696,1.2,0.112265112350401));
#13856=CARTESIAN_POINT('Ctrl Pts',(-1.42281291841163,1.2,0.112444201406034));
#13857=CARTESIAN_POINT('Ctrl Pts',(-1.4049499742637,1.2,0.11479950814628));
#13858=CARTESIAN_POINT('Ctrl Pts',(-1.38800906790158,1.2,0.118183092690099));
#13859=CARTESIAN_POINT('Ctrl Pts',(-1.37211741243898,1.2,0.12336511339704));
#13860=CARTESIAN_POINT('Ctrl Pts',(-1.35709623663088,1.2,0.129638784382164));
#13861=CARTESIAN_POINT('Ctrl Pts',(-1.34314596000351,1.2,0.137562009510856));
#13862=CARTESIAN_POINT('Ctrl Pts',(-1.33021418682091,1.2,0.146936098788356));
#13863=CARTESIAN_POINT('Ctrl Pts',(-1.32240350963464,1.2,0.154186691575666));
#13864=CARTESIAN_POINT('Ctrl Pts',(-1.31848503358906,1.2,0.157824183367459));
#13865=CARTESIAN_POINT('Ctrl Pts',(-1.55376244269459,1.2,0.157824183367459));
#13866=CARTESIAN_POINT('Ctrl Pts',(-1.54992951497262,1.2,0.154189440801458));
#13867=CARTESIAN_POINT('Ctrl Pts',(-1.54231887240649,1.2,0.146972313713155));
#13868=CARTESIAN_POINT('Ctrl Pts',(-1.52982971940439,1.2,0.137672654493054));
#13869=CARTESIAN_POINT('Ctrl Pts',(-1.51669813628394,1.2,0.129722288739114));
#13870=CARTESIAN_POINT('Ctrl Pts',(-1.50285629066703,1.2,0.123441907860739));
#13871=CARTESIAN_POINT('Ctrl Pts',(-1.48846710219968,1.2,0.1181908970435));
#13872=CARTESIAN_POINT('Ctrl Pts',(-1.47332843437234,1.2,0.114850207262297));
#13873=CARTESIAN_POINT('Ctrl Pts',(-1.45759530039316,1.2,0.112444645988819));
#13874=CARTESIAN_POINT('Ctrl Pts',(-1.44686342408543,1.2,0.112264964181347));
#13875=CARTESIAN_POINT('Ctrl Pts',(-1.44139114282329,1.2,0.112173342794743));
#13876=CARTESIAN_POINT('Origin',(0.,1.2,0.));
#13877=CARTESIAN_POINT('',(1.77899712303057,1.2,-0.731539946598541));
#13878=CARTESIAN_POINT('',(1.44539482653765,1.2,-0.731539946598541));
#13879=CARTESIAN_POINT('',(1.77899712303057,1.2,-0.731539946598541));
#13880=CARTESIAN_POINT('',(1.44539482653765,1.2,-0.665079606049659));
#13881=CARTESIAN_POINT('',(1.44539482653765,1.2,-0.731539946598541));
#13882=CARTESIAN_POINT('',(1.70174185436905,1.2,-0.665079606049659));
#13883=CARTESIAN_POINT('',(1.44539482653765,1.2,-0.665079606049659));
#13884=CARTESIAN_POINT('',(1.5331849045621,1.2,-0.131055812911283));
#13885=CARTESIAN_POINT('',(1.70174185436905,1.2,-0.665079606049659));
#13886=CARTESIAN_POINT('',(1.61044017322362,1.2,-0.131055812911283));
#13887=CARTESIAN_POINT('',(1.5331849045621,1.2,-0.131055812911283));
#13888=CARTESIAN_POINT('',(1.77899712303057,1.2,-0.654284677937022));
#13889=CARTESIAN_POINT('',(1.61044017322362,1.2,-0.131055812911283));
#13890=CARTESIAN_POINT('',(1.77899712303057,1.2,-0.654284677937022));
#13891=CARTESIAN_POINT('Origin',(0.,1.2,0.));
#13892=CARTESIAN_POINT('',(1.17500138622233,1.2,-0.742074755961476));
#13893=CARTESIAN_POINT('',(1.13988535501255,1.2,-0.671842693541913));
#13894=CARTESIAN_POINT('Ctrl Pts',(1.13988535501255,1.2,-0.671842693541913));
#13895=CARTESIAN_POINT('Ctrl Pts',(1.14476525085365,1.2,-0.677108124721104));
#13896=CARTESIAN_POINT('Ctrl Pts',(1.15422009933942,1.2,-0.68730995189787));
#13897=CARTESIAN_POINT('Ctrl Pts',(1.16479424189235,1.2,-0.704767718737997));
#13898=CARTESIAN_POINT('Ctrl Pts',(1.17224427968578,1.2,-0.72299511284184));
#13899=CARTESIAN_POINT('Ctrl Pts',(1.17408379548894,1.2,-0.735724873034935));
#13900=CARTESIAN_POINT('Ctrl Pts',(1.17500138622233,1.2,-0.742074755961476));
#13901=CARTESIAN_POINT('',(1.06263008635103,1.2,-0.643749868574088));
#13902=CARTESIAN_POINT('Ctrl Pts',(1.06263008635103,1.2,-0.643749868574088));
#13903=CARTESIAN_POINT('Ctrl Pts',(1.06662514922729,1.2,-0.643790935778055));
#13904=CARTESIAN_POINT('Ctrl Pts',(1.0744262068593,1.2,-0.643871126662368));
#13905=CARTESIAN_POINT('Ctrl Pts',(1.08574313029049,1.2,-0.645479720633221));
#13906=CARTESIAN_POINT('Ctrl Pts',(1.09651059856214,1.2,-0.647386913363681));
#13907=CARTESIAN_POINT('Ctrl Pts',(1.10649130660763,1.2,-0.650592037729043));
#13908=CARTESIAN_POINT('Ctrl Pts',(1.11592300196812,1.2,-0.654470686148356));
#13909=CARTESIAN_POINT('Ctrl Pts',(1.12451521562561,1.2,-0.659456145572491));
#13910=CARTESIAN_POINT('Ctrl Pts',(1.13269573933002,1.2,-0.6650631743405));
#13911=CARTESIAN_POINT('Ctrl Pts',(1.13746930682192,1.2,-0.669564457009787));
#13912=CARTESIAN_POINT('Ctrl Pts',(1.13988535501255,1.2,-0.671842693541913));
#13913=CARTESIAN_POINT('',(1.03102565826223,1.2,-0.643749868574088));
#13914=CARTESIAN_POINT('',(1.06263008635103,1.2,-0.643749868574088));
#13915=CARTESIAN_POINT('',(1.03102565826223,1.2,-0.602260927996606));
#13916=CARTESIAN_POINT('',(1.03102565826223,1.2,-0.643749868574088));
#13917=CARTESIAN_POINT('',(1.13403268314425,1.2,-0.602260927996606));
#13918=CARTESIAN_POINT('',(1.03102565826223,1.2,-0.602260927996606));
#13919=CARTESIAN_POINT('',(1.13403268314425,1.2,-0.134567416032261));
#13920=CARTESIAN_POINT('',(1.13403268314425,1.2,-0.602260927996606));
#13921=CARTESIAN_POINT('',(1.21714062367407,1.2,-0.134567416032261));
#13922=CARTESIAN_POINT('',(1.13403268314425,1.2,-0.134567416032261));
#13923=CARTESIAN_POINT('',(1.21714062367407,1.2,-0.742074755961476));
#13924=CARTESIAN_POINT('',(1.21714062367407,1.2,-0.134567416032261));
#13925=CARTESIAN_POINT('',(1.21714062367407,1.2,-0.742074755961476));
#13926=CARTESIAN_POINT('Origin',(0.,1.2,0.));
#13927=CARTESIAN_POINT('',(0.725516186737131,1.2,-0.742074755961476));
#13928=CARTESIAN_POINT('',(0.69040015552735,1.2,-0.671842693541913));
#13929=CARTESIAN_POINT('Ctrl Pts',(0.69040015552735,1.2,-0.671842693541913));
#13930=CARTESIAN_POINT('Ctrl Pts',(0.695280051368449,1.2,-0.677108124721105));
#13931=CARTESIAN_POINT('Ctrl Pts',(0.704734899854221,1.2,-0.687309951897869));
#13932=CARTESIAN_POINT('Ctrl Pts',(0.715309042407142,1.2,-0.704767718737998));
#13933=CARTESIAN_POINT('Ctrl Pts',(0.722759080200585,1.2,-0.722995112841841));
#13934=CARTESIAN_POINT('Ctrl Pts',(0.724598596003736,1.2,-0.735724873034935));
#13935=CARTESIAN_POINT('Ctrl Pts',(0.725516186737131,1.2,-0.742074755961476));
#13936=CARTESIAN_POINT('',(0.613144886865831,1.2,-0.643749868574088));
#13937=CARTESIAN_POINT('Ctrl Pts',(0.613144886865831,1.2,-0.643749868574088));
#13938=CARTESIAN_POINT('Ctrl Pts',(0.617139949742091,1.2,-0.643790935778055));
#13939=CARTESIAN_POINT('Ctrl Pts',(0.624941007374101,1.2,-0.643871126662368));
#13940=CARTESIAN_POINT('Ctrl Pts',(0.636257930805288,1.2,-0.645479720633221));
#13941=CARTESIAN_POINT('Ctrl Pts',(0.647025399076945,1.2,-0.647386913363681));
#13942=CARTESIAN_POINT('Ctrl Pts',(0.657006107122423,1.2,-0.650592037729043));
#13943=CARTESIAN_POINT('Ctrl Pts',(0.666437802482932,1.2,-0.654470686148356));
#13944=CARTESIAN_POINT('Ctrl Pts',(0.67503001614041,1.2,-0.659456145572491));
#13945=CARTESIAN_POINT('Ctrl Pts',(0.683210539844816,1.2,-0.6650631743405));
#13946=CARTESIAN_POINT('Ctrl Pts',(0.687984107336723,1.2,-0.669564457009787));
#13947=CARTESIAN_POINT('Ctrl Pts',(0.69040015552735,1.2,-0.671842693541913));
#13948=CARTESIAN_POINT('',(0.581540458777028,1.2,-0.643749868574088));
#13949=CARTESIAN_POINT('',(0.613144886865831,1.2,-0.643749868574088));
#13950=CARTESIAN_POINT('',(0.581540458777028,1.2,-0.602260927996606));
#13951=CARTESIAN_POINT('',(0.581540458777028,1.2,-0.643749868574088));
#13952=CARTESIAN_POINT('',(0.684547483659053,1.2,-0.602260927996606));
#13953=CARTESIAN_POINT('',(0.581540458777028,1.2,-0.602260927996606));
#13954=CARTESIAN_POINT('',(0.684547483659053,1.2,-0.134567416032261));
#13955=CARTESIAN_POINT('',(0.684547483659053,1.2,-0.602260927996606));
#13956=CARTESIAN_POINT('',(0.767655424188868,1.2,-0.134567416032261));
#13957=CARTESIAN_POINT('',(0.684547483659053,1.2,-0.134567416032261));
#13958=CARTESIAN_POINT('',(0.767655424188868,1.2,-0.742074755961476));
#13959=CARTESIAN_POINT('',(0.767655424188868,1.2,-0.134567416032261));
#13960=CARTESIAN_POINT('',(0.767655424188868,1.2,-0.742074755961476));
#13961=CARTESIAN_POINT('Origin',(0.,1.2,0.));
#13962=CARTESIAN_POINT('',(0.276030987251932,1.2,-0.742074755961476));
#13963=CARTESIAN_POINT('',(0.24091495604215,1.2,-0.671842693541913));
#13964=CARTESIAN_POINT('Ctrl Pts',(0.24091495604215,1.2,-0.671842693541913));
#13965=CARTESIAN_POINT('Ctrl Pts',(0.24579485188325,1.2,-0.677108124721105));
#13966=CARTESIAN_POINT('Ctrl Pts',(0.255249700369022,1.2,-0.687309951897869));
#13967=CARTESIAN_POINT('Ctrl Pts',(0.265823842921943,1.2,-0.704767718737998));
#13968=CARTESIAN_POINT('Ctrl Pts',(0.273273880715386,1.2,-0.72299511284184));
#13969=CARTESIAN_POINT('Ctrl Pts',(0.275113396518537,1.2,-0.735724873034935));
#13970=CARTESIAN_POINT('Ctrl Pts',(0.276030987251932,1.2,-0.742074755961476));
#13971=CARTESIAN_POINT('',(0.163659687380632,1.2,-0.643749868574088));
#13972=CARTESIAN_POINT('Ctrl Pts',(0.163659687380632,1.2,-0.643749868574088));
#13973=CARTESIAN_POINT('Ctrl Pts',(0.167654750256891,1.2,-0.643790935778055));
#13974=CARTESIAN_POINT('Ctrl Pts',(0.175455807888903,1.2,-0.643871126662368));
#13975=CARTESIAN_POINT('Ctrl Pts',(0.186772731320089,1.2,-0.645479720633221));
#13976=CARTESIAN_POINT('Ctrl Pts',(0.197540199591746,1.2,-0.647386913363681));
#13977=CARTESIAN_POINT('Ctrl Pts',(0.207520907637224,1.2,-0.650592037729043));
#13978=CARTESIAN_POINT('Ctrl Pts',(0.216952602997733,1.2,-0.654470686148356));
#13979=CARTESIAN_POINT('Ctrl Pts',(0.225544816655209,1.2,-0.659456145572491));
#13980=CARTESIAN_POINT('Ctrl Pts',(0.233725340359618,1.2,-0.6650631743405));
#13981=CARTESIAN_POINT('Ctrl Pts',(0.238498907851524,1.2,-0.669564457009787));
#13982=CARTESIAN_POINT('Ctrl Pts',(0.24091495604215,1.2,-0.671842693541913));
#13983=CARTESIAN_POINT('',(0.132055259291829,1.2,-0.643749868574088));
#13984=CARTESIAN_POINT('',(0.163659687380632,1.2,-0.643749868574088));
#13985=CARTESIAN_POINT('',(0.132055259291829,1.2,-0.602260927996606));
#13986=CARTESIAN_POINT('',(0.132055259291829,1.2,-0.643749868574088));
#13987=CARTESIAN_POINT('',(0.235062284173854,1.2,-0.602260927996606));
#13988=CARTESIAN_POINT('',(0.132055259291829,1.2,-0.602260927996606));
#13989=CARTESIAN_POINT('',(0.235062284173854,1.2,-0.134567416032261));
#13990=CARTESIAN_POINT('',(0.235062284173854,1.2,-0.602260927996606));
#13991=CARTESIAN_POINT('',(0.318170224703669,1.2,-0.134567416032261));
#13992=CARTESIAN_POINT('',(0.235062284173854,1.2,-0.134567416032261));
#13993=CARTESIAN_POINT('',(0.318170224703669,1.2,-0.742074755961476));
#13994=CARTESIAN_POINT('',(0.318170224703669,1.2,-0.134567416032261));
#13995=CARTESIAN_POINT('',(0.318170224703669,1.2,-0.742074755961476));
#13996=CARTESIAN_POINT('Origin',(0.,1.2,0.));
#13997=CARTESIAN_POINT('',(-0.387922121362635,1.2,-0.689400709146804));
#13998=CARTESIAN_POINT('',(-0.437084565056329,1.2,-0.573517806154526));
#13999=CARTESIAN_POINT('Ctrl Pts',(-0.437084565056329,1.2,-0.573517806154526));
#14000=CARTESIAN_POINT('Ctrl Pts',(-0.43694307686987,1.2,-0.578990108151762));
#14001=CARTESIAN_POINT('Ctrl Pts',(-0.436663265859425,1.2,-0.589812286240474));
#14002=CARTESIAN_POINT('Ctrl Pts',(-0.4341772847008,1.2,-0.605734709913257));
#14003=CARTESIAN_POINT('Ctrl Pts',(-0.430540424669074,1.2,-0.621182866484712));
#14004=CARTESIAN_POINT('Ctrl Pts',(-0.424888967124308,1.2,-0.635959494340528));
#14005=CARTESIAN_POINT('Ctrl Pts',(-0.418081359649751,1.2,-0.650325085171702));
#14006=CARTESIAN_POINT('Ctrl Pts',(-0.409520367637151,1.2,-0.663984863055652));
#14007=CARTESIAN_POINT('Ctrl Pts',(-0.399575443334522,1.2,-0.677198829414932));
#14008=CARTESIAN_POINT('Ctrl Pts',(-0.391866901934227,1.2,-0.685270235602923));
#14009=CARTESIAN_POINT('Ctrl Pts',(-0.387922121362635,1.2,-0.689400709146804));
#14010=CARTESIAN_POINT('',(-0.405480136967526,1.2,-0.489239331251051));
#14011=CARTESIAN_POINT('Ctrl Pts',(-0.405480136967526,1.2,-0.489239331251051));
#14012=CARTESIAN_POINT('Ctrl Pts',(-0.408026906136915,1.2,-0.491908113527575));
#14013=CARTESIAN_POINT('Ctrl Pts',(-0.413110545835137,1.2,-0.497235305206318));
#14014=CARTESIAN_POINT('Ctrl Pts',(-0.419365613141047,1.2,-0.506325540195006));
#14015=CARTESIAN_POINT('Ctrl Pts',(-0.424990050031102,1.2,-0.515855788446168));
#14016=CARTESIAN_POINT('Ctrl Pts',(-0.42930285395829,1.2,-0.526180452117531));
#14017=CARTESIAN_POINT('Ctrl Pts',(-0.432920999432192,1.2,-0.537067412488478));
#14018=CARTESIAN_POINT('Ctrl Pts',(-0.435323410092275,1.2,-0.5486327450408));
#14019=CARTESIAN_POINT('Ctrl Pts',(-0.436777479747802,1.2,-0.560864759006999));
#14020=CARTESIAN_POINT('Ctrl Pts',(-0.436980297662164,1.2,-0.569221605008843));
#14021=CARTESIAN_POINT('Ctrl Pts',(-0.437084565056329,1.2,-0.573517806154526));
#14022=CARTESIAN_POINT('',(-0.356317693273832,1.2,-0.457634903162248));
#14023=CARTESIAN_POINT('Ctrl Pts',(-0.356317693273832,1.2,-0.457634903162248));
#14024=CARTESIAN_POINT('Ctrl Pts',(-0.360917713012598,1.2,-0.459529365028073));
#14025=CARTESIAN_POINT('Ctrl Pts',(-0.369992298759558,1.2,-0.463266622175232));
#14026=CARTESIAN_POINT('Ctrl Pts',(-0.382770416639865,1.2,-0.47062327977421));
#14027=CARTESIAN_POINT('Ctrl Pts',(-0.394788460024649,1.2,-0.479079864154319));
#14028=CARTESIAN_POINT('Ctrl Pts',(-0.401915688967179,1.2,-0.48585231419367));
#14029=CARTESIAN_POINT('Ctrl Pts',(-0.405480136967526,1.2,-0.489239331251051));
#14030=CARTESIAN_POINT('',(-0.254481202765467,1.2,-0.411984062589532));
#14031=CARTESIAN_POINT('Ctrl Pts',(-0.356317693273832,1.2,-0.457634903162248));
#14032=CARTESIAN_POINT('Ctrl Pts',(-0.34786528213886,1.2,-0.45375507200608));
#14033=CARTESIAN_POINT('Ctrl Pts',(-0.339410295835683,1.2,-0.449880225386952));
#14034=CARTESIAN_POINT('Ctrl Pts',(-0.330921441224579,1.2,-0.446080792378396));
#14035=CARTESIAN_POINT('Ctrl Pts',(-0.322432616127414,1.2,-0.442281372579661));
#14036=CARTESIAN_POINT('Ctrl Pts',(-0.313923315446526,1.2,-0.438527840782637));
#14037=CARTESIAN_POINT('Ctrl Pts',(-0.305431202277851,1.2,-0.434735775874478));
#14038=CARTESIAN_POINT('Ctrl Pts',(-0.288447804531844,1.2,-0.427152016057016));
#14039=CARTESIAN_POINT('Ctrl Pts',(-0.271473065517837,1.2,-0.419548837019259));
#14040=CARTESIAN_POINT('Ctrl Pts',(-0.254481202765467,1.2,-0.411984062589532));
#14041=CARTESIAN_POINT('',(-0.163179521620035,1.2,-0.369844825137795));
#14042=CARTESIAN_POINT('Ctrl Pts',(-0.254481202765467,1.2,-0.411984062589532));
#14043=CARTESIAN_POINT('Ctrl Pts',(-0.246810484762399,1.2,-0.408606751859194));
#14044=CARTESIAN_POINT('Ctrl Pts',(-0.239139748121447,1.2,-0.4052294327356));
#14045=CARTESIAN_POINT('Ctrl Pts',(-0.231478193338149,1.2,-0.401831386126977));
#14046=CARTESIAN_POINT('Ctrl Pts',(-0.223816568768766,1.2,-0.398433308566886));
#14047=CARTESIAN_POINT('Ctrl Pts',(-0.216162383292918,1.2,-0.39501783587704));
#14048=CARTESIAN_POINT('Ctrl Pts',(-0.208538008888401,1.2,-0.39153698295192));
#14049=CARTESIAN_POINT('Ctrl Pts',(-0.193292170084771,1.2,-0.384576605643574));
#14050=CARTESIAN_POINT('Ctrl Pts',(-0.178213167576964,1.2,-0.377252384948053));
#14051=CARTESIAN_POINT('Ctrl Pts',(-0.163179521620035,1.2,-0.369844825137795));
#14052=CARTESIAN_POINT('',(-0.106993871684386,1.2,-0.334728793928014));
#14053=CARTESIAN_POINT('Ctrl Pts',(-0.106993871684386,1.2,-0.334728793928014));
#14054=CARTESIAN_POINT('Ctrl Pts',(-0.11030848410894,1.2,-0.337760357471818));
#14055=CARTESIAN_POINT('Ctrl Pts',(-0.117399294259344,1.2,-0.344245653124716));
#14056=CARTESIAN_POINT('Ctrl Pts',(-0.130368159593332,1.2,-0.352888943273724));
#14057=CARTESIAN_POINT('Ctrl Pts',(-0.145740282143092,1.2,-0.361688225019475));
#14058=CARTESIAN_POINT('Ctrl Pts',(-0.157152363588815,1.2,-0.367025830767336));
#14059=CARTESIAN_POINT('Ctrl Pts',(-0.163179521620035,1.2,-0.369844825137795));
#14060=CARTESIAN_POINT('',(-0.0859242529585168,1.2,-0.282054747113342));
#14061=CARTESIAN_POINT('Ctrl Pts',(-0.0859242529585168,1.2,-0.282054747113342));
#14062=CARTESIAN_POINT('Ctrl Pts',(-0.0861620911940705,1.2,-0.28711052933261));
#14063=CARTESIAN_POINT('Ctrl Pts',(-0.0866269325304086,1.2,-0.296991768812742));
#14064=CARTESIAN_POINT('Ctrl Pts',(-0.0906276774776413,1.2,-0.311139217688338));
#14065=CARTESIAN_POINT('Ctrl Pts',(-0.0973433008040199,1.2,-0.3240004089695));
#14066=CARTESIAN_POINT('Ctrl Pts',(-0.103749715952359,1.2,-0.331122318001355));
#14067=CARTESIAN_POINT('Ctrl Pts',(-0.106993871684386,1.2,-0.334728793928014));
#14068=CARTESIAN_POINT('',(-0.114017077926342,1.2,-0.225869097177692));
#14069=CARTESIAN_POINT('Ctrl Pts',(-0.114017077926342,1.2,-0.225869097177692));
#14070=CARTESIAN_POINT('Ctrl Pts',(-0.109717593608388,1.2,-0.230410748146881));
#14071=CARTESIAN_POINT('Ctrl Pts',(-0.101619074978928,1.2,-0.238965412442062));
#14072=CARTESIAN_POINT('Ctrl Pts',(-0.0928145186886106,1.2,-0.253300544617139));
#14073=CARTESIAN_POINT('Ctrl Pts',(-0.0869020332660966,1.2,-0.267560006812015));
#14074=CARTESIAN_POINT('Ctrl Pts',(-0.086243583524568,1.2,-0.277320949971686));
#14075=CARTESIAN_POINT('Ctrl Pts',(-0.0859242529585168,1.2,-0.282054747113342));
#14076=CARTESIAN_POINT('',(-0.222876774676664,1.2,-0.190753065967911));
#14077=CARTESIAN_POINT('Ctrl Pts',(-0.222876774676664,1.2,-0.190753065967911));
#14078=CARTESIAN_POINT('Ctrl Pts',(-0.216932465539176,1.2,-0.190833195460539));
#14079=CARTESIAN_POINT('Ctrl Pts',(-0.205408157095719,1.2,-0.190988543536674));
#14080=CARTESIAN_POINT('Ctrl Pts',(-0.188766381890985,1.2,-0.192740248937623));
#14081=CARTESIAN_POINT('Ctrl Pts',(-0.173253341541871,1.2,-0.195387793354243));
#14082=CARTESIAN_POINT('Ctrl Pts',(-0.159018186437726,1.2,-0.199342936331113));
#14083=CARTESIAN_POINT('Ctrl Pts',(-0.145813381438673,1.2,-0.204005573881565));
#14084=CARTESIAN_POINT('Ctrl Pts',(-0.134060290254857,1.2,-0.210301521340112));
#14085=CARTESIAN_POINT('Ctrl Pts',(-0.123261482490067,1.2,-0.217311040797954));
#14086=CARTESIAN_POINT('Ctrl Pts',(-0.117065979560577,1.2,-0.22304656037695));
#14087=CARTESIAN_POINT('Ctrl Pts',(-0.114017077926342,1.2,-0.225869097177692));
#14088=CARTESIAN_POINT('',(-0.34227128078992,1.2,-0.22938070029867));
#14089=CARTESIAN_POINT('Ctrl Pts',(-0.34227128078992,1.2,-0.22938070029867));
#14090=CARTESIAN_POINT('Ctrl Pts',(-0.338932582791115,1.2,-0.226238863025885));
#14091=CARTESIAN_POINT('Ctrl Pts',(-0.332172452259437,1.2,-0.219877332249239));
#14092=CARTESIAN_POINT('Ctrl Pts',(-0.320277124188566,1.2,-0.212204908257405));
#14093=CARTESIAN_POINT('Ctrl Pts',(-0.307284454049006,1.2,-0.20546354123134));
#14094=CARTESIAN_POINT('Ctrl Pts',(-0.292924429904507,1.2,-0.200026132895233));
#14095=CARTESIAN_POINT('Ctrl Pts',(-0.277218040187593,1.2,-0.195915970616751));
#14096=CARTESIAN_POINT('Ctrl Pts',(-0.260250903265205,1.2,-0.192961700606464));
#14097=CARTESIAN_POINT('Ctrl Pts',(-0.2419922243361,1.2,-0.191123920399227));
#14098=CARTESIAN_POINT('Ctrl Pts',(-0.229384233303721,1.2,-0.190879315672283));
#14099=CARTESIAN_POINT('Ctrl Pts',(-0.222876774676664,1.2,-0.190753065967911));
#14100=CARTESIAN_POINT('',(-0.370364105757745,1.2,-0.320682381444101));
#14101=CARTESIAN_POINT('Ctrl Pts',(-0.370364105757745,1.2,-0.320682381444101));
#14102=CARTESIAN_POINT('Ctrl Pts',(-0.370326331570888,1.2,-0.315604410674219));
#14103=CARTESIAN_POINT('Ctrl Pts',(-0.370253198922967,1.2,-0.305773214310654));
#14104=CARTESIAN_POINT('Ctrl Pts',(-0.368641007233302,1.2,-0.291597555423205));
#14105=CARTESIAN_POINT('Ctrl Pts',(-0.366806620660309,1.2,-0.278441688879002));
#14106=CARTESIAN_POINT('Ctrl Pts',(-0.363509959023692,1.2,-0.266491935488587));
#14107=CARTESIAN_POINT('Ctrl Pts',(-0.359801643705317,1.2,-0.255476280015228));
#14108=CARTESIAN_POINT('Ctrl Pts',(-0.354688798747831,1.2,-0.245758498364668));
#14109=CARTESIAN_POINT('Ctrl Pts',(-0.349250755828869,1.2,-0.236786245754347));
#14110=CARTESIAN_POINT('Ctrl Pts',(-0.344574136227179,1.2,-0.231824136305433));
#14111=CARTESIAN_POINT('Ctrl Pts',(-0.34227128078992,1.2,-0.22938070029867));
#14112=CARTESIAN_POINT('',(-0.451130977540241,1.2,-0.320682381444101));
#14113=CARTESIAN_POINT('',(-0.370364105757745,1.2,-0.320682381444101));
#14114=CARTESIAN_POINT('',(-0.405480136967526,1.2,-0.187241462846933));
#14115=CARTESIAN_POINT('Ctrl Pts',(-0.405480136967526,1.2,-0.187241462846933));
#14116=CARTESIAN_POINT('Ctrl Pts',(-0.409130232234709,1.2,-0.191194081403937));
#14117=CARTESIAN_POINT('Ctrl Pts',(-0.4164799482276,1.2,-0.199152948692526));
#14118=CARTESIAN_POINT('Ctrl Pts',(-0.425845903623698,1.2,-0.212647891914983));
#14119=CARTESIAN_POINT('Ctrl Pts',(-0.433683089557189,1.2,-0.227474844873725));
#14120=CARTESIAN_POINT('Ctrl Pts',(-0.440008057002927,1.2,-0.243599547980486));
#14121=CARTESIAN_POINT('Ctrl Pts',(-0.445181493487698,1.2,-0.260979023027116));
#14122=CARTESIAN_POINT('Ctrl Pts',(-0.448501312668119,1.2,-0.279745313868939));
#14123=CARTESIAN_POINT('Ctrl Pts',(-0.450873009298363,1.2,-0.299769041857284));
#14124=CARTESIAN_POINT('Ctrl Pts',(-0.451043180443368,1.2,-0.313564720416272));
#14125=CARTESIAN_POINT('Ctrl Pts',(-0.451130977540241,1.2,-0.320682381444101));
#14126=CARTESIAN_POINT('',(-0.226388377797642,1.2,-0.124032606669327));
#14127=CARTESIAN_POINT('Ctrl Pts',(-0.226388377797642,1.2,-0.124032606669327));
#14128=CARTESIAN_POINT('Ctrl Pts',(-0.23575953785216,1.2,-0.124246341624784));
#14129=CARTESIAN_POINT('Ctrl Pts',(-0.254026456448863,1.2,-0.124662968702959));
#14130=CARTESIAN_POINT('Ctrl Pts',(-0.28062177148104,1.2,-0.127490466063322));
#14131=CARTESIAN_POINT('Ctrl Pts',(-0.305627826937402,1.2,-0.132391858808778));
#14132=CARTESIAN_POINT('Ctrl Pts',(-0.328944863894053,1.2,-0.139448884684527));
#14133=CARTESIAN_POINT('Ctrl Pts',(-0.35069694795143,1.2,-0.148259991350499));
#14134=CARTESIAN_POINT('Ctrl Pts',(-0.370752013134286,1.2,-0.15910773907589));
#14135=CARTESIAN_POINT('Ctrl Pts',(-0.389164043036827,1.2,-0.172015610318931));
#14136=CARTESIAN_POINT('Ctrl Pts',(-0.40004208670254,1.2,-0.182166783102736));
#14137=CARTESIAN_POINT('Ctrl Pts',(-0.405480136967526,1.2,-0.187241462846933));
#14138=CARTESIAN_POINT('',(-0.0543198248697137,1.2,-0.176706653483998));
#14139=CARTESIAN_POINT('Ctrl Pts',(-0.0543198248697137,1.2,-0.176706653483998));
#14140=CARTESIAN_POINT('Ctrl Pts',(-0.0589271442818053,1.2,-0.17243855274397));
#14141=CARTESIAN_POINT('Ctrl Pts',(-0.0683248117365293,1.2,-0.163732798306197));
#14142=CARTESIAN_POINT('Ctrl Pts',(-0.085000875344704,1.2,-0.153243198486474));
#14143=CARTESIAN_POINT('Ctrl Pts',(-0.103436212367367,1.2,-0.144034525364755));
#14144=CARTESIAN_POINT('Ctrl Pts',(-0.12405205120347,1.2,-0.136643167045127));
#14145=CARTESIAN_POINT('Ctrl Pts',(-0.146730072809912,1.2,-0.131040779679199));
#14146=CARTESIAN_POINT('Ctrl Pts',(-0.171462449555631,1.2,-0.126875766454083));
#14147=CARTESIAN_POINT('Ctrl Pts',(-0.198245577790596,1.2,-0.12442002429103));
#14148=CARTESIAN_POINT('Ctrl Pts',(-0.216802100888214,1.2,-0.124164572664192));
#14149=CARTESIAN_POINT('Ctrl Pts',(-0.226388377797642,1.2,-0.124032606669327));
#14150=CARTESIAN_POINT('',(-0.00515738117601999,1.2,-0.296101159597254));
#14151=CARTESIAN_POINT('Ctrl Pts',(-0.00515738117601999,1.2,-0.296101159597254));
#14152=CARTESIAN_POINT('Ctrl Pts',(-0.00530180559014296,1.2,-0.290369986836874));
#14153=CARTESIAN_POINT('Ctrl Pts',(-0.0055875100178708,1.2,-0.279032420098887));
#14154=CARTESIAN_POINT('Ctrl Pts',(-0.00802014804249941,1.2,-0.26240459403241));
#14155=CARTESIAN_POINT('Ctrl Pts',(-0.0117540883207601,1.2,-0.246399205348313));
#14156=CARTESIAN_POINT('Ctrl Pts',(-0.0171260876987292,1.2,-0.231035725058648));
#14157=CARTESIAN_POINT('Ctrl Pts',(-0.0241646561939035,1.2,-0.216372484291506));
#14158=CARTESIAN_POINT('Ctrl Pts',(-0.032715082125935,1.2,-0.202391258874617));
#14159=CARTESIAN_POINT('Ctrl Pts',(-0.0425875789875943,1.2,-0.188933520432125));
#14160=CARTESIAN_POINT('Ctrl Pts',(-0.050364581129963,1.2,-0.180828646786836));
#14161=CARTESIAN_POINT('Ctrl Pts',(-0.0543198248697137,1.2,-0.176706653483998));
#14162=CARTESIAN_POINT('',(-0.0437850155067794,1.2,-0.387402840742686));
#14163=CARTESIAN_POINT('Ctrl Pts',(-0.0437850155067794,1.2,-0.387402840742686));
#14164=CARTESIAN_POINT('Ctrl Pts',(-0.040682638107071,1.2,-0.384167307136003));
#14165=CARTESIAN_POINT('Ctrl Pts',(-0.0346016759594815,1.2,-0.377825345841632));
#14166=CARTESIAN_POINT('Ctrl Pts',(-0.0267506636031906,1.2,-0.367420540842582));
#14167=CARTESIAN_POINT('Ctrl Pts',(-0.020111540045563,1.2,-0.356608433503137));
#14168=CARTESIAN_POINT('Ctrl Pts',(-0.0145817473726296,1.2,-0.345402213515148));
#14169=CARTESIAN_POINT('Ctrl Pts',(-0.0104008323412291,1.2,-0.333696671614651));
#14170=CARTESIAN_POINT('Ctrl Pts',(-0.00743123364065418,1.2,-0.321580237505772));
#14171=CARTESIAN_POINT('Ctrl Pts',(-0.00554124388341425,1.2,-0.30899236424103));
#14172=CARTESIAN_POINT('Ctrl Pts',(-0.00528667384075006,1.2,-0.300443176073115));
#14173=CARTESIAN_POINT('Ctrl Pts',(-0.00515738117601999,1.2,-0.296101159597254));
#14174=CARTESIAN_POINT('',(-0.0964590623214511,1.2,-0.422518871952467));
#14175=CARTESIAN_POINT('Ctrl Pts',(-0.0964590623214511,1.2,-0.422518871952467));
#14176=CARTESIAN_POINT('Ctrl Pts',(-0.0918064002804252,1.2,-0.420596661754761));
#14177=CARTESIAN_POINT('Ctrl Pts',(-0.0823503886109634,1.2,-0.416689985984978));
#14178=CARTESIAN_POINT('Ctrl Pts',(-0.0689862211147562,1.2,-0.408536370846801));
#14179=CARTESIAN_POINT('Ctrl Pts',(-0.0558330157550106,1.2,-0.398973957829962));
#14180=CARTESIAN_POINT('Ctrl Pts',(-0.0478618298934985,1.2,-0.391318286927935));
#14181=CARTESIAN_POINT('Ctrl Pts',(-0.0437850155067794,1.2,-0.387402840742686));
#14182=CARTESIAN_POINT('',(-0.279062424612313,1.2,-0.503285743734964));
#14183=CARTESIAN_POINT('Ctrl Pts',(-0.0964590623214511,1.2,-0.422518871952467));
#14184=CARTESIAN_POINT('Ctrl Pts',(-0.111656142658039,1.2,-0.429294698058611));
#14185=CARTESIAN_POINT('Ctrl Pts',(-0.126853225471175,1.2,-0.436070525283628));
#14186=CARTESIAN_POINT('Ctrl Pts',(-0.142045559181032,1.2,-0.442856987294555));
#14187=CARTESIAN_POINT('Ctrl Pts',(-0.157237893295942,1.2,-0.449643449486419));
#14188=CARTESIAN_POINT('Ctrl Pts',(-0.172423058159357,1.2,-0.456446039690609));
#14189=CARTESIAN_POINT('Ctrl Pts',(-0.187629242529849,1.2,-0.463201411022467));
#14190=CARTESIAN_POINT('Ctrl Pts',(-0.218041168002733,1.2,-0.476711956763632));
#14191=CARTESIAN_POINT('Ctrl Pts',(-0.248553036655919,1.2,-0.489996751910202));
#14192=CARTESIAN_POINT('Ctrl Pts',(-0.279062424612313,1.2,-0.503285743734964));
#14193=CARTESIAN_POINT('',(-0.34227128078992,1.2,-0.538401774944745));
#14194=CARTESIAN_POINT('Ctrl Pts',(-0.34227128078992,1.2,-0.538401774944745));
#14195=CARTESIAN_POINT('Ctrl Pts',(-0.338831438524708,1.2,-0.535402001204419));
#14196=CARTESIAN_POINT('Ctrl Pts',(-0.331215300284114,1.2,-0.528760216571476));
#14197=CARTESIAN_POINT('Ctrl Pts',(-0.316928620858969,1.2,-0.520122190963888));
#14198=CARTESIAN_POINT('Ctrl Pts',(-0.299246432315306,1.2,-0.511457623957598));
#14199=CARTESIAN_POINT('Ctrl Pts',(-0.286125171027659,1.2,-0.506145231236075));
#14200=CARTESIAN_POINT('Ctrl Pts',(-0.279062424612313,1.2,-0.503285743734964));
#14201=CARTESIAN_POINT('',(-0.356317693273832,1.2,-0.58405261551746));
#14202=CARTESIAN_POINT('Ctrl Pts',(-0.356317693273832,1.2,-0.58405261551746));
#14203=CARTESIAN_POINT('Ctrl Pts',(-0.356162152389254,1.2,-0.579137195390596));
#14204=CARTESIAN_POINT('Ctrl Pts',(-0.355871891633703,1.2,-0.569964343096859));
#14205=CARTESIAN_POINT('Ctrl Pts',(-0.353280855973043,1.2,-0.557261093556538));
#14206=CARTESIAN_POINT('Ctrl Pts',(-0.349086584940764,1.2,-0.546488627185089));
#14207=CARTESIAN_POINT('Ctrl Pts',(-0.344457581652287,1.2,-0.540995979346424));
#14208=CARTESIAN_POINT('Ctrl Pts',(-0.34227128078992,1.2,-0.538401774944745));
#14209=CARTESIAN_POINT('',(-0.331736471426985,1.2,-0.64023826545311));
#14210=CARTESIAN_POINT('Ctrl Pts',(-0.331736471426985,1.2,-0.64023826545311));
#14211=CARTESIAN_POINT('Ctrl Pts',(-0.335509831495227,1.2,-0.636123182510083));
#14212=CARTESIAN_POINT('Ctrl Pts',(-0.342796375418715,1.2,-0.628176754904213));
#14213=CARTESIAN_POINT('Ctrl Pts',(-0.350645780765711,1.2,-0.614269928246976));
#14214=CARTESIAN_POINT('Ctrl Pts',(-0.355404869407723,1.2,-0.599447656902214));
#14215=CARTESIAN_POINT('Ctrl Pts',(-0.35601233115254,1.2,-0.589202636971952));
#14216=CARTESIAN_POINT('Ctrl Pts',(-0.356317693273832,1.2,-0.58405261551746));
#14217=CARTESIAN_POINT('',(-0.22989998091862,1.2,-0.668331090420935));
#14218=CARTESIAN_POINT('Ctrl Pts',(-0.22989998091862,1.2,-0.668331090420935));
#14219=CARTESIAN_POINT('Ctrl Pts',(-0.235798636392248,1.2,-0.668271360851326));
#14220=CARTESIAN_POINT('Ctrl Pts',(-0.247178073661689,1.2,-0.668156133085686));
#14221=CARTESIAN_POINT('Ctrl Pts',(-0.263513162223341,1.2,-0.666860190501798));
#14222=CARTESIAN_POINT('Ctrl Pts',(-0.27843778973416,1.2,-0.664713468334354));
#14223=CARTESIAN_POINT('Ctrl Pts',(-0.29189898192889,1.2,-0.661548438303294));
#14224=CARTESIAN_POINT('Ctrl Pts',(-0.304039754872187,1.2,-0.657788386287263));
#14225=CARTESIAN_POINT('Ctrl Pts',(-0.314699731068052,1.2,-0.652882089687046));
#14226=CARTESIAN_POINT('Ctrl Pts',(-0.3240975243915,1.2,-0.6473090617202));
#14227=CARTESIAN_POINT('Ctrl Pts',(-0.329249068617524,1.2,-0.642540666349226));
#14228=CARTESIAN_POINT('Ctrl Pts',(-0.331736471426985,1.2,-0.64023826545311));
#14229=CARTESIAN_POINT('',(-0.131575093531232,1.2,-0.636726662332132));
#14230=CARTESIAN_POINT('Ctrl Pts',(-0.131575093531232,1.2,-0.636726662332132));
#14231=CARTESIAN_POINT('Ctrl Pts',(-0.134327917216162,1.2,-0.639278565598457));
#14232=CARTESIAN_POINT('Ctrl Pts',(-0.13988031261223,1.2,-0.64442570815783));
#14233=CARTESIAN_POINT('Ctrl Pts',(-0.149581192546668,1.2,-0.650785659271483));
#14234=CARTESIAN_POINT('Ctrl Pts',(-0.160250670212068,1.2,-0.656270134062352));
#14235=CARTESIAN_POINT('Ctrl Pts',(-0.172100849574721,1.2,-0.660666528442777));
#14236=CARTESIAN_POINT('Ctrl Pts',(-0.184979037445056,1.2,-0.664175228567747));
#14237=CARTESIAN_POINT('Ctrl Pts',(-0.198997691760505,1.2,-0.6666196924086));
#14238=CARTESIAN_POINT('Ctrl Pts',(-0.214090719969076,1.2,-0.668018818247242));
#14239=CARTESIAN_POINT('Ctrl Pts',(-0.224521203015033,1.2,-0.668224846196545));
#14240=CARTESIAN_POINT('Ctrl Pts',(-0.22989998091862,1.2,-0.668331090420935));
#14241=CARTESIAN_POINT('',(-0.103482268563407,1.2,-0.56649459991257));
#14242=CARTESIAN_POINT('Ctrl Pts',(-0.103482268563407,1.2,-0.56649459991257));
#14243=CARTESIAN_POINT('Ctrl Pts',(-0.103544631754873,1.2,-0.569923956614377));
#14244=CARTESIAN_POINT('Ctrl Pts',(-0.10366746344936,1.2,-0.576678480954502));
#14245=CARTESIAN_POINT('Ctrl Pts',(-0.105016526072246,1.2,-0.586607464796447));
#14246=CARTESIAN_POINT('Ctrl Pts',(-0.10718004320274,1.2,-0.596122077580459));
#14247=CARTESIAN_POINT('Ctrl Pts',(-0.110382456512318,1.2,-0.605144942523579));
#14248=CARTESIAN_POINT('Ctrl Pts',(-0.114227470219633,1.2,-0.613785101369518));
#14249=CARTESIAN_POINT('Ctrl Pts',(-0.119131068485423,1.2,-0.621901572672334));
#14250=CARTESIAN_POINT('Ctrl Pts',(-0.124849955322421,1.2,-0.629644730950818));
#14251=CARTESIAN_POINT('Ctrl Pts',(-0.129312040748532,1.2,-0.634343546324437));
#14252=CARTESIAN_POINT('Ctrl Pts',(-0.131575093531232,1.2,-0.636726662332132));
#14253=CARTESIAN_POINT('',(-0.0227153967809106,1.2,-0.56649459991257));
#14254=CARTESIAN_POINT('',(-0.103482268563407,1.2,-0.56649459991257));
#14255=CARTESIAN_POINT('',(-0.0718778404746043,1.2,-0.682377502904848));
#14256=CARTESIAN_POINT('Ctrl Pts',(-0.0718778404746043,1.2,-0.682377502904848));
#14257=CARTESIAN_POINT('Ctrl Pts',(-0.0679343157893688,1.2,-0.678246452111764));
#14258=CARTESIAN_POINT('Ctrl Pts',(-0.0602282285311489,1.2,-0.670173917914417));
#14259=CARTESIAN_POINT('Ctrl Pts',(-0.0502656430012044,1.2,-0.656968069271642));
#14260=CARTESIAN_POINT('Ctrl Pts',(-0.0417597632824792,1.2,-0.643262228323756));
#14261=CARTESIAN_POINT('Ctrl Pts',(-0.0347138111580375,1.2,-0.629001514908178));
#14262=CARTESIAN_POINT('Ctrl Pts',(-0.0293077861565778,1.2,-0.614124886018174));
#14263=CARTESIAN_POINT('Ctrl Pts',(-0.0256086132249414,1.2,-0.598717000453738));
#14264=CARTESIAN_POINT('Ctrl Pts',(-0.0231403281313034,1.2,-0.582787660396473));
#14265=CARTESIAN_POINT('Ctrl Pts',(-0.0228581047817292,1.2,-0.571966425153809));
#14266=CARTESIAN_POINT('Ctrl Pts',(-0.0227153967809106,1.2,-0.56649459991257));
#14267=CARTESIAN_POINT('',(-0.236923187160576,1.2,-0.738563152840498));
#14268=CARTESIAN_POINT('Ctrl Pts',(-0.236923187160576,1.2,-0.738563152840498));
#14269=CARTESIAN_POINT('Ctrl Pts',(-0.228116274360361,1.2,-0.738386867765616));
#14270=CARTESIAN_POINT('Ctrl Pts',(-0.211025820243634,1.2,-0.738044773770585));
#14271=CARTESIAN_POINT('Ctrl Pts',(-0.186180820821847,1.2,-0.735447911714352));
#14272=CARTESIAN_POINT('Ctrl Pts',(-0.162995508577163,1.2,-0.731041129861575));
#14273=CARTESIAN_POINT('Ctrl Pts',(-0.1413909857305,1.2,-0.725005397393979));
#14274=CARTESIAN_POINT('Ctrl Pts',(-0.121495813965298,1.2,-0.716999529657551));
#14275=CARTESIAN_POINT('Ctrl Pts',(-0.10316619649233,1.2,-0.707390645217129));
#14276=CARTESIAN_POINT('Ctrl Pts',(-0.0864608716862555,1.2,-0.695956279169329));
#14277=CARTESIAN_POINT('Ctrl Pts',(-0.0767155232271592,1.2,-0.686882040458261));
#14278=CARTESIAN_POINT('Ctrl Pts',(-0.0718778404746043,1.2,-0.682377502904848));
#14279=CARTESIAN_POINT('Ctrl Pts',(-0.387922121362635,1.2,-0.689400709146804));
#14280=CARTESIAN_POINT('Ctrl Pts',(-0.383646744891485,1.2,-0.693386522832957));
#14281=CARTESIAN_POINT('Ctrl Pts',(-0.375046382294369,1.2,-0.701404399896362));
#14282=CARTESIAN_POINT('Ctrl Pts',(-0.360032868133578,1.2,-0.711264035351046));
#14283=CARTESIAN_POINT('Ctrl Pts',(-0.343549595548541,1.2,-0.719743531275882));
#14284=CARTESIAN_POINT('Ctrl Pts',(-0.325395743567733,1.2,-0.726806378798666));
#14285=CARTESIAN_POINT('Ctrl Pts',(-0.305530612931055,1.2,-0.732055820928625));
#14286=CARTESIAN_POINT('Ctrl Pts',(-0.284072364536442,1.2,-0.735756901844459));
#14287=CARTESIAN_POINT('Ctrl Pts',(-0.261038342010792,1.2,-0.738158618443626));
#14288=CARTESIAN_POINT('Ctrl Pts',(-0.245123210677778,1.2,-0.738425596536652));
#14289=CARTESIAN_POINT('Ctrl Pts',(-0.236923187160576,1.2,-0.738563152840498));
#14290=CARTESIAN_POINT('Origin',(0.,1.2,0.));
#14291=CARTESIAN_POINT('',(-0.997640470664318,1.2,-0.731539946598541));
#14292=CARTESIAN_POINT('',(-1.10884123616196,1.2,-0.731539946598541));
#14293=CARTESIAN_POINT('',(-0.997640470664318,1.2,-0.731539946598541));
#14294=CARTESIAN_POINT('',(-1.10884123616196,1.2,-0.131055812911283));
#14295=CARTESIAN_POINT('',(-1.10884123616196,1.2,-0.731539946598541));
#14296=CARTESIAN_POINT('',(-1.02573329563214,1.2,-0.131055812911283));
#14297=CARTESIAN_POINT('',(-1.10884123616196,1.2,-0.131055812911283));
#14298=CARTESIAN_POINT('',(-1.02573329563214,1.2,-0.591075821759417));
#14299=CARTESIAN_POINT('',(-1.02573329563214,1.2,-0.131055812911283));
#14300=CARTESIAN_POINT('',(-0.864199552067149,1.2,-0.131055812911283));
#14301=CARTESIAN_POINT('',(-1.02573329563214,1.2,-0.591075821759417));
#14302=CARTESIAN_POINT('',(-0.808013902131499,1.2,-0.131055812911283));
#14303=CARTESIAN_POINT('',(-0.864199552067149,1.2,-0.131055812911283));
#14304=CARTESIAN_POINT('',(-0.648821227313825,1.2,-0.591075821759417));
#14305=CARTESIAN_POINT('',(-0.808013902131499,1.2,-0.131055812911283));
#14306=CARTESIAN_POINT('',(-0.648821227313825,1.2,-0.131055812911283));
#14307=CARTESIAN_POINT('',(-0.648821227313825,1.2,-0.591075821759417));
#14308=CARTESIAN_POINT('',(-0.565713286784009,1.2,-0.131055812911283));
#14309=CARTESIAN_POINT('',(-0.648821227313825,1.2,-0.131055812911283));
#14310=CARTESIAN_POINT('',(-0.565713286784009,1.2,-0.731539946598541));
#14311=CARTESIAN_POINT('',(-0.565713286784009,1.2,-0.131055812911283));
#14312=CARTESIAN_POINT('',(-0.674572983534331,1.2,-0.731539946598541));
#14313=CARTESIAN_POINT('',(-0.565713286784009,1.2,-0.731539946598541));
#14314=CARTESIAN_POINT('',(-0.836106727099324,1.2,-0.264496731508451));
#14315=CARTESIAN_POINT('',(-0.674572983534331,1.2,-0.731539946598541));
#14316=CARTESIAN_POINT('',(-0.836106727099325,1.2,-0.264496731508451));
#14317=CARTESIAN_POINT('Origin',(0.,1.2,0.));
#14318=CARTESIAN_POINT('',(-1.48640360135453,1.2,-0.738563152840498));
#14319=CARTESIAN_POINT('',(-1.72519261358104,1.2,-0.131055812911283));
#14320=CARTESIAN_POINT('',(-1.48640360135453,1.2,-0.738563152840498));
#14321=CARTESIAN_POINT('',(-1.64091413867757,1.2,-0.131055812911283));
#14322=CARTESIAN_POINT('',(-1.72519261358104,1.2,-0.131055812911283));
#14323=CARTESIAN_POINT('',(-1.56717047313703,1.2,-0.313919293951847));
#14324=CARTESIAN_POINT('',(-1.64091413867757,1.2,-0.131055812911283));
#14325=CARTESIAN_POINT('',(-1.33540466715247,1.2,-0.313919293951847));
#14326=CARTESIAN_POINT('',(-1.56717047313703,1.2,-0.313919293951847));
#14327=CARTESIAN_POINT('',(-1.26166100161193,1.2,-0.131055812911283));
#14328=CARTESIAN_POINT('',(-1.33540466715247,1.2,-0.313919293951847));
#14329=CARTESIAN_POINT('',(-1.17738252670846,1.2,-0.131055812911283));
#14330=CARTESIAN_POINT('',(-1.26166100161193,1.2,-0.131055812911283));
#14331=CARTESIAN_POINT('',(-1.41617153893497,1.2,-0.738563152840497));
#14332=CARTESIAN_POINT('',(-1.17738252670846,1.2,-0.131055812911283));
#14333=CARTESIAN_POINT('',(-1.41617153893497,1.2,-0.738563152840498));
#14334=CARTESIAN_POINT('',(-1.54258925129018,1.2,-0.380379634500729));
#14335=CARTESIAN_POINT('',(-1.45128757014475,1.2,-0.62268024984822));
#14336=CARTESIAN_POINT('',(-1.54258925129018,1.2,-0.380379634500729));
#14337=CARTESIAN_POINT('',(-1.35998588899932,1.2,-0.380379634500729));
#14338=CARTESIAN_POINT('',(-1.45128757014475,1.2,-0.622680249848219));
#14339=CARTESIAN_POINT('',(-1.35998588899932,1.2,-0.380379634500729));
#14340=CARTESIAN_POINT('Origin',(0.,1.2,0.));
#14341=CARTESIAN_POINT('Origin',(-3.2525,0.,1.7525));
#14342=CARTESIAN_POINT('',(3.0112450002728,1.04499021086877,1.5112450002728));
#14343=CARTESIAN_POINT('',(3.2525,0.,1.7525));
#14344=CARTESIAN_POINT('',(3.0112450002728,1.04499021086877,1.5112450002728));
#14345=CARTESIAN_POINT('',(-3.0112450002728,1.04499021086877,1.51124500027281));
#14346=CARTESIAN_POINT('',(-3.0112450002728,1.04499021086877,1.51124500027281));
#14347=CARTESIAN_POINT('',(-3.2525,0.,1.7525));
#14348=CARTESIAN_POINT('',(-3.0112450002728,1.04499021086877,1.5112450002728));
#14349=CARTESIAN_POINT('',(-2.51600000000001,4.07113910314431E-18,1.7525));
#14350=CARTESIAN_POINT('',(-3.2525,0.,1.7525));
#14351=CARTESIAN_POINT('',(-2.51600000000001,0.305,1.6820852017067));
#14352=CARTESIAN_POINT('',(-2.51600000000001,0.304999999999996,1.68208520170669));
#14353=CARTESIAN_POINT('',(-2.06400000000001,0.305,1.6820852017067));
#14354=CARTESIAN_POINT('',(-2.51600000000001,0.305,1.68208520170669));
#14355=CARTESIAN_POINT('',(-2.06400000000001,0.,1.75249999999999));
#14356=CARTESIAN_POINT('',(-2.06400000000001,0.304999999999997,1.68208520170669));
#14357=CARTESIAN_POINT('',(-0.226,0.,1.7525));
#14358=CARTESIAN_POINT('',(-2.06400000000001,0.,1.7525));
#14359=CARTESIAN_POINT('',(-0.226,0.305,1.6820852017067));
#14360=CARTESIAN_POINT('',(-0.226,-1.0842021724855E-16,1.7525));
#14361=CARTESIAN_POINT('',(0.226,0.305,1.6820852017067));
#14362=CARTESIAN_POINT('',(0.226,0.305,1.6820852017067));
#14363=CARTESIAN_POINT('',(0.226,0.,1.7525));
#14364=CARTESIAN_POINT('',(0.226,-1.0842021724855E-16,1.7525));
#14365=CARTESIAN_POINT('',(2.084,0.,1.7525));
#14366=CARTESIAN_POINT('',(0.226,0.,1.7525));
#14367=CARTESIAN_POINT('',(2.084,0.305,1.6820852017067));
#14368=CARTESIAN_POINT('',(2.084,0.,1.7525));
#14369=CARTESIAN_POINT('',(2.536,0.305,1.6820852017067));
#14370=CARTESIAN_POINT('',(2.536,0.305,1.6820852017067));
#14371=CARTESIAN_POINT('',(2.536,0.,1.7525));
#14372=CARTESIAN_POINT('',(2.536,0.,1.7525));
#14373=CARTESIAN_POINT('',(2.536,0.,1.7525));
#14374=CARTESIAN_POINT('Origin',(-3.2525,0.,-1.7525));
#14375=CARTESIAN_POINT('',(-3.01124500027281,1.04499021086877,-1.5112450002728));
#14376=CARTESIAN_POINT('',(-3.2525,0.,-1.7525));
#14377=CARTESIAN_POINT('',(-3.01124500027281,1.04499021086877,-1.5112450002728));
#14378=CARTESIAN_POINT('',(3.0112450002728,1.04499021086877,-1.51124500027281));
#14379=CARTESIAN_POINT('',(3.0112450002728,1.04499021086877,-1.51124500027281));
#14380=CARTESIAN_POINT('',(3.2525,0.,-1.7525));
#14381=CARTESIAN_POINT('',(3.0112450002728,1.04499021086877,-1.51124500027281));
#14382=CARTESIAN_POINT('',(1.525,0.,-1.7525));
#14383=CARTESIAN_POINT('',(3.2525,0.,-1.7525));
#14384=CARTESIAN_POINT('',(1.525,0.305,-1.6820852017067));
#14385=CARTESIAN_POINT('',(1.525,0.305,-1.6820852017067));
#14386=CARTESIAN_POINT('',(-1.525,0.305,-1.6820852017067));
#14387=CARTESIAN_POINT('',(1.525,0.305,-1.6820852017067));
#14388=CARTESIAN_POINT('',(-1.525,0.,-1.7525));
#14389=CARTESIAN_POINT('',(-1.525,0.305,-1.6820852017067));
#14390=CARTESIAN_POINT('',(-1.525,0.,-1.7525));
#14391=CARTESIAN_POINT('Origin',(3.2525,0.,-1.7525));
#14392=CARTESIAN_POINT('',(3.0112450002728,1.04499021086877,1.5112450002728));
#14393=CARTESIAN_POINT('',(3.2525,0.,1.7525));
#14394=CARTESIAN_POINT('Origin',(-3.2525,0.,-1.7525));
#14395=CARTESIAN_POINT('',(-3.01124500027281,1.04499021086877,-1.5112450002728));
#14396=CARTESIAN_POINT('',(-3.2525,0.,-1.7525));
#14397=CARTESIAN_POINT('Origin',(0.,1.2,0.));
#14398=CARTESIAN_POINT('',(2.81637098731576,1.2,-1.31637098731576));
#14399=CARTESIAN_POINT('',(-2.81637098731576,1.2,-1.31637098731576));
#14400=CARTESIAN_POINT('',(-2.81637098731576,1.2,-1.31637098731576));
#14401=CARTESIAN_POINT('',(-2.81637098731576,1.2,1.31637098731576));
#14402=CARTESIAN_POINT('',(-2.81637098731576,1.2,1.31637098731576));
#14403=CARTESIAN_POINT('',(2.81637098731576,1.2,1.31637098731576));
#14404=CARTESIAN_POINT('',(2.81637098731576,1.2,1.31637098731576));
#14405=CARTESIAN_POINT('',(2.81637098731576,1.2,-1.31637098731576));
#14406=CARTESIAN_POINT('Origin',(3.2525,0.,-1.7525));
#14407=CARTESIAN_POINT('',(3.14976591494814,-0.444990210868773,1.64976591494814));
#14408=CARTESIAN_POINT('',(3.14976591494814,-0.444990210868773,1.64976591494814));
#14409=CARTESIAN_POINT('',(3.14976591494814,-0.444990210868773,-1.64976591494814));
#14410=CARTESIAN_POINT('',(3.14976591494814,-0.444990210868773,1.64976591494814));
#14411=CARTESIAN_POINT('',(3.14976591494814,-0.444990210868773,-1.64976591494814));
#14412=CARTESIAN_POINT('Origin',(-3.2525,0.,1.7525));
#14413=CARTESIAN_POINT('',(-3.14976591494814,-0.444990210868773,1.64976591494814));
#14414=CARTESIAN_POINT('',(-3.14976591494814,-0.444990210868773,1.64976591494814));
#14415=CARTESIAN_POINT('',(-3.14976591494814,-0.444990210868773,1.64976591494814));
#14416=CARTESIAN_POINT('',(2.536,0.,1.7525));
#14417=CARTESIAN_POINT('',(0.226,0.,1.7525));
#14418=CARTESIAN_POINT('',(-2.51600000000001,0.,1.75249999999998));
#14419=CARTESIAN_POINT('Origin',(-3.2525,0.,-1.7525));
#14420=CARTESIAN_POINT('',(-3.14976591494814,-0.444990210868773,-1.64976591494814));
#14421=CARTESIAN_POINT('',(-3.14976591494814,-0.444990210868773,-1.64976591494814));
#14422=CARTESIAN_POINT('',(-3.14976591494814,-0.444990210868773,-1.64976591494814));
#14423=CARTESIAN_POINT('Origin',(-3.2525,0.,-1.7525));
#14424=CARTESIAN_POINT('',(3.14976591494814,-0.444990210868773,-1.64976591494814));
#14425=CARTESIAN_POINT('',(1.525,0.,-1.7525));
#14426=CARTESIAN_POINT('Origin',(0.,-0.6,0.));
#14427=CARTESIAN_POINT('',(2.9548919019911,-0.6,1.4548919019911));
#14428=CARTESIAN_POINT('',(-2.9548919019911,-0.6,1.4548919019911));
#14429=CARTESIAN_POINT('',(-2.9548919019911,-0.6,1.4548919019911));
#14430=CARTESIAN_POINT('',(-2.9548919019911,-0.6,-1.4548919019911));
#14431=CARTESIAN_POINT('',(-2.9548919019911,-0.6,-1.4548919019911));
#14432=CARTESIAN_POINT('',(2.9548919019911,-0.6,-1.4548919019911));
#14433=CARTESIAN_POINT('',(2.9548919019911,-0.6,-1.4548919019911));
#14434=CARTESIAN_POINT('',(2.9548919019911,-0.6,1.4548919019911));
#14435=CARTESIAN_POINT('Origin',(0.226,-0.269279892557115,2.90357051384949));
#14436=CARTESIAN_POINT('',(0.226,0.276646882811009,1.99070949482311));
#14437=CARTESIAN_POINT('',(0.226,-0.248506104449294,2.86883402127069));
#14438=CARTESIAN_POINT('',(0.226,0.276646882811009,1.99070949482311));
#14439=CARTESIAN_POINT('',(-0.226,0.276646882811009,1.99070949482311));
#14440=CARTESIAN_POINT('',(0.226,0.276646882811009,1.99070949482311));
#14441=CARTESIAN_POINT('',(-0.226,-0.248506104449294,2.86883402127069));
#14442=CARTESIAN_POINT('',(-0.226,0.276646882811009,1.99070949482311));
#14443=CARTESIAN_POINT('',(0.226,-0.248506104449293,2.86883402127069));
#14444=CARTESIAN_POINT('Origin',(0.226,-0.269279892557115,2.90357051384949));
#14445=CARTESIAN_POINT('',(0.226,-0.274912835386599,2.94365098470632));
#14446=CARTESIAN_POINT('',(0.226,-0.353102590381822,3.5));
#14447=CARTESIAN_POINT('',(0.226,-0.274912835386599,2.94365098470632));
#14448=CARTESIAN_POINT('',(-0.226,-0.274912835386599,2.94365098470632));
#14449=CARTESIAN_POINT('',(0.226,-0.274912835386599,2.94365098470632));
#14450=CARTESIAN_POINT('',(-0.226,-0.353102590381822,3.5));
#14451=CARTESIAN_POINT('',(-0.226,-0.274912835386599,2.94365098470632));
#14452=CARTESIAN_POINT('',(0.226,-0.353102590381822,3.5));
#14453=CARTESIAN_POINT('Origin',(0.226,-0.6611,3.5));
#14454=CARTESIAN_POINT('',(-0.226,-0.6611,3.5));
#14455=CARTESIAN_POINT('',(-0.226,-0.353102590381822,3.5));
#14456=CARTESIAN_POINT('',(0.226,-0.6611,3.5));
#14457=CARTESIAN_POINT('',(0.226,-0.6611,3.5));
#14458=CARTESIAN_POINT('',(0.226,-0.353102590381822,3.5));
#14459=CARTESIAN_POINT('Origin',(0.226,-0.562721415708331,2.8));
#14460=CARTESIAN_POINT('',(-0.226,-0.568354358537815,2.84008047085683));
#14461=CARTESIAN_POINT('',(-0.226,-0.6611,3.5));
#14462=CARTESIAN_POINT('',(0.226,-0.568354358537815,2.84008047085683));
#14463=CARTESIAN_POINT('',(0.226,-0.568354358537815,2.84008047085683));
#14464=CARTESIAN_POINT('',(0.226,-0.6611,3.5));
#14465=CARTESIAN_POINT('Origin',(0.226,-0.562721415708331,2.8));
#14466=CARTESIAN_POINT('',(0.226,-0.54194762760051,2.7652635074212));
#14467=CARTESIAN_POINT('',(0.226,-0.0283531171889908,1.9064662670322));
#14468=CARTESIAN_POINT('',(0.226,-0.54194762760051,2.7652635074212));
#14469=CARTESIAN_POINT('',(-0.226,-0.54194762760051,2.7652635074212));
#14470=CARTESIAN_POINT('',(0.226,-0.54194762760051,2.7652635074212));
#14471=CARTESIAN_POINT('',(-0.226,-0.0283531171889908,1.9064662670322));
#14472=CARTESIAN_POINT('',(-0.226,-0.54194762760051,2.7652635074212));
#14473=CARTESIAN_POINT('',(0.226,-0.0283531171889908,1.9064662670322));
#14474=CARTESIAN_POINT('Origin',(0.226,-1.60500051989807E-18,1.85905614425105));
#14475=CARTESIAN_POINT('',(0.226,-7.72926743188663E-19,1.80381468340455));
#14476=CARTESIAN_POINT('',(0.226,-7.72926743188663E-19,1.80381468340455));
#14477=CARTESIAN_POINT('',(-0.226,-7.72926743188663E-19,1.80381468340455));
#14478=CARTESIAN_POINT('',(0.226,-7.72926743188663E-19,1.80381468340455));
#14479=CARTESIAN_POINT('',(-0.226,-7.72926743188663E-19,1.80381468340455));
#14480=CARTESIAN_POINT('Origin',(0.226,0.305,1.94329937204197));
#14481=CARTESIAN_POINT('',(-0.226,0.305,1.88805791119547));
#14482=CARTESIAN_POINT('',(-0.226,0.305,1.6820852017067));
#14483=CARTESIAN_POINT('',(0.226,0.305,1.88805791119547));
#14484=CARTESIAN_POINT('',(0.226,0.305,1.88805791119547));
#14485=CARTESIAN_POINT('',(0.226,0.305,1.6820852017067));
#14486=CARTESIAN_POINT('Origin',(0.226,0.,0.));
#14487=CARTESIAN_POINT('Origin',(0.226,-0.3703007447895,2.86791509104884));
#14488=CARTESIAN_POINT('Origin',(0.226,-0.2,1.80381468340455));
#14489=CARTESIAN_POINT('Origin',(0.226,0.105,1.88805791119547));
#14490=CARTESIAN_POINT('Origin',(0.226,-0.0768592216382844,2.97148560489833));
#14491=CARTESIAN_POINT('Origin',(-0.226,0.,0.));
#14492=CARTESIAN_POINT('Origin',(-0.226,-0.3703007447895,2.86791509104884));
#14493=CARTESIAN_POINT('Origin',(-0.226,-0.0768592216382844,2.97148560489833));
#14494=CARTESIAN_POINT('Origin',(-0.226,0.105,1.88805791119547));
#14495=CARTESIAN_POINT('Origin',(-0.226,-0.2,1.80381468340455));
#14496=CARTESIAN_POINT('Origin',(0.226,-0.269279892557115,-2.90357051384949));
#14497=CARTESIAN_POINT('',(1.525,-0.269279892557115,-2.90357051384949));
#14498=CARTESIAN_POINT('',(-1.525,-0.269279892557115,-2.90357051384949));
#14499=CARTESIAN_POINT('',(1.525,-0.269279892557115,-2.90357051384949));
#14500=CARTESIAN_POINT('',(-1.525,0.305,-1.94329937204197));
#14501=CARTESIAN_POINT('',(-1.525,-0.269279892557115,-2.90357051384949));
#14502=CARTESIAN_POINT('',(1.525,0.305,-1.94329937204197));
#14503=CARTESIAN_POINT('',(1.525,0.305,-1.94329937204197));
#14504=CARTESIAN_POINT('',(1.525,-0.269279892557115,-2.90357051384949));
#14505=CARTESIAN_POINT('Origin',(0.226,0.305,-1.94329937204197));
#14506=CARTESIAN_POINT('',(-1.525,0.305,-1.94329937204197));
#14507=CARTESIAN_POINT('',(1.525,0.305,-1.94329937204197));
#14508=CARTESIAN_POINT('Origin',(0.226,-1.60500051989807E-18,-1.85905614425105));
#14509=CARTESIAN_POINT('',(-1.525,-7.72926743188663E-19,-1.80381468340455));
#14510=CARTESIAN_POINT('',(-1.525,0.,-1.7525));
#14511=CARTESIAN_POINT('',(1.525,-7.72926743188663E-19,-1.80381468340455));
#14512=CARTESIAN_POINT('',(1.525,-7.72926743188663E-19,-1.80381468340455));
#14513=CARTESIAN_POINT('',(1.525,0.,-1.7525));
#14514=CARTESIAN_POINT('Origin',(0.226,-0.562721415708331,-2.8));
#14515=CARTESIAN_POINT('',(-1.525,-0.0283531171889908,-1.9064662670322));
#14516=CARTESIAN_POINT('',(-1.525,-0.54194762760051,-2.7652635074212));
#14517=CARTESIAN_POINT('',(-1.525,-0.0283531171889908,-1.9064662670322));
#14518=CARTESIAN_POINT('',(1.525,-0.54194762760051,-2.7652635074212));
#14519=CARTESIAN_POINT('',(1.525,-0.54194762760051,-2.7652635074212));
#14520=CARTESIAN_POINT('',(1.525,-0.0283531171889908,-1.9064662670322));
#14521=CARTESIAN_POINT('',(1.525,-0.0283531171889908,-1.9064662670322));
#14522=CARTESIAN_POINT('',(1.525,-0.0283531171889907,-1.9064662670322));
#14523=CARTESIAN_POINT('Origin',(0.226,-0.562721415708331,-2.8));
#14524=CARTESIAN_POINT('',(1.525,-0.568354358537815,-2.84008047085683));
#14525=CARTESIAN_POINT('',(1.525,-0.6611,-3.5));
#14526=CARTESIAN_POINT('',(1.525,-0.568354358537815,-2.84008047085683));
#14527=CARTESIAN_POINT('',(-1.525,-0.568354358537815,-2.84008047085683));
#14528=CARTESIAN_POINT('',(1.525,-0.568354358537815,-2.84008047085683));
#14529=CARTESIAN_POINT('',(-1.525,-0.6611,-3.5));
#14530=CARTESIAN_POINT('',(-1.525,-0.568354358537815,-2.84008047085683));
#14531=CARTESIAN_POINT('',(1.525,-0.6611,-3.5));
#14532=CARTESIAN_POINT('Origin',(0.226,-0.6611,-3.5));
#14533=CARTESIAN_POINT('',(-1.525,-0.353102590381822,-3.5));
#14534=CARTESIAN_POINT('',(-1.525,-0.6611,-3.5));
#14535=CARTESIAN_POINT('',(1.525,-0.353102590381822,-3.5));
#14536=CARTESIAN_POINT('',(1.525,-0.353102590381822,-3.5));
#14537=CARTESIAN_POINT('',(1.525,-0.6611,-3.5));
#14538=CARTESIAN_POINT('Origin',(0.226,-0.269279892557115,-2.90357051384949));
#14539=CARTESIAN_POINT('',(-1.525,-0.353102590381822,-3.5));
#14540=CARTESIAN_POINT('',(1.525,-0.353102590381822,-3.5));
#14541=CARTESIAN_POINT('Origin',(-1.525,0.,0.));
#14542=CARTESIAN_POINT('Origin',(-1.525,-0.3703007447895,-2.86791509104884));
#14543=CARTESIAN_POINT('Origin',(-1.525,-0.2,-1.80381468340455));
#14544=CARTESIAN_POINT('Origin',(1.525,0.,0.));
#14545=CARTESIAN_POINT('Origin',(1.525,-0.3703007447895,-2.86791509104884));
#14546=CARTESIAN_POINT('Origin',(1.525,-0.2,-1.80381468340455));
#14547=CARTESIAN_POINT('Origin',(-2.51600000000002,-0.562721415708331,2.79999999999998));
#14548=CARTESIAN_POINT('',(-2.51600000000002,-0.568354358537815,2.84008047085682));
#14549=CARTESIAN_POINT('',(-2.51600000000002,-0.6611,3.49999999999998));
#14550=CARTESIAN_POINT('',(-2.51600000000002,-0.568354358537815,2.84008047085682));
#14551=CARTESIAN_POINT('',(-2.06400000000002,-0.568354358537815,2.84008047085682));
#14552=CARTESIAN_POINT('',(-2.51600000000002,-0.568354358537815,2.84008047085682));
#14553=CARTESIAN_POINT('',(-2.06400000000002,-0.6611,3.49999999999999));
#14554=CARTESIAN_POINT('',(-2.06400000000002,-0.568354358537815,2.84008047085682));
#14555=CARTESIAN_POINT('',(-2.51600000000002,-0.6611,3.49999999999998));
#14556=CARTESIAN_POINT('Origin',(-2.51600000000002,-0.6611,3.49999999999998));
#14557=CARTESIAN_POINT('',(-2.06400000000002,-0.353102590381822,3.49999999999999));
#14558=CARTESIAN_POINT('',(-2.06400000000002,-0.6611,3.49999999999999));
#14559=CARTESIAN_POINT('',(-2.51600000000002,-0.353102590381822,3.49999999999998));
#14560=CARTESIAN_POINT('',(-2.51600000000002,-0.353102590381822,3.49999999999998));
#14561=CARTESIAN_POINT('',(-2.51600000000002,-0.6611,3.49999999999998));
#14562=CARTESIAN_POINT('Origin',(-2.51600000000002,-0.353102590381822,3.49999999999998));
#14563=CARTESIAN_POINT('',(-2.06400000000002,-0.274912835386599,2.94365098470631));
#14564=CARTESIAN_POINT('',(-2.06400000000002,-0.353102590381822,3.49999999999999));
#14565=CARTESIAN_POINT('',(-2.51600000000002,-0.274912835386599,2.94365098470631));
#14566=CARTESIAN_POINT('',(-2.51600000000002,-0.274912835386599,2.94365098470631));
#14567=CARTESIAN_POINT('',(-2.51600000000002,-0.353102590381822,3.49999999999998));
#14568=CARTESIAN_POINT('Origin',(-2.51600000000002,-0.269279892557115,2.90357051384947));
#14569=CARTESIAN_POINT('',(-2.06400000000002,-0.248506104449293,2.86883402127067));
#14570=CARTESIAN_POINT('',(-2.06400000000001,0.276646882811009,1.9907094948231));
#14571=CARTESIAN_POINT('',(-2.06400000000002,-0.248506104449294,2.86883402127067));
#14572=CARTESIAN_POINT('',(-2.51600000000001,0.276646882811009,1.9907094948231));
#14573=CARTESIAN_POINT('',(-2.51600000000001,0.276646882811009,1.9907094948231));
#14574=CARTESIAN_POINT('',(-2.51600000000002,-0.248506104449293,2.86883402127067));
#14575=CARTESIAN_POINT('',(-2.51600000000002,-0.248506104449294,2.86883402127067));
#14576=CARTESIAN_POINT('',(-2.51600000000002,-0.248506104449293,2.86883402127067));
#14577=CARTESIAN_POINT('Origin',(-2.51600000000001,0.305,1.94329937204195));
#14578=CARTESIAN_POINT('',(-2.51600000000001,0.305,1.88805791119545));
#14579=CARTESIAN_POINT('',(-2.51600000000001,0.305,1.88805791119545));
#14580=CARTESIAN_POINT('',(-2.06400000000001,0.305,1.88805791119545));
#14581=CARTESIAN_POINT('',(-2.51600000000001,0.305,1.88805791119545));
#14582=CARTESIAN_POINT('',(-2.06400000000001,0.305,1.88805791119545));
#14583=CARTESIAN_POINT('Origin',(-2.51600000000001,0.,1.75249999999998));
#14584=CARTESIAN_POINT('',(-2.06400000000001,-7.72926743188663E-19,1.80381468340454));
#14585=CARTESIAN_POINT('',(-2.06400000000001,0.,1.75249999999999));
#14586=CARTESIAN_POINT('',(-2.51600000000001,-7.72926743188663E-19,1.80381468340453));
#14587=CARTESIAN_POINT('',(-2.51600000000001,-7.72926743188663E-19,1.80381468340453));
#14588=CARTESIAN_POINT('',(-2.51600000000001,-2.67824807560499E-31,1.7525));
#14589=CARTESIAN_POINT('Origin',(-2.51600000000001,-1.60500051989807E-18,
1.85905614425104));
#14590=CARTESIAN_POINT('',(-2.06400000000001,-0.0283531171889908,1.90646626703218));
#14591=CARTESIAN_POINT('',(-2.06400000000002,-0.541947627600509,2.76526350742118));
#14592=CARTESIAN_POINT('',(-2.06400000000001,-0.0283531171889908,1.90646626703218));
#14593=CARTESIAN_POINT('',(-2.51600000000002,-0.54194762760051,2.76526350742118));
#14594=CARTESIAN_POINT('',(-2.51600000000002,-0.54194762760051,2.76526350742118));
#14595=CARTESIAN_POINT('',(-2.51600000000001,-0.0283531171889909,1.90646626703218));
#14596=CARTESIAN_POINT('',(-2.51600000000001,-0.0283531171889909,1.90646626703218));
#14597=CARTESIAN_POINT('',(-2.51600000000001,-0.0283531171889908,1.90646626703218));
#14598=CARTESIAN_POINT('Origin',(-2.516,0.,-1.71844654079627E-14));
#14599=CARTESIAN_POINT('Origin',(-2.51600000000002,-0.3703007447895,2.86791509104883));
#14600=CARTESIAN_POINT('Origin',(-2.51600000000002,-0.0768592216382844,
2.97148560489832));
#14601=CARTESIAN_POINT('Origin',(-2.51600000000001,0.105,1.88805791119545));
#14602=CARTESIAN_POINT('Origin',(-2.51600000000001,-0.2,1.80381468340453));
#14603=CARTESIAN_POINT('Origin',(-2.064,0.,-1.40281662776485E-14));
#14604=CARTESIAN_POINT('Origin',(-2.06400000000002,-0.3703007447895,2.86791509104883));
#14605=CARTESIAN_POINT('Origin',(-2.06400000000001,-0.2,1.80381468340454));
#14606=CARTESIAN_POINT('Origin',(-2.06400000000001,0.105,1.88805791119545));
#14607=CARTESIAN_POINT('Origin',(-2.06400000000002,-0.0768592216382844,
2.97148560489832));
#14608=CARTESIAN_POINT('Origin',(2.536,-0.6611,3.5));
#14609=CARTESIAN_POINT('',(2.084,-0.6611,3.5));
#14610=CARTESIAN_POINT('',(2.084,-0.568354358537815,2.84008047085683));
#14611=CARTESIAN_POINT('',(2.084,-0.6611,3.5));
#14612=CARTESIAN_POINT('',(2.536,-0.568354358537815,2.84008047085683));
#14613=CARTESIAN_POINT('',(2.536,-0.568354358537815,2.84008047085683));
#14614=CARTESIAN_POINT('',(2.536,-0.6611,3.5));
#14615=CARTESIAN_POINT('',(2.536,-0.6611,3.5));
#14616=CARTESIAN_POINT('',(2.536,-0.6611,3.5));
#14617=CARTESIAN_POINT('Origin',(2.536,-0.562721415708331,2.8));
#14618=CARTESIAN_POINT('',(2.536,-0.54194762760051,2.7652635074212));
#14619=CARTESIAN_POINT('',(2.536,-0.0283531171889908,1.9064662670322));
#14620=CARTESIAN_POINT('',(2.536,-0.54194762760051,2.7652635074212));
#14621=CARTESIAN_POINT('',(2.084,-0.54194762760051,2.7652635074212));
#14622=CARTESIAN_POINT('',(2.536,-0.54194762760051,2.7652635074212));
#14623=CARTESIAN_POINT('',(2.084,-0.0283531171889908,1.9064662670322));
#14624=CARTESIAN_POINT('',(2.084,-0.54194762760051,2.7652635074212));
#14625=CARTESIAN_POINT('',(2.536,-0.0283531171889908,1.9064662670322));
#14626=CARTESIAN_POINT('Origin',(2.536,-1.60500051989807E-18,1.85905614425105));
#14627=CARTESIAN_POINT('',(2.536,-7.72926743188663E-19,1.80381468340455));
#14628=CARTESIAN_POINT('',(2.536,-7.72926743188663E-19,1.80381468340455));
#14629=CARTESIAN_POINT('',(2.084,-7.72926743188663E-19,1.80381468340455));
#14630=CARTESIAN_POINT('',(2.536,-7.72926743188663E-19,1.80381468340455));
#14631=CARTESIAN_POINT('',(2.084,-7.72926743188663E-19,1.80381468340455));
#14632=CARTESIAN_POINT('Origin',(2.536,0.305,1.6820852017067));
#14633=CARTESIAN_POINT('',(2.084,0.305,1.88805791119547));
#14634=CARTESIAN_POINT('',(2.084,0.305,1.6820852017067));
#14635=CARTESIAN_POINT('',(2.536,0.305,1.88805791119547));
#14636=CARTESIAN_POINT('',(2.536,0.305,1.88805791119547));
#14637=CARTESIAN_POINT('',(2.536,0.305,1.6820852017067));
#14638=CARTESIAN_POINT('Origin',(2.536,0.305,1.94329937204197));
#14639=CARTESIAN_POINT('',(2.084,0.276646882811009,1.99070949482311));
#14640=CARTESIAN_POINT('',(2.084,-0.248506104449294,2.86883402127069));
#14641=CARTESIAN_POINT('',(2.084,0.276646882811009,1.99070949482311));
#14642=CARTESIAN_POINT('',(2.536,-0.248506104449294,2.86883402127069));
#14643=CARTESIAN_POINT('',(2.536,-0.248506104449294,2.86883402127069));
#14644=CARTESIAN_POINT('',(2.536,0.276646882811009,1.99070949482311));
#14645=CARTESIAN_POINT('',(2.536,0.276646882811009,1.99070949482311));
#14646=CARTESIAN_POINT('',(2.536,0.276646882811009,1.99070949482311));
#14647=CARTESIAN_POINT('Origin',(2.536,-0.269279892557115,2.90357051384949));
#14648=CARTESIAN_POINT('',(2.536,-0.274912835386599,2.94365098470632));
#14649=CARTESIAN_POINT('',(2.536,-0.353102590381822,3.5));
#14650=CARTESIAN_POINT('',(2.536,-0.274912835386599,2.94365098470632));
#14651=CARTESIAN_POINT('',(2.084,-0.274912835386599,2.94365098470632));
#14652=CARTESIAN_POINT('',(2.536,-0.274912835386599,2.94365098470632));
#14653=CARTESIAN_POINT('',(2.084,-0.353102590381822,3.5));
#14654=CARTESIAN_POINT('',(2.084,-0.274912835386599,2.94365098470632));
#14655=CARTESIAN_POINT('',(2.536,-0.353102590381822,3.5));
#14656=CARTESIAN_POINT('Origin',(2.536,-0.353102590381822,3.5));
#14657=CARTESIAN_POINT('',(2.084,-0.353102590381822,3.5));
#14658=CARTESIAN_POINT('',(2.536,-0.353102590381822,3.5));
#14659=CARTESIAN_POINT('Origin',(2.536,0.,0.));
#14660=CARTESIAN_POINT('Origin',(2.536,-0.3703007447895,2.86791509104884));
#14661=CARTESIAN_POINT('Origin',(2.536,-0.2,1.80381468340455));
#14662=CARTESIAN_POINT('Origin',(2.536,0.105,1.88805791119547));
#14663=CARTESIAN_POINT('Origin',(2.536,-0.0768592216382844,2.97148560489833));
#14664=CARTESIAN_POINT('Origin',(2.084,0.,0.));
#14665=CARTESIAN_POINT('Origin',(2.084,-0.3703007447895,2.86791509104884));
#14666=CARTESIAN_POINT('Origin',(2.084,-0.0768592216382844,2.97148560489833));
#14667=CARTESIAN_POINT('Origin',(2.084,0.105,1.88805791119547));
#14668=CARTESIAN_POINT('Origin',(2.084,-0.2,1.80381468340455));
#14669=CARTESIAN_POINT('Origin',(2.9548919019911,-0.4,-1.7525));
#14670=CARTESIAN_POINT('Origin',(2.9548919019911,-0.4,1.4548919019911));
#14671=CARTESIAN_POINT('Origin',(2.9548919019911,-0.4,-1.4548919019911));
#14672=CARTESIAN_POINT('Origin',(-3.2525,-0.4,-1.4548919019911));
#14673=CARTESIAN_POINT('Origin',(-2.9548919019911,-0.4,-1.4548919019911));
#14674=CARTESIAN_POINT('Origin',(-3.2525,-0.4,1.4548919019911));
#14675=CARTESIAN_POINT('Origin',(-2.9548919019911,-0.4,1.4548919019911));
#14676=CARTESIAN_POINT('Origin',(-2.9548919019911,-0.4,-1.7525));
#14677=CARTESIAN_POINT('Origin',(2.81637098731576,1.,0.));
#14678=CARTESIAN_POINT('Origin',(2.81637098731576,1.,1.31637098731576));
#14679=CARTESIAN_POINT('Origin',(2.81637098731576,1.,-1.31637098731576));
#14680=CARTESIAN_POINT('Origin',(0.,1.,-1.31637098731576));
#14681=CARTESIAN_POINT('Origin',(-2.81637098731576,1.,-1.31637098731576));
#14682=CARTESIAN_POINT('Origin',(0.,1.,1.31637098731576));
#14683=CARTESIAN_POINT('Origin',(-2.81637098731576,1.,1.31637098731576));
#14684=CARTESIAN_POINT('Origin',(-2.81637098731576,1.,6.9695076587113E-16));
#14685=CARTESIAN_POINT('Origin',(0.226,-0.3703007447895,-2.86791509104884));
#14686=CARTESIAN_POINT('Origin',(0.226,-0.2,-1.80381468340455));
#14687=CARTESIAN_POINT('Origin',(-2.51600000000002,-0.3703007447895,2.86791509104883));
#14688=CARTESIAN_POINT('Origin',(-2.51600000000001,-0.2,1.80381468340453));
#14689=CARTESIAN_POINT('Origin',(0.226,-0.3703007447895,2.86791509104884));
#14690=CARTESIAN_POINT('Origin',(0.226,-0.2,1.80381468340455));
#14691=CARTESIAN_POINT('Origin',(2.536,-0.3703007447895,2.86791509104884));
#14692=CARTESIAN_POINT('Origin',(2.536,-0.2,1.80381468340455));
#14693=CARTESIAN_POINT('Origin',(-2.51600000000001,0.105,1.88805791119545));
#14694=CARTESIAN_POINT('Origin',(-2.51600000000002,-0.0768592216382844,
2.97148560489832));
#14695=CARTESIAN_POINT('Origin',(0.226,0.105,1.88805791119547));
#14696=CARTESIAN_POINT('Origin',(0.226,-0.0768592216382844,2.97148560489833));
#14697=CARTESIAN_POINT('Origin',(2.536,-0.0768592216382844,2.97148560489833));
#14698=CARTESIAN_POINT('Origin',(2.536,0.105,1.88805791119547));
#14699=CARTESIAN_POINT('',(0.,0.,0.));
#14700=CARTESIAN_POINT('Origin',(4.5239638010498,6.68901869158878,0.));
#14701=CARTESIAN_POINT('',(5.04357904332047,6.98901869158878,0.));
#14702=CARTESIAN_POINT('',(-4.29565144122086,6.98901869158878,-3.67394039744206E-17));
#14703=CARTESIAN_POINT('',(5.04357904332047,6.98901869158878,0.));
#14704=CARTESIAN_POINT('',(5.1239638010498,6.68901869158878,0.));
#14705=CARTESIAN_POINT('Origin',(4.5239638010498,6.68901869158878,0.));
#14706=CARTESIAN_POINT('',(5.1239638010498,1.88901869158878,0.));
#14707=CARTESIAN_POINT('',(5.1239638010498,1.88901869158878,0.));
#14708=CARTESIAN_POINT('',(6.6239638010498,0.889018691588782,0.));
#14709=CARTESIAN_POINT('',(6.6239638010498,0.889018691588782,0.));
#14710=CARTESIAN_POINT('',(6.6239638010498,-1.11098130841122,0.));
#14711=CARTESIAN_POINT('',(6.6239638010498,-1.11098130841122,0.));
#14712=CARTESIAN_POINT('',(5.6239638010498,-1.11098130841122,0.));
#14713=CARTESIAN_POINT('',(5.6239638010498,-1.11098130841122,0.));
#14714=CARTESIAN_POINT('',(5.6239638010498,-2.11098130841122,0.));
#14715=CARTESIAN_POINT('',(5.6239638010498,-2.11098130841122,0.));
#14716=CARTESIAN_POINT('',(6.6239638010498,-2.71098130841122,0.));
#14717=CARTESIAN_POINT('',(6.6239638010498,-2.71098130841122,0.));
#14718=CARTESIAN_POINT('',(6.6239638010498,-7.11098130841122,0.));
#14719=CARTESIAN_POINT('',(6.6239638010498,-7.11098130841122,0.));
#14720=CARTESIAN_POINT('',(6.0239638010498,-7.71098130841122,0.));
#14721=CARTESIAN_POINT('Origin',(6.0239638010498,-7.11098130841122,0.));
#14722=CARTESIAN_POINT('',(-3.7760361989502,-7.71098130841122,0.));
#14723=CARTESIAN_POINT('',(-3.7760361989502,-7.71098130841122,0.));
#14724=CARTESIAN_POINT('',(-4.3760361989502,-7.11098130841122,0.));
#14725=CARTESIAN_POINT('Origin',(-3.7760361989502,-7.11098130841122,0.));
#14726=CARTESIAN_POINT('',(-4.3760361989502,6.68901869158878,0.));
#14727=CARTESIAN_POINT('',(-4.3760361989502,6.68901869158878,0.));
#14728=CARTESIAN_POINT('Origin',(-3.7760361989502,6.68901869158878,0.));
#14729=CARTESIAN_POINT('',(1.3739638010498,6.88901869158878,0.));
#14730=CARTESIAN_POINT('',(1.3739638010498,3.48901869158878,0.));
#14731=CARTESIAN_POINT('',(1.3739638010498,6.88901869158878,0.));
#14732=CARTESIAN_POINT('',(0.473963801049804,6.88901869158878,0.));
#14733=CARTESIAN_POINT('',(0.473963801049804,6.88901869158878,0.));
#14734=CARTESIAN_POINT('',(0.473963801049803,3.48901869158878,0.));
#14735=CARTESIAN_POINT('',(0.473963801049803,3.48901869158878,0.));
#14736=CARTESIAN_POINT('',(1.3739638010498,3.48901869158878,0.));
#14737=CARTESIAN_POINT('',(3.5739638010498,6.48901869158878,0.));
#14738=CARTESIAN_POINT('',(3.5739638010498,3.48901869158878,0.));
#14739=CARTESIAN_POINT('',(3.5739638010498,6.48901869158878,0.));
#14740=CARTESIAN_POINT('',(2.6739638010498,6.48901869158878,0.));
#14741=CARTESIAN_POINT('',(2.6739638010498,6.48901869158878,0.));
#14742=CARTESIAN_POINT('',(2.6739638010498,3.48901869158878,0.));
#14743=CARTESIAN_POINT('',(2.6739638010498,3.48901869158878,0.));
#14744=CARTESIAN_POINT('',(3.5739638010498,3.48901869158878,0.));
#14745=CARTESIAN_POINT('',(0.273963801049803,6.48901869158878,0.));
#14746=CARTESIAN_POINT('',(0.273963801049803,3.48901869158878,0.));
#14747=CARTESIAN_POINT('',(0.273963801049803,6.48901869158878,0.));
#14748=CARTESIAN_POINT('',(-0.626036198950196,6.48901869158878,0.));
#14749=CARTESIAN_POINT('',(-0.626036198950196,6.48901869158878,0.));
#14750=CARTESIAN_POINT('',(-0.626036198950197,3.48901869158878,0.));
#14751=CARTESIAN_POINT('',(-0.626036198950197,3.48901869158878,0.));
#14752=CARTESIAN_POINT('',(0.273963801049803,3.48901869158878,0.));
#14753=CARTESIAN_POINT('',(-3.0260361989502,6.48901869158878,0.));
#14754=CARTESIAN_POINT('',(-3.0260361989502,3.48901869158878,0.));
#14755=CARTESIAN_POINT('',(-3.0260361989502,6.48901869158878,0.));
#14756=CARTESIAN_POINT('',(-3.9260361989502,6.48901869158878,0.));
#14757=CARTESIAN_POINT('',(-3.9260361989502,6.48901869158878,0.));
#14758=CARTESIAN_POINT('',(-3.9260361989502,3.48901869158878,0.));
#14759=CARTESIAN_POINT('',(-3.9260361989502,3.48901869158878,0.));
#14760=CARTESIAN_POINT('',(-3.0260361989502,3.48901869158878,0.));
#14761=CARTESIAN_POINT('',(-1.9260361989502,6.48901869158878,0.));
#14762=CARTESIAN_POINT('',(-1.9260361989502,3.48901869158878,0.));
#14763=CARTESIAN_POINT('',(-1.9260361989502,6.48901869158878,0.));
#14764=CARTESIAN_POINT('',(-2.8260361989502,6.48901869158878,0.));
#14765=CARTESIAN_POINT('',(-2.8260361989502,6.48901869158878,0.));
#14766=CARTESIAN_POINT('',(-2.8260361989502,3.48901869158878,0.));
#14767=CARTESIAN_POINT('',(-2.8260361989502,3.48901869158878,0.));
#14768=CARTESIAN_POINT('',(-1.9260361989502,3.48901869158878,0.));
#14769=CARTESIAN_POINT('',(2.4739638010498,6.48901869158878,0.));
#14770=CARTESIAN_POINT('',(2.4739638010498,3.48901869158878,0.));
#14771=CARTESIAN_POINT('',(2.4739638010498,6.48901869158878,0.));
#14772=CARTESIAN_POINT('',(1.5739638010498,6.48901869158878,0.));
#14773=CARTESIAN_POINT('',(1.5739638010498,6.48901869158878,0.));
#14774=CARTESIAN_POINT('',(1.5739638010498,3.48901869158878,0.));
#14775=CARTESIAN_POINT('',(1.5739638010498,3.48901869158878,0.));
#14776=CARTESIAN_POINT('',(2.4739638010498,3.48901869158878,0.));
#14777=CARTESIAN_POINT('',(-0.826036198950197,6.88901869158878,0.));
#14778=CARTESIAN_POINT('',(-0.826036198950197,3.48901869158878,0.));
#14779=CARTESIAN_POINT('',(-0.826036198950197,6.88901869158878,0.));
#14780=CARTESIAN_POINT('',(-1.7260361989502,6.88901869158878,0.));
#14781=CARTESIAN_POINT('',(-1.7260361989502,6.88901869158878,0.));
#14782=CARTESIAN_POINT('',(-1.7260361989502,3.48901869158878,0.));
#14783=CARTESIAN_POINT('',(-1.7260361989502,3.48901869158878,0.));
#14784=CARTESIAN_POINT('',(-0.826036198950197,3.48901869158878,0.));
#14785=CARTESIAN_POINT('',(4.6739638010498,3.48901869158878,0.));
#14786=CARTESIAN_POINT('',(3.7739638010498,3.48901869158878,0.));
#14787=CARTESIAN_POINT('',(4.6739638010498,3.48901869158878,0.));
#14788=CARTESIAN_POINT('',(4.6739638010498,6.48901869158878,0.));
#14789=CARTESIAN_POINT('',(4.6739638010498,6.48901869158878,0.));
#14790=CARTESIAN_POINT('',(3.7739638010498,6.48901869158878,0.));
#14791=CARTESIAN_POINT('',(3.7739638010498,6.48901869158878,0.));
#14792=CARTESIAN_POINT('',(3.7739638010498,3.48901869158878,0.));
#14793=CARTESIAN_POINT('Origin',(4.5239638010498,6.68901869158878,0.5));
#14794=CARTESIAN_POINT('',(6.6239638010498,-6.71098130841122,0.5));
#14795=CARTESIAN_POINT('',(-4.3760361989502,-6.71098130841122,0.5));
#14796=CARTESIAN_POINT('Origin',(1.1239638010498,-21.3359813084112,0.5));
#14797=CARTESIAN_POINT('',(6.6239638010498,-2.71098130841122,0.5));
#14798=CARTESIAN_POINT('',(6.6239638010498,-6.71098130841122,0.5));
#14799=CARTESIAN_POINT('',(5.6239638010498,-2.11098130841122,0.5));
#14800=CARTESIAN_POINT('',(6.6239638010498,-2.71098130841122,0.5));
#14801=CARTESIAN_POINT('',(5.6239638010498,-1.11098130841122,0.5));
#14802=CARTESIAN_POINT('',(5.6239638010498,-2.11098130841122,0.5));
#14803=CARTESIAN_POINT('',(6.6239638010498,-1.11098130841122,0.5));
#14804=CARTESIAN_POINT('',(5.6239638010498,-1.11098130841122,0.5));
#14805=CARTESIAN_POINT('',(6.6239638010498,0.889018691588782,0.5));
#14806=CARTESIAN_POINT('',(6.6239638010498,-1.11098130841122,0.5));
#14807=CARTESIAN_POINT('',(5.1239638010498,1.88901869158878,0.5));
#14808=CARTESIAN_POINT('',(6.6239638010498,0.889018691588782,0.5));
#14809=CARTESIAN_POINT('',(5.1239638010498,6.68901869158878,0.5));
#14810=CARTESIAN_POINT('',(5.1239638010498,1.88901869158878,0.5));
#14811=CARTESIAN_POINT('',(4.5239638010498,7.28901869158878,0.5));
#14812=CARTESIAN_POINT('Origin',(4.5239638010498,6.68901869158878,0.5));
#14813=CARTESIAN_POINT('',(-3.7760361989502,7.28901869158878,0.5));
#14814=CARTESIAN_POINT('',(4.5239638010498,7.28901869158878,0.5));
#14815=CARTESIAN_POINT('',(-4.3760361989502,6.68901869158878,0.5));
#14816=CARTESIAN_POINT('Origin',(-3.7760361989502,6.68901869158878,0.5));
#14817=CARTESIAN_POINT('',(-4.3760361989502,6.68901869158878,0.5));
#14818=CARTESIAN_POINT('Origin',(4.5239638010498,6.68901869158878,0.5));
#14819=CARTESIAN_POINT('',(4.5239638010498,7.28901869158878,0.3));
#14820=CARTESIAN_POINT('Origin',(4.5239638010498,6.68901869158878,-0.3));
#14821=CARTESIAN_POINT('',(4.5239638010498,7.28901869158878,0.5));
#14822=CARTESIAN_POINT('',(5.1239638010498,6.68901869158878,0.5));
#14823=CARTESIAN_POINT('Origin',(-3.7760361989502,7.28901869158878,0.5));
#14824=CARTESIAN_POINT('',(-3.7760361989502,7.28901869158878,0.3));
#14825=CARTESIAN_POINT('',(-3.7760361989502,7.28901869158878,0.3));
#14826=CARTESIAN_POINT('',(-3.7760361989502,7.28901869158878,0.5));
#14827=CARTESIAN_POINT('Origin',(-3.7760361989502,6.68901869158878,0.5));
#14828=CARTESIAN_POINT('Origin',(-3.7760361989502,6.68901869158878,-0.3));
#14829=CARTESIAN_POINT('',(-4.3760361989502,6.68901869158878,0.5));
#14830=CARTESIAN_POINT('Origin',(-4.3760361989502,-7.11098130841122,0.5));
#14831=CARTESIAN_POINT('',(-4.3760361989502,-7.03193904756761,0.8));
#14832=CARTESIAN_POINT('',(-4.3760361989502,-7.11098130841122,0.8));
#14833=CARTESIAN_POINT('',(-4.3760361989502,-7.03193904756761,0.8));
#14834=CARTESIAN_POINT('Ctrl Pts',(-4.3760361989502,-7.03193904756761,0.8));
#14835=CARTESIAN_POINT('Ctrl Pts',(-4.3760361989502,-6.92488250962951,0.700075612204494));
#14836=CARTESIAN_POINT('Ctrl Pts',(-4.3760361989502,-6.8178979912916,0.600074015176037));
#14837=CARTESIAN_POINT('Ctrl Pts',(-4.3760361989502,-6.71098130841122,0.5));
#14838=CARTESIAN_POINT('',(-4.3760361989502,-7.11098130841122,0.8));
#14839=CARTESIAN_POINT('Origin',(-3.7760361989502,-7.11098130841122,0.5));
#14840=CARTESIAN_POINT('',(-3.77603619895019,-7.71098130841122,0.8));
#14841=CARTESIAN_POINT('',(-3.7760361989502,-7.71098130841122,0.8));
#14842=CARTESIAN_POINT('Origin',(-3.77603619895018,-7.1109813084112,0.8));
#14843=CARTESIAN_POINT('Origin',(6.0239638010498,-7.71098130841122,0.5));
#14844=CARTESIAN_POINT('',(6.0239638010498,-7.71098130841122,0.8));
#14845=CARTESIAN_POINT('',(6.0239638010498,-7.71098130841122,0.8));
#14846=CARTESIAN_POINT('',(-3.77603619895019,-7.71098130841122,0.8));
#14847=CARTESIAN_POINT('Origin',(6.0239638010498,-7.11098130841122,0.5));
#14848=CARTESIAN_POINT('',(6.6239638010498,-7.11098130841122,0.8));
#14849=CARTESIAN_POINT('',(6.6239638010498,-7.11098130841122,0.8));
#14850=CARTESIAN_POINT('Origin',(6.02396380104981,-7.11098130841122,0.8));
#14851=CARTESIAN_POINT('Origin',(6.6239638010498,-2.71098130841122,0.5));
#14852=CARTESIAN_POINT('',(6.6239638010498,-7.03193904756761,0.8));
#14853=CARTESIAN_POINT('Ctrl Pts',(6.6239638010498,-6.71098130841122,0.5));
#14854=CARTESIAN_POINT('Ctrl Pts',(6.6239638010498,-6.8178979912916,0.600074015176037));
#14855=CARTESIAN_POINT('Ctrl Pts',(6.6239638010498,-6.92488250962951,0.700075612204494));
#14856=CARTESIAN_POINT('Ctrl Pts',(6.6239638010498,-7.03193904756761,0.8));
#14857=CARTESIAN_POINT('',(6.6239638010498,-7.11098130841122,0.8));
#14858=CARTESIAN_POINT('',(6.6239638010498,-2.71098130841122,0.5));
#14859=CARTESIAN_POINT('Origin',(5.6239638010498,-2.11098130841122,0.5));
#14860=CARTESIAN_POINT('',(5.6239638010498,-2.11098130841122,0.5));
#14861=CARTESIAN_POINT('Origin',(5.6239638010498,-1.11098130841122,0.5));
#14862=CARTESIAN_POINT('',(5.6239638010498,-1.11098130841122,0.5));
#14863=CARTESIAN_POINT('Origin',(6.6239638010498,-1.11098130841122,0.5));
#14864=CARTESIAN_POINT('',(6.6239638010498,-1.11098130841122,0.5));
#14865=CARTESIAN_POINT('Origin',(6.6239638010498,0.889018691588782,0.5));
#14866=CARTESIAN_POINT('',(6.6239638010498,0.889018691588782,0.5));
#14867=CARTESIAN_POINT('Origin',(5.1239638010498,1.88901869158878,0.5));
#14868=CARTESIAN_POINT('',(5.1239638010498,1.88901869158878,0.5));
#14869=CARTESIAN_POINT('Origin',(5.1239638010498,6.68901869158878,0.5));
#14870=CARTESIAN_POINT('Origin',(6.02396380104981,-7.11098130841122,0.8));
#14871=CARTESIAN_POINT('Origin',(1.1239638010498,-21.3359813084112,0.8));
#14872=CARTESIAN_POINT('Origin',(-4.8760361989502,7.28901869158878,0.3));
#14873=CARTESIAN_POINT('Origin',(4.6739638010498,6.48901869158878,-0.02));
#14874=CARTESIAN_POINT('',(4.6739638010498,3.48901869158878,-0.02));
#14875=CARTESIAN_POINT('',(4.6739638010498,3.48901869158878,-0.02));
#14876=CARTESIAN_POINT('',(4.6739638010498,6.48901869158878,-0.02));
#14877=CARTESIAN_POINT('',(4.6739638010498,6.48901869158878,-0.02));
#14878=CARTESIAN_POINT('',(4.6739638010498,6.48901869158878,-0.02));
#14879=CARTESIAN_POINT('Origin',(4.6739638010498,3.48901869158878,-0.02));
#14880=CARTESIAN_POINT('',(3.7739638010498,3.48901869158878,-0.02));
#14881=CARTESIAN_POINT('',(3.7739638010498,3.48901869158878,-0.02));
#14882=CARTESIAN_POINT('',(4.6739638010498,3.48901869158878,-0.02));
#14883=CARTESIAN_POINT('Origin',(3.7739638010498,6.48901869158878,-0.02));
#14884=CARTESIAN_POINT('',(3.7739638010498,6.48901869158878,-0.02));
#14885=CARTESIAN_POINT('',(3.7739638010498,6.48901869158878,-0.02));
#14886=CARTESIAN_POINT('',(3.7739638010498,3.48901869158878,-0.02));
#14887=CARTESIAN_POINT('Origin',(4.6739638010498,6.48901869158878,-0.02));
#14888=CARTESIAN_POINT('',(3.7739638010498,6.48901869158878,-0.02));
#14889=CARTESIAN_POINT('Origin',(0.,0.,-0.02));
#14890=CARTESIAN_POINT('Origin',(1.3739638010498,6.88901869158878,-0.02));
#14891=CARTESIAN_POINT('',(1.3739638010498,6.88901869158878,-0.02));
#14892=CARTESIAN_POINT('',(1.3739638010498,6.88901869158878,-0.02));
#14893=CARTESIAN_POINT('',(0.473963801049804,6.88901869158878,-0.02));
#14894=CARTESIAN_POINT('',(0.473963801049804,6.88901869158878,-0.02));
#14895=CARTESIAN_POINT('',(0.473963801049804,6.88901869158878,-0.02));
#14896=CARTESIAN_POINT('Origin',(1.3739638010498,6.48901869158878,-0.02));
#14897=CARTESIAN_POINT('',(1.3739638010498,3.48901869158878,-0.02));
#14898=CARTESIAN_POINT('',(1.3739638010498,3.48901869158878,-0.02));
#14899=CARTESIAN_POINT('',(1.3739638010498,6.88901869158878,-0.02));
#14900=CARTESIAN_POINT('Origin',(1.3739638010498,3.48901869158878,-0.02));
#14901=CARTESIAN_POINT('',(0.473963801049803,3.48901869158878,-0.02));
#14902=CARTESIAN_POINT('',(0.473963801049803,3.48901869158878,-0.02));
#14903=CARTESIAN_POINT('',(1.3739638010498,3.48901869158878,-0.02));
#14904=CARTESIAN_POINT('Origin',(0.473963801049804,6.48901869158878,-0.02));
#14905=CARTESIAN_POINT('',(0.473963801049804,3.48901869158878,-0.02));
#14906=CARTESIAN_POINT('Origin',(0.,0.,-0.02));
#14907=CARTESIAN_POINT('Origin',(-0.826036198950197,6.88901869158878,-0.02));
#14908=CARTESIAN_POINT('',(-0.826036198950197,6.88901869158878,-0.02));
#14909=CARTESIAN_POINT('',(-0.826036198950197,6.88901869158878,-0.02));
#14910=CARTESIAN_POINT('',(-1.7260361989502,6.88901869158878,-0.02));
#14911=CARTESIAN_POINT('',(-1.7260361989502,6.88901869158878,-0.02));
#14912=CARTESIAN_POINT('',(-1.7260361989502,6.88901869158878,-0.02));
#14913=CARTESIAN_POINT('Origin',(-0.826036198950197,6.48901869158878,-0.02));
#14914=CARTESIAN_POINT('',(-0.826036198950197,3.48901869158878,-0.02));
#14915=CARTESIAN_POINT('',(-0.826036198950197,3.48901869158878,-0.02));
#14916=CARTESIAN_POINT('',(-0.826036198950197,6.88901869158878,-0.02));
#14917=CARTESIAN_POINT('Origin',(-0.826036198950197,3.48901869158878,-0.02));
#14918=CARTESIAN_POINT('',(-1.7260361989502,3.48901869158878,-0.02));
#14919=CARTESIAN_POINT('',(-1.7260361989502,3.48901869158878,-0.02));
#14920=CARTESIAN_POINT('',(-0.826036198950197,3.48901869158878,-0.02));
#14921=CARTESIAN_POINT('Origin',(-1.7260361989502,6.88901869158878,-0.02));
#14922=CARTESIAN_POINT('',(-1.7260361989502,3.48901869158878,-0.02));
#14923=CARTESIAN_POINT('Origin',(0.,0.,-0.02));
#14924=CARTESIAN_POINT('Origin',(3.5739638010498,6.48901869158878,-0.02));
#14925=CARTESIAN_POINT('',(3.5739638010498,6.48901869158878,-0.02));
#14926=CARTESIAN_POINT('',(3.5739638010498,6.48901869158878,-0.02));
#14927=CARTESIAN_POINT('',(2.6739638010498,6.48901869158878,-0.02));
#14928=CARTESIAN_POINT('',(2.6739638010498,6.48901869158878,-0.02));
#14929=CARTESIAN_POINT('',(2.6739638010498,6.48901869158878,-0.02));
#14930=CARTESIAN_POINT('Origin',(3.5739638010498,6.48901869158878,-0.02));
#14931=CARTESIAN_POINT('',(3.5739638010498,3.48901869158878,-0.02));
#14932=CARTESIAN_POINT('',(3.5739638010498,3.48901869158878,-0.02));
#14933=CARTESIAN_POINT('',(3.5739638010498,6.48901869158878,-0.02));
#14934=CARTESIAN_POINT('Origin',(3.5739638010498,3.48901869158878,-0.02));
#14935=CARTESIAN_POINT('',(2.6739638010498,3.48901869158878,-0.02));
#14936=CARTESIAN_POINT('',(2.6739638010498,3.48901869158878,-0.02));
#14937=CARTESIAN_POINT('',(3.5739638010498,3.48901869158878,-0.02));
#14938=CARTESIAN_POINT('Origin',(2.6739638010498,6.48901869158878,-0.02));
#14939=CARTESIAN_POINT('',(2.6739638010498,3.48901869158878,-0.02));
#14940=CARTESIAN_POINT('Origin',(0.,0.,-0.02));
#14941=CARTESIAN_POINT('Origin',(2.4739638010498,6.48901869158878,-0.02));
#14942=CARTESIAN_POINT('',(2.4739638010498,6.48901869158878,-0.02));
#14943=CARTESIAN_POINT('',(2.4739638010498,6.48901869158878,-0.02));
#14944=CARTESIAN_POINT('',(1.5739638010498,6.48901869158878,-0.02));
#14945=CARTESIAN_POINT('',(1.5739638010498,6.48901869158878,-0.02));
#14946=CARTESIAN_POINT('',(1.5739638010498,6.48901869158878,-0.02));
#14947=CARTESIAN_POINT('Origin',(2.4739638010498,6.48901869158878,-0.02));
#14948=CARTESIAN_POINT('',(2.4739638010498,3.48901869158878,-0.02));
#14949=CARTESIAN_POINT('',(2.4739638010498,3.48901869158878,-0.02));
#14950=CARTESIAN_POINT('',(2.4739638010498,6.48901869158878,-0.02));
#14951=CARTESIAN_POINT('Origin',(2.4739638010498,3.48901869158878,-0.02));
#14952=CARTESIAN_POINT('',(1.5739638010498,3.48901869158878,-0.02));
#14953=CARTESIAN_POINT('',(1.5739638010498,3.48901869158878,-0.02));
#14954=CARTESIAN_POINT('',(2.4739638010498,3.48901869158878,-0.02));
#14955=CARTESIAN_POINT('Origin',(1.5739638010498,6.48901869158878,-0.02));
#14956=CARTESIAN_POINT('',(1.5739638010498,3.48901869158878,-0.02));
#14957=CARTESIAN_POINT('Origin',(0.,0.,-0.02));
#14958=CARTESIAN_POINT('Origin',(0.273963801049803,6.48901869158878,-0.02));
#14959=CARTESIAN_POINT('',(0.273963801049803,6.48901869158878,-0.02));
#14960=CARTESIAN_POINT('',(0.273963801049803,6.48901869158878,-0.02));
#14961=CARTESIAN_POINT('',(-0.626036198950196,6.48901869158878,-0.02));
#14962=CARTESIAN_POINT('',(-0.626036198950196,6.48901869158878,-0.02));
#14963=CARTESIAN_POINT('',(-0.626036198950196,6.48901869158878,-0.02));
#14964=CARTESIAN_POINT('Origin',(0.273963801049803,6.48901869158878,-0.02));
#14965=CARTESIAN_POINT('',(0.273963801049803,3.48901869158878,-0.02));
#14966=CARTESIAN_POINT('',(0.273963801049803,3.48901869158878,-0.02));
#14967=CARTESIAN_POINT('',(0.273963801049803,6.48901869158878,-0.02));
#14968=CARTESIAN_POINT('Origin',(0.273963801049803,3.48901869158878,-0.02));
#14969=CARTESIAN_POINT('',(-0.626036198950197,3.48901869158878,-0.02));
#14970=CARTESIAN_POINT('',(-0.626036198950197,3.48901869158878,-0.02));
#14971=CARTESIAN_POINT('',(0.273963801049803,3.48901869158878,-0.02));
#14972=CARTESIAN_POINT('Origin',(-0.626036198950196,6.48901869158878,-0.02));
#14973=CARTESIAN_POINT('',(-0.626036198950197,3.48901869158878,-0.02));
#14974=CARTESIAN_POINT('Origin',(0.,0.,-0.02));
#14975=CARTESIAN_POINT('Origin',(-1.9260361989502,6.48901869158878,-0.02));
#14976=CARTESIAN_POINT('',(-1.9260361989502,6.48901869158878,-0.02));
#14977=CARTESIAN_POINT('',(-1.9260361989502,6.48901869158878,-0.02));
#14978=CARTESIAN_POINT('',(-2.8260361989502,6.48901869158878,-0.02));
#14979=CARTESIAN_POINT('',(-2.8260361989502,6.48901869158878,-0.02));
#14980=CARTESIAN_POINT('',(-2.8260361989502,6.48901869158878,-0.02));
#14981=CARTESIAN_POINT('Origin',(-1.9260361989502,6.48901869158878,-0.02));
#14982=CARTESIAN_POINT('',(-1.9260361989502,3.48901869158878,-0.02));
#14983=CARTESIAN_POINT('',(-1.9260361989502,3.48901869158878,-0.02));
#14984=CARTESIAN_POINT('',(-1.9260361989502,6.48901869158878,-0.02));
#14985=CARTESIAN_POINT('Origin',(-1.9260361989502,3.48901869158878,-0.02));
#14986=CARTESIAN_POINT('',(-2.8260361989502,3.48901869158878,-0.02));
#14987=CARTESIAN_POINT('',(-2.8260361989502,3.48901869158878,-0.02));
#14988=CARTESIAN_POINT('',(-1.9260361989502,3.48901869158878,-0.02));
#14989=CARTESIAN_POINT('Origin',(-2.8260361989502,6.48901869158878,-0.02));
#14990=CARTESIAN_POINT('',(-2.8260361989502,3.48901869158878,-0.02));
#14991=CARTESIAN_POINT('Origin',(0.,0.,-0.02));
#14992=CARTESIAN_POINT('Origin',(-3.0260361989502,6.48901869158878,-0.02));
#14993=CARTESIAN_POINT('',(-3.0260361989502,6.48901869158878,-0.02));
#14994=CARTESIAN_POINT('',(-3.0260361989502,6.48901869158878,-0.02));
#14995=CARTESIAN_POINT('',(-3.9260361989502,6.48901869158878,-0.02));
#14996=CARTESIAN_POINT('',(-3.9260361989502,6.48901869158878,-0.02));
#14997=CARTESIAN_POINT('',(-3.9260361989502,6.48901869158878,-0.02));
#14998=CARTESIAN_POINT('Origin',(-3.0260361989502,6.48901869158878,-0.02));
#14999=CARTESIAN_POINT('',(-3.0260361989502,3.48901869158878,-0.02));
#15000=CARTESIAN_POINT('',(-3.0260361989502,3.48901869158878,-0.02));
#15001=CARTESIAN_POINT('',(-3.0260361989502,6.48901869158878,-0.02));
#15002=CARTESIAN_POINT('Origin',(-3.0260361989502,3.48901869158878,-0.02));
#15003=CARTESIAN_POINT('',(-3.9260361989502,3.48901869158878,-0.02));
#15004=CARTESIAN_POINT('',(-3.9260361989502,3.48901869158878,-0.02));
#15005=CARTESIAN_POINT('',(-3.0260361989502,3.48901869158878,-0.02));
#15006=CARTESIAN_POINT('Origin',(-3.9260361989502,6.48901869158878,-0.02));
#15007=CARTESIAN_POINT('',(-3.9260361989502,3.48901869158878,-0.02));
#15008=CARTESIAN_POINT('Origin',(0.,0.,-0.02));
#15009=CARTESIAN_POINT('Origin',(1.1239638010498,-21.3359813084112,0.8));
#15010=CARTESIAN_POINT('',(-11.2744123956745,2.63196132224226,-3.2));
#15011=CARTESIAN_POINT('',(-0.433941807439175,-2.12803867775775,-1.12999999999999));
#15012=CARTESIAN_POINT('',(-21.186960499028,5.44664056852041,-0.36));
#15013=UNCERTAINTY_MEASURE_WITH_UNIT(LENGTH_MEASURE(0.01),#15023,
'DISTANCE_ACCURACY_VALUE',
'Maximum model space distance between geometric entities at asserted c
onnectivities');
#15014=UNCERTAINTY_MEASURE_WITH_UNIT(LENGTH_MEASURE(0.01),#15023,
'DISTANCE_ACCURACY_VALUE',
'Maximum model space distance between geometric entities at asserted c
onnectivities');
#15015=UNCERTAINTY_MEASURE_WITH_UNIT(LENGTH_MEASURE(0.01),#15023,
'DISTANCE_ACCURACY_VALUE',
'Maximum model space distance between geometric entities at asserted c
onnectivities');
#15016=UNCERTAINTY_MEASURE_WITH_UNIT(LENGTH_MEASURE(0.01),#15023,
'DISTANCE_ACCURACY_VALUE',
'Maximum model space distance between geometric entities at asserted c
onnectivities');
#15017=UNCERTAINTY_MEASURE_WITH_UNIT(LENGTH_MEASURE(0.01),#15023,
'DISTANCE_ACCURACY_VALUE',
'Maximum model space distance between geometric entities at asserted c
onnectivities');
#15018=(
GEOMETRIC_REPRESENTATION_CONTEXT(3)
GLOBAL_UNCERTAINTY_ASSIGNED_CONTEXT((#15013))
GLOBAL_UNIT_ASSIGNED_CONTEXT((#15023,#15025,#15026))
REPRESENTATION_CONTEXT('','3D')
);
#15019=(
GEOMETRIC_REPRESENTATION_CONTEXT(3)
GLOBAL_UNCERTAINTY_ASSIGNED_CONTEXT((#15014))
GLOBAL_UNIT_ASSIGNED_CONTEXT((#15023,#15025,#15026))
REPRESENTATION_CONTEXT('','3D')
);
#15020=(
GEOMETRIC_REPRESENTATION_CONTEXT(3)
GLOBAL_UNCERTAINTY_ASSIGNED_CONTEXT((#15015))
GLOBAL_UNIT_ASSIGNED_CONTEXT((#15023,#15025,#15026))
REPRESENTATION_CONTEXT('','3D')
);
#15021=(
GEOMETRIC_REPRESENTATION_CONTEXT(3)
GLOBAL_UNCERTAINTY_ASSIGNED_CONTEXT((#15016))
GLOBAL_UNIT_ASSIGNED_CONTEXT((#15023,#15025,#15026))
REPRESENTATION_CONTEXT('','3D')
);
#15022=(
GEOMETRIC_REPRESENTATION_CONTEXT(3)
GLOBAL_UNCERTAINTY_ASSIGNED_CONTEXT((#15017))
GLOBAL_UNIT_ASSIGNED_CONTEXT((#15023,#15025,#15026))
REPRESENTATION_CONTEXT('','3D')
);
#15023=(
LENGTH_UNIT()
NAMED_UNIT(*)
SI_UNIT(.MILLI.,.METRE.)
);
#15024=(
LENGTH_UNIT()
NAMED_UNIT(*)
SI_UNIT($,.METRE.)
);
#15025=(
NAMED_UNIT(*)
PLANE_ANGLE_UNIT()
SI_UNIT($,.RADIAN.)
);
#15026=(
NAMED_UNIT(*)
SI_UNIT($,.STERADIAN.)
SOLID_ANGLE_UNIT()
);
#15027=SHAPE_DEFINITION_REPRESENTATION(#15031,#15038);
#15028=SHAPE_DEFINITION_REPRESENTATION(#15032,#15039);
#15029=SHAPE_DEFINITION_REPRESENTATION(#15033,#15040);
#15030=SHAPE_DEFINITION_REPRESENTATION(#15034,#15041);
#15031=PRODUCT_DEFINITION_SHAPE('',$,#15043);
#15032=PRODUCT_DEFINITION_SHAPE('',$,#15044);
#15033=PRODUCT_DEFINITION_SHAPE('',$,#15045);
#15034=PRODUCT_DEFINITION_SHAPE('',$,#15046);
#15035=PRODUCT_DEFINITION_SHAPE($,$,#20);
#15036=PRODUCT_DEFINITION_SHAPE($,$,#21);
#15037=PRODUCT_DEFINITION_SHAPE($,$,#22);
#15038=SHAPE_REPRESENTATION('',(#8557,#8992,#8993,#8994),#15018);
#15039=SHAPE_REPRESENTATION('',(#8558),#15019);
#15040=SHAPE_REPRESENTATION('',(#8797),#15020);
#15041=SHAPE_REPRESENTATION('',(#8920),#15021);
#15042=PRODUCT_DEFINITION_CONTEXT('part definition',#15056,'design');
#15043=PRODUCT_DEFINITION('MicroSD Reader Assembly',
'MicroSD Reader Assembly v1',#15047,#15042);
#15044=PRODUCT_DEFINITION('sdreader','sdreader',#15048,#15042);
#15045=PRODUCT_DEFINITION('AMS1117','AMS1117',#15049,#15042);
#15046=PRODUCT_DEFINITION('card sd','card sd',#15050,#15042);
#15047=PRODUCT_DEFINITION_FORMATION('',$,#15058);
#15048=PRODUCT_DEFINITION_FORMATION('',$,#15059);
#15049=PRODUCT_DEFINITION_FORMATION('',$,#15060);
#15050=PRODUCT_DEFINITION_FORMATION('',$,#15061);
#15051=PRODUCT_RELATED_PRODUCT_CATEGORY('MicroSD Reader Assembly v1',
'MicroSD Reader Assembly v1',(#15058));
#15052=PRODUCT_RELATED_PRODUCT_CATEGORY('sdreader','sdreader',(#15059));
#15053=PRODUCT_RELATED_PRODUCT_CATEGORY('AMS1117','AMS1117',(#15060));
#15054=PRODUCT_RELATED_PRODUCT_CATEGORY('card sd','card sd',(#15061));
#15055=APPLICATION_PROTOCOL_DEFINITION('international standard',
'automotive_design',2009,#15056);
#15056=APPLICATION_CONTEXT(
'Core Data for Automotive Mechanical Design Process');
#15057=PRODUCT_CONTEXT('part definition',#15056,'mechanical');
#15058=PRODUCT('MicroSD Reader Assembly','MicroSD Reader Assembly v1',$,
(#15057));
#15059=PRODUCT('sdreader','sdreader',$,(#15057));
#15060=PRODUCT('AMS1117','AMS1117',$,(#15057));
#15061=PRODUCT('card sd','card sd',$,(#15057));
#15062=PRESENTATION_STYLE_ASSIGNMENT((#15072));
#15063=PRESENTATION_STYLE_ASSIGNMENT((#15073));
#15064=PRESENTATION_STYLE_ASSIGNMENT((#15074));
#15065=PRESENTATION_STYLE_ASSIGNMENT((#15075));
#15066=PRESENTATION_STYLE_ASSIGNMENT((#15076));
#15067=PRESENTATION_STYLE_ASSIGNMENT((#15077));
#15068=PRESENTATION_STYLE_ASSIGNMENT((#15078));
#15069=PRESENTATION_STYLE_ASSIGNMENT((#15079));
#15070=PRESENTATION_STYLE_ASSIGNMENT((#15080));
#15071=PRESENTATION_STYLE_ASSIGNMENT((#15081));
#15072=SURFACE_STYLE_USAGE(.BOTH.,#15082);
#15073=SURFACE_STYLE_USAGE(.BOTH.,#15083);
#15074=SURFACE_STYLE_USAGE(.BOTH.,#15084);
#15075=SURFACE_STYLE_USAGE(.BOTH.,#15085);
#15076=SURFACE_STYLE_USAGE(.BOTH.,#15086);
#15077=SURFACE_STYLE_USAGE(.BOTH.,#15087);
#15078=SURFACE_STYLE_USAGE(.BOTH.,#15088);
#15079=SURFACE_STYLE_USAGE(.BOTH.,#15089);
#15080=SURFACE_STYLE_USAGE(.BOTH.,#15090);
#15081=SURFACE_STYLE_USAGE(.BOTH.,#15091);
#15082=SURFACE_SIDE_STYLE('',(#15092));
#15083=SURFACE_SIDE_STYLE('',(#15093));
#15084=SURFACE_SIDE_STYLE('',(#15094));
#15085=SURFACE_SIDE_STYLE('',(#15095));
#15086=SURFACE_SIDE_STYLE('',(#15096));
#15087=SURFACE_SIDE_STYLE('',(#15097));
#15088=SURFACE_SIDE_STYLE('',(#15098));
#15089=SURFACE_SIDE_STYLE('',(#15099));
#15090=SURFACE_SIDE_STYLE('',(#15100));
#15091=SURFACE_SIDE_STYLE('',(#15101));
#15092=SURFACE_STYLE_FILL_AREA(#15102);
#15093=SURFACE_STYLE_FILL_AREA(#15103);
#15094=SURFACE_STYLE_FILL_AREA(#15104);
#15095=SURFACE_STYLE_FILL_AREA(#15105);
#15096=SURFACE_STYLE_FILL_AREA(#15106);
#15097=SURFACE_STYLE_FILL_AREA(#15107);
#15098=SURFACE_STYLE_FILL_AREA(#15108);
#15099=SURFACE_STYLE_FILL_AREA(#15109);
#15100=SURFACE_STYLE_FILL_AREA(#15110);
#15101=SURFACE_STYLE_FILL_AREA(#15111);
#15102=FILL_AREA_STYLE('A\X\E7o - Acetinado',(#15112));
#15103=FILL_AREA_STYLE('Opaque(255,255,255)',(#15113));
#15104=FILL_AREA_STYLE('Opaque(0,110,255)',(#15114));
#15105=FILL_AREA_STYLE('Opaque(113,255,91)',(#15115));
#15106=FILL_AREA_STYLE('Opaque(56,56,56)',(#15116));
#15107=FILL_AREA_STYLE('Opaque(63,63,63)',(#15117));
#15108=FILL_AREA_STYLE('Opaque(10,10,10)',(#15118));
#15109=FILL_AREA_STYLE('Opaque(18,18,18)',(#15119));
#15110=FILL_AREA_STYLE('Opaque(224,0,0)',(#15120));
#15111=FILL_AREA_STYLE('Opaque(255,232,158)',(#15121));
#15112=FILL_AREA_STYLE_COLOUR('A\X\E7o - Acetinado',#15122);
#15113=FILL_AREA_STYLE_COLOUR('Opaque(255,255,255)',#15123);
#15114=FILL_AREA_STYLE_COLOUR('Opaque(0,110,255)',#15124);
#15115=FILL_AREA_STYLE_COLOUR('Opaque(113,255,91)',#15125);
#15116=FILL_AREA_STYLE_COLOUR('Opaque(56,56,56)',#15126);
#15117=FILL_AREA_STYLE_COLOUR('Opaque(63,63,63)',#15127);
#15118=FILL_AREA_STYLE_COLOUR('Opaque(10,10,10)',#15128);
#15119=FILL_AREA_STYLE_COLOUR('Opaque(18,18,18)',#15129);
#15120=FILL_AREA_STYLE_COLOUR('Opaque(224,0,0)',#15130);
#15121=FILL_AREA_STYLE_COLOUR('Opaque(255,232,158)',#15131);
#15122=COLOUR_RGB('A\X\E7o - Acetinado',0.627450980392157,0.627450980392157,
0.627450980392157);
#15123=COLOUR_RGB('Opaque(255,255,255)',1.,1.,1.);
#15124=COLOUR_RGB('Opaque(0,110,255)',0.,0.431372549019608,1.);
#15125=COLOUR_RGB('Opaque(113,255,91)',0.443137254901961,1.,0.356862745098039);
#15126=COLOUR_RGB('Opaque(56,56,56)',0.219607843137255,0.219607843137255,
0.219607843137255);
#15127=COLOUR_RGB('Opaque(63,63,63)',0.250980392156863,0.250980392156863,
0.250980392156863);
#15128=COLOUR_RGB('Opaque(10,10,10)',0.0392156862745098,0.0392156862745098,
0.0392156862745098);
#15129=COLOUR_RGB('Opaque(18,18,18)',0.0705882352941176,0.0705882352941176,
0.0705882352941176);
#15130=COLOUR_RGB('Opaque(224,0,0)',0.87843137254902,0.,0.);
#15131=COLOUR_RGB('Opaque(255,232,158)',1.,0.909803921568627,0.619607843137255);
ENDSEC;
END-ISO-10303-21;
